,chembl_ids,IC50s,SMILES
5567,CHEMBL4780352,0.0,COc1cc2c(cc1OC)C(=O)/C(=C/c1ccc(OCCCCN[N+]3(C)CCN(c4ccc(/C=C5\Cc6cc(OC)c(OC)cc6C5=O)cc4)CC3)cc1)C2.[Br-]
4929,CHEMBL200008,5e-06,COc1ccc2[nH]cc(CCNC(=O)CCCCCNc3c4c(nc5cccc(Cl)c35)CCCC4)c2c1
4919,CHEMBL4448350,5e-06,O=C(CCCCCNc1c2c(nc3c(Cl)cccc13)CCCC2)NCCc1c[nH]c2ccccc12
4913,CHEMBL4443426,5e-06,O=C(CCCCNc1c2c(nc3ccccc13)CCCC2)NCCc1c[nH]c2ccccc12
4925,CHEMBL199454,5e-06,COc1ccc2[nH]cc(CCNC(=O)CCCCCNc3c4c(nc5ccccc35)CCCC4)c2c1
4928,CHEMBL199748,5e-06,COc1ccc2[nH]cc(CCNC(=O)CCCCCNc3c4c(nc5cc(Cl)ccc35)CCCC4)c2c1
4918,CHEMBL381499,5e-06,O=C(CCCCCCNc1c2c(nc3cc(Cl)ccc13)CCCC2)NCCc1c[nH]c2ccccc12
4924,CHEMBL4455677,5e-06,COc1ccc2[nH]cc(CCNC(=O)CCCCNc3c4c(nc5ccccc35)CCCC4)c2c1
4930,CHEMBL4468781,5e-06,COc1ccc2[nH]cc(CCNC(=O)CCCCCNc3c4c(nc5cc(Cl)cc(Cl)c35)CCCC4)c2c1
4931,CHEMBL372202,5e-06,COc1ccc2[nH]cc(CCNC(=O)CCCCCCNc3c4c(nc5cc(Cl)cc(Cl)c35)CCCC4)c2c1
4932,CHEMBL370807,5e-06,O=C(CCCCCNc1c2c(nc3ccccc13)CCCC2)NCCc1c[nH]c2ccc(O)cc12
4933,CHEMBL4579667,5e-06,O=C(CCCCCCCNc1c2c(nc3ccccc13)CCCC2)NCCc1c[nH]c2ccc(O)cc12
4934,CHEMBL4469239,5e-06,S=C(CCCCCNc1c2c(nc3ccccc13)CCCC2)NCCc1c[nH]c2ccccc12
4927,CHEMBL4532770,5e-06,COc1ccc2[nH]cc(CCNC(=O)CCCCCCCNc3c4c(nc5ccccc35)CCCC4)c2c1
4917,CHEMBL383663,5e-06,O=C(CCCCCNc1c2c(nc3cc(Cl)ccc13)CCCC2)NCCc1c[nH]c2ccccc12
4915,CHEMBL199670,5e-06,O=C(CCCCCCNc1c2c(nc3ccccc13)CCCC2)NCCc1c[nH]c2ccccc12
4920,CHEMBL199538,5e-06,O=C(CCCCCNc1c2c(nc3cc(Cl)cc(Cl)c13)CCCC2)NCCc1c[nH]c2ccccc12
4923,CHEMBL4543251,5e-06,O=C(CCCCCNc1c2c(nc3ccc(F)cc13)CCCC2)NCCc1c[nH]c2ccccc12
4921,CHEMBL199585,5e-06,O=C(CCCCCCNc1c2c(nc3cc(Cl)cc(Cl)c13)CCCC2)NCCc1c[nH]c2ccccc12
4935,CHEMBL4467284,5e-06,S=C(CCCCCCCNc1c2c(nc3ccccc13)CCCC2)NCCc1c[nH]c2ccccc12
4922,CHEMBL4590945,5e-06,O=C(CCCCCCCNc1c2c(nc3cc(Cl)cc(Cl)c13)CCCC2)NCCc1c[nH]c2ccccc12
4914,CHEMBL199861,5e-06,O=C(CCCCCNc1c2c(nc3ccccc13)CCCC2)NCCc1c[nH]c2ccccc12
4916,CHEMBL4556734,5e-06,O=C(CCCCCCCNc1c2c(nc3ccccc13)CCCC2)NCCc1c[nH]c2ccccc12
4926,CHEMBL382260,5e-06,COc1ccc2[nH]cc(CCNC(=O)CCCCCCNc3c4c(nc5ccccc35)CCCC4)c2c1
3189,CHEMBL3322232,0.006,Cl.O=C(NCCCNc1c2c(nc3cc(Cl)ccc13)CCCC2)c1ccc2nc(-c3ccc(Cl)cc3)c3c(c2c1)NCCC3
4826,CHEMBL4451843,0.0076,O=C(NCCCCCNc1c2c(nc3ccccc13)CCCC2)c1c2ccccc2nc2ccccc12
994,CHEMBL199585,0.008,O=C(CCCCCCNc1c2c(nc3cc(Cl)cc(Cl)c13)CCCC2)NCCc1c[nH]c2ccccc12
1238,CHEMBL199585,0.008,O=C(CCCCCCNc1c2c(nc3cc(Cl)cc(Cl)c13)CCCC2)NCCc1c[nH]c2ccccc12
5009,CHEMBL4589980,0.008,O=C(CCCCCCNc1c2c(nc3cccc(Cl)c13)CCCC2)NCCc1c[nH]c2ccccc12
4526,CHEMBL4205425,0.01095,COc1ccccc1C(=O)N1Cc2cc(NC(=O)c3cccc(Cl)c3)ccc2CC1=O
4523,CHEMBL4205954,0.01323,O=C(Nc1ccc2c(c1)CN(C(=O)c1ccccc1)C(=O)C2)c1cccc(Cl)c1
4528,CHEMBL4209803,0.01352,Cc1cccc(C(=O)Nc2ccc3c(c2)CN(C(=O)c2cccc(C)c2)C(=O)C3)c1
4524,CHEMBL4217663,0.01415,O=C(Nc1ccc2c(c1)CN(C(=O)c1cccc(Cl)c1)C(=O)C2)c1cccc(Cl)c1
4525,CHEMBL4210316,0.01441,Cc1cccc(C(=O)N2Cc3cc(NC(=O)c4cccc(Cl)c4)ccc3CC2=O)c1
4530,CHEMBL4214430,0.01672,COc1ccccc1C(=O)Nc1ccc2c(c1)CN(C(=O)c1cccc(Cl)c1)C(=O)C2
4522,CHEMBL4213253,0.01893,COc1ccccc1C(=O)N1Cc2cc(NC(=O)c3ccccc3)ccc2CC1=O
1087,CHEMBL225198,0.02,O=C(CCc1c[nH]c2ccccc12)NCCCCCCCNc1c2c(nc3cc(Cl)ccc13)CCCC2
1964,CHEMBL1083983,0.02,O=C(CCc1c[nH]c2ccccc12)NCCCCCCNc1c2c(nc3ccccc13)CCCC2
1250,CHEMBL225567,0.02,O=C(CCc1c[nH]c2ccccc12)NCCCCCCNc1c2c(nc3cc(Cl)ccc13)CCCC2
4527,CHEMBL4214707,0.02094,Cc1cccc(C(=O)Nc2ccc3c(c2)CN(C(=O)c2cccc(Cl)c2)C(=O)C3)c1
4532,CHEMBL4210041,0.02158,COc1ccccc1C(=O)Nc1ccc2c(c1)CN(C(=O)c1ccccc1OC)C(=O)C2
4531,CHEMBL4205144,0.02592,COc1ccccc1C(=O)Nc1ccc2c(c1)CN(C(=O)c1cccc(C)c1)C(=O)C2
4521,CHEMBL4218191,0.02621,Cc1cccc(C(=O)N2Cc3cc(NC(=O)c4ccccc4)ccc3CC2=O)c1
3486,CHEMBL3585778,0.02685,COc1ccc(OC)c(C(C)NS(=O)(=O)NC(=O)OCc2ccccc2)c1
3484,CHEMBL3585776,0.02685,COc1ccc(C(C)NS(=O)(=O)NC(=O)OCc2ccccc2)cc1
3483,CHEMBL3585777,0.02685,COc1ccc(C(C)NS(=O)(=O)NC(=O)OCc2ccccc2)cc1OC
3487,CHEMBL3585779,0.02685,COc1cccc(OC)c1C(C)NS(=O)(=O)NC(=O)OCc1ccccc1
3488,CHEMBL3585780,0.02685,COc1ccccc1C(C)NS(N)(=O)=O
3485,CHEMBL3585775,0.02685,COc1ccccc1C(C)NS(=O)(=O)NC(=O)OCc1ccccc1
3489,CHEMBL3585781,0.02685,COc1ccc(C(C)NS(N)(=O)=O)cc1
3490,CHEMBL3585782,0.02685,COc1ccc(C(C)NS(N)(=O)=O)cc1OC
3491,CHEMBL3585783,0.02685,COc1ccc(OC)c(C(C)NS(N)(=O)=O)c1
3492,CHEMBL3585784,0.02685,COc1cccc(OC)c1C(C)NS(N)(=O)=O
4520,CHEMBL4208866,0.02836,O=C(Nc1ccc2c(c1)CN(C(=O)c1cccc(Cl)c1)C(=O)C2)c1ccccc1
4529,CHEMBL4209518,0.02938,COc1ccccc1C(=O)Nc1ccc2c(c1)CN(C(=O)c1ccccc1)C(=O)C2
2528,CHEMBL2019048,0.035,COc1cc(O)c2c(=O)cc(C(=O)NCCCCCCCCCCNc3c4c(nc5cc(Cl)ccc35)CCCC4)oc2c1.Cl
992,CHEMBL372202,0.04,COc1ccc2[nH]cc(CCNC(=O)CCCCCCNc3c4c(nc5cc(Cl)cc(Cl)c35)CCCC4)c2c1
2141,CHEMBL54126,0.043,CN(C)C(=O)Oc1cccc([N+](C)(C)C)c1.[Br-]
1249,CHEMBL225198,0.06,O=C(CCc1c[nH]c2ccccc12)NCCCCCCCNc1c2c(nc3cc(Cl)ccc13)CCCC2
1965,CHEMBL1083984,0.06,O=C(CCc1c[nH]c2ccccc12)NCCCCCCCNc1c2c(nc3ccccc13)CCCC2
2527,CHEMBL2019049,0.065,Cl.O=C(NCCCCCCCCCCNc1c2c(nc3cc(Cl)ccc13)CCCC2)c1cc(=O)c2c(O)cc(O)cc2o1
6398,CHEMBL5190569,0.068,COc1cc(/C=C/c2nnc(-c3ccc(C(F)(F)F)cc3)o2)ccc1O
1919,CHEMBL307004,0.07,Clc1ccc2c(NCCCCCCCNc3c4c(nc5cc(Cl)ccc35)CCCC4)c3c(nc2c1)CCCC3
1086,CHEMBL225567,0.07,O=C(CCc1c[nH]c2ccccc12)NCCCCCCNc1c2c(nc3cc(Cl)ccc13)CCCC2
2525,CHEMBL2019053,0.09,Cl.O=C(NCCCCCCCCCCNc1c2c(nc3cc(Cl)ccc13)CCCC2)c1cc(=O)c2cc(O)c(O)cc2o1
6399,CHEMBL5197518,0.092,COc1cc(/C=C/c2nnc(-c3ccc(OC(F)(F)F)cc3)o2)ccc1O
996,CHEMBL381499,0.1,O=C(CCCCCCNc1c2c(nc3cc(Cl)ccc13)CCCC2)NCCc1c[nH]c2ccccc12
6580,CHEMBL5417346,0.1,Br.CC[N+](CC)(CCCCCn1c(=O)cc(C)n(CCCCCCn2c(C)cc(=O)n(C)c2=O)c1=O)Cc1ccccc1[N+](=O)[O-]
2537,CHEMBL2019035,0.1,COc1ccc2oc(C(=O)NCCCCCCCCCCNc3c4c(nc5cc(Cl)ccc35)CCCC4)cc(=O)c2c1.Cl
5492,CHEMBL4751100,0.12,COc1cc2c(cc1O)CCC(C)(CCNCCCCCCCCNc1c3c(nc4cc(Cl)ccc14)CCCC3)O2
1088,CHEMBL223443,0.12,O=C(Cc1c[nH]c2ccccc12)NCCCCCCCNc1c2c(nc3cc(Cl)ccc13)CCCC2
1090,CHEMBL225021,0.13,O=C(CCCc1c[nH]c2ccccc12)NCCCCCNc1c2c(nc3cc(Cl)ccc13)CCCC2
3566,CHEMBL3621322,0.14,CC[N+](CC)(CCCCCn1c(C)cc(=O)n(CCCCC[N+](CC)(CC)Cc2ccccc2[N+](=O)[O-])c1=O)Cc1ccccc1[N+](=O)[O-].[Br-].[Br-]
6576,CHEMBL5433692,0.14,CC[N+](CC)(CCCCCn1c(C)cc(=O)n(CCCCC[N+](CC)(CC)Cc2ccccc2)c1=O)Cc1ccccc1.[Br-].[Br-]
6012,CHEMBL5187881,0.15,COc1cc2c(cc1OC)C(=O)/C(=C/c1cc[n+](Cc3ccc(F)cc3)cc1)OC2.[Br-]
6403,CHEMBL5286535,0.19,COc1cc(/C=C/c2nnc(-c3ccc(F)cc3F)o2)ccc1O
1913,CHEMBL32823,0.2,c1ccc2c(NCCCCCCCNc3c4c(nc5ccccc35)CCCC4)c3c(nc2c1)CCCC3
1977,CHEMBL223443,0.2,O=C(Cc1c[nH]c2ccccc12)NCCCCCCCNc1c2c(nc3cc(Cl)ccc13)CCCC2
2533,CHEMBL2019041,0.2,COc1cc2oc(C(=O)NCCCCCCCCCCNc3c4c(nc5cc(Cl)ccc35)CCCC4)cc(=O)c2cc1OC.Cl
6584,CHEMBL5419243,0.2,CC[N+](CC)(CCCCCn1c(=O)cc(C)n(CCCCCCn2c(C)cc(=O)n(C)c2=O)c1=O)Cc1ccccc1C(F)(F)F.[Br-]
6244,CHEMBL5219841,0.209,COc1cccc2c1CCCC2NS(=O)(=O)NC(=O)OCc1ccccc1
6401,CHEMBL5272625,0.22,COc1cc(/C=C/c2nnc(-c3ccc(Cl)cc3Cl)o2)ccc1O
1089,CHEMBL225326,0.23,O=C(Cc1c[nH]c2ccc(Br)cc12)NCCCCCCCNc1c2c(nc3cc(Cl)ccc13)CCCC2
2417,CHEMBL1912059,0.23,O=C(CCCC[C@@H]1CCSS1)NCCCNc1c2c(nc3cc(Cl)ccc13)CCCC2
2458,CHEMBL1940738,0.236,COc1cc2oc(=O)c(OCCCCOc3cc(O)cc(N(C)C)c3)c(C)c2cc1OC
3048,CHEMBL194823,0.25,O=C(CCCCC1CCSS1)NCCCNc1c2c(nc3cc(Cl)ccc13)CCCC2
1239,CHEMBL194823,0.25,O=C(CCCCC1CCSS1)NCCCNc1c2c(nc3cc(Cl)ccc13)CCCC2
4625,CHEMBL194823,0.25,O=C(CCCCC1CCSS1)NCCCNc1c2c(nc3cc(Cl)ccc13)CCCC2
960,CHEMBL194823,0.253,O=C(CCCCC1CCSS1)NCCCNc1c2c(nc3cc(Cl)ccc13)CCCC2
2416,CHEMBL194823,0.253,O=C(CCCCC1CCSS1)NCCCNc1c2c(nc3cc(Cl)ccc13)CCCC2
1494,CHEMBL194823,0.253,O=C(CCCCC1CCSS1)NCCCNc1c2c(nc3cc(Cl)ccc13)CCCC2
5493,CHEMBL4785201,0.27,COc1cc2c(cc1O)CCC(C)(CCNCCCCCCCCCNc1c3c(nc4cc(Cl)ccc14)CCCC3)O2
1336,CHEMBL3216655,0.27,COc1cc2c(cc1OC)C(=O)C(CC1CCN(CCCNc3c4c(nc5cc(Cl)ccc35)CCCC4)CC1)C2.Cl.Cl.Cl
4407,CHEMBL1187434,0.27,COc1cc2c(cc1OC)C(=O)C(CC1CCN(CCCNc3c4c(nc5cc(Cl)ccc35)CCCC4)CC1)C2
6402,CHEMBL5269238,0.284,COc1cc(/C=C/c2nnc(-c3ccc(F)cc3)o2)ccc1O
971,CHEMBL2113367,0.29,CC1=C[C@@H]2Cc3nc4cc(Cl)ccc4c(NCCCN(C)CCCCNc4c5c(nc6cc(Cl)ccc46)CCCC5)c3[C@H](C1)C2.Cl.Cl.Cl
4797,CHEMBL4471659,0.3,NC12CC3CC(F)(CC(C1)c1cc(NC(=O)CCCNc4c5c(nc6cc(Cl)ccc46)CCCC5)ccc13)C2
1920,CHEMBL312310,0.3,Clc1ccc2c(NCCCCCCCCNc3c4c(nc5cc(Cl)ccc35)CCCC4)c3c(nc2c1)CCCC3
1898,CHEMBL340427,0.3,CNC(=O)Oc1cccc(CN(C)CCCOc2ccc3c(=O)c4ccccc4oc3c2)c1
1979,CHEMBL225021,0.3,O=C(CCCc1c[nH]c2ccccc12)NCCCCCNc1c2c(nc3cc(Cl)ccc13)CCCC2
2543,CHEMBL340427,0.3,CNC(=O)Oc1cccc(CN(C)CCCOc2ccc3c(=O)c4ccccc4oc3c2)c1
812,CHEMBL338755,0.3,CN(CCCNc1c2c(nc3ccccc13)CCCC2)CCCNc1c2c(nc3ccccc13)CCCC2
2539,CHEMBL2019032,0.3,Cl.O=C(NCCCCCCCCCCNc1c2c(nc3cc(Cl)ccc13)CCCC2)c1cc(=O)c2ccccc2o1
1257,CHEMBL340427,0.3,CNC(=O)Oc1cccc(CN(C)CCCOc2ccc3c(=O)c4ccccc4oc3c2)c1
6224,CHEMBL340427,0.3,CNC(=O)Oc1cccc(CN(C)CCCOc2ccc3c(=O)c4ccccc4oc3c2)c1
318,CHEMBL340427,0.3,CNC(=O)Oc1cccc(CN(C)CCCOc2ccc3c(=O)c4ccccc4oc3c2)c1
1099,CHEMBL340427,0.3,CNC(=O)Oc1cccc(CN(C)CCCOc2ccc3c(=O)c4ccccc4oc3c2)c1
2662,CHEMBL340427,0.3,CNC(=O)Oc1cccc(CN(C)CCCOc2ccc3c(=O)c4ccccc4oc3c2)c1
2508,CHEMBL2011495,0.31,CC1=CC2Cc3nc4cc(Cl)ccc4c(NCCCN(C)CCCNc4c5c(nc6cc(Cl)ccc46)CCCC5)c3C(C1)C2.Cl
2544,CHEMBL189957,0.32,CNC(=O)Oc1cccc(CN(C)CCCCCCCOc2ccc3c(=O)c4ccccc4oc3c2)c1
4912,CHEMBL140476,0.32,CC1=CC2Cc3nc4cc(Cl)ccc4c(N)c3C(C1)C2
1098,CHEMBL189957,0.32,CNC(=O)Oc1cccc(CN(C)CCCCCCCOc2ccc3c(=O)c4ccccc4oc3c2)c1
625,CHEMBL208599,0.32,CCC1=CC2Cc3nc4cc(Cl)ccc4c(N)c3[C@@H](C1)C2
1888,CHEMBL189957,0.32,CNC(=O)Oc1cccc(CN(C)CCCCCCCOc2ccc3c(=O)c4ccccc4oc3c2)c1
967,CHEMBL2113368,0.32,CC1=C[C@@H]2Cc3nc4cc(Cl)ccc4c(NCCCN(C)CCCCNc4c5c(nc6ccccc46)CCCC5)c3[C@H](C1)C2.Cl.Cl.Cl
636,CHEMBL140476,0.32,CC1=CC2Cc3nc4cc(Cl)ccc4c(N)c3C(C1)C2
2661,CHEMBL2236393,0.32,CNCOc1cccc(CN(C)CCCCCCCOc2ccc3c(=O)c4ccccc4oc3c2)c1
327,CHEMBL543655,0.32,CNC(=O)Oc1cccc(CN(C)CCCCCCCOc2ccc3c(=O)c4ccccc4oc3c2)c1.Cl
354,CHEMBL329012,0.33,O=C(O)/C=C\C(=O)O.O=C1Cc2cc3c(CCC4CCN(Cc5ccccc5)CC4)noc3cc2N1
1750,CHEMBL359570,0.33,O=C1Cc2cc3c(CCC4CCN(Cc5ccccc5)CC4)noc3cc2N1
969,CHEMBL538573,0.33,CC1=CC2Cc3nc4cc(Cl)ccc4c(NCCCCCCCNc4c5c(nc6cc(Cl)ccc46)CCCC5)c3C(C1)C2.Cl.Cl
966,CHEMBL534932,0.33,CC1=CC2Cc3nc4cc(Cl)ccc4c(NCCCCCCCCNc4c5c(nc6ccccc46)CCCC5)c3C(C1)C2.Cl.Cl
5786,CHEMBL3605361,0.33,C[n+]1ccc2c(c1)c1ccccc1n2CCCCCCCCCn1c2ccccc2c2c[n+](C)ccc21.[I-].[I-]
906,CHEMBL359570,0.33,O=C1Cc2cc3c(CCC4CCN(Cc5ccccc5)CC4)noc3cc2N1
6400,CHEMBL5266033,0.334,COc1cc(/C=C/c2nnc(-c3ccc(Cl)cc3)o2)ccc1O
965,CHEMBL557155,0.34,CC1=CC2Cc3nc4cc(Cl)ccc4c(NCCCCCCCNc4c5c(nc6ccccc46)CCCC5)c3C(C1)C2.Cl.Cl
2535,CHEMBL2019038,0.35,COc1cc(OC)c2c(=O)cc(C(=O)NCCCCCCCCCCNc3c4c(nc5cc(Cl)ccc35)CCCC4)oc2c1.Cl
4468,CHEMBL4165327,0.36,COc1cc2c(cc1OC)C(=O)C(Cc1cc[n+](Cc3ccccc3)cc1Br)C2.[Br-]
1449,CHEMBL555300,0.36,CCN(CCCCCCNC1=CC(=O)C(NCCCCCCN(CC)[C@@H](C)c2ccccc2OC)=CC1=O)[C@H](C)c1ccccc1OC
6908,CHEMBL4165327,0.36,COc1cc2c(cc1OC)C(=O)C(Cc1cc[n+](Cc3ccccc3)cc1Br)C2.[Br-]
1349,CHEMBL450553,0.37,CCN(CCCCCCN1C(=O)c2ccc3c4c(ccc(c24)C1=O)C(=O)N(CCCCCCN(CC)Cc1ccccc1OC)C3=O)Cc1ccccc1OC
970,CHEMBL539599,0.4,CC1=CC2Cc3nc4cc(Cl)ccc4c(NCCCCCCCCNc4c5c(nc6cc(Cl)ccc46)CCCC5)c3C(C1)C2.Cl.Cl
6579,CHEMBL5440753,0.4,Br.CC[N+](CC)(CCCCCn1c(=O)cc(C)n(CCCCCn2c(C)cc(=O)n(C)c2=O)c1=O)Cc1ccccc1[N+](=O)[O-]
2733,CHEMBL32823,0.4,c1ccc2c(NCCCCCCCNc3c4c(nc5ccccc35)CCCC4)c3c(nc2c1)CCCC3
5877,CHEMBL4854913,0.41,CC1=CC2Cc3nc4cc(Cl)ccc4c(NCCCCCCCCC(=O)N4CCNC(=O)C4)c3C(C1)C2
2500,CHEMBL2011487,0.42,CC1=CC2Cc3nc4cc(Cl)ccc4c(NCCCN(C)CCCNc4c5c(nc6ccccc46)CCCC5)c3C(C1)C2.Cl
4660,CHEMBL4280612,0.43,Nc1c2c(nc3cc(Cl)ccc13)C[C@H]1C=C(CCCCn3cc(CO)nn3)C[C@H]2C1
549,CHEMBL94,0.43,CNC(=O)Oc1ccc2c(c1)[C@]1(C)CCN(C)[C@@H]1N2C
6734,CHEMBL5560860,0.43,COc1cc2c(cc1OC)C(c1ccccc1)N(CCc1cn(CCCCC3=C[C@H]4Cc5nc6cc(Cl)ccc6c(N)c5[C@H](C3)C4)nn1)CC2
4041,CHEMBL1161905,0.43,CC1=C[C@@H]2Cc3nc4cc(Cl)ccc4c(N)c3[C@H](C1)C2
2513,CHEMBL1994202,0.43,CC1=C[C@@H]2Cc3nc4cc(Cl)ccc4c(N)c3[C@H](C1)C2.Cl
5491,CHEMBL4796461,0.44,COc1cc2c(cc1O)CCC(C)(CCNCCCCCCCNc1c3c(nc4cc(Cl)ccc14)CCCC3)O2
991,CHEMBL370807,0.45,O=C(CCCCCNc1c2c(nc3ccccc13)CCCC2)NCCc1c[nH]c2ccc(O)cc12
968,CHEMBL555214,0.45,CC1=CC2Cc3nc4cc(Cl)ccc4c(NCCCCCCNc4c5c(nc6cc(Cl)ccc46)CCCC5)c3C(C1)C2.Cl.Cl
2418,CHEMBL1912058,0.471,O=C(CCCC[C@H]1CCSS1)NCCCNc1c2c(nc3cc(Cl)ccc13)CCCC2
1753,CHEMBL1083069,0.48,O=C1CNc2cc3onc(CCC4CCN(Cc5ccccc5)CC4)c3cc2C1
867,CHEMBL426441,0.48,CN1C(=O)Cc2cc3onc(CCC4CCN(Cc5ccccc5)CC4)c3cc21
349,CHEMBL94546,0.48,CN1C(=O)Cc2cc3c(CCC4CCN(Cc5ccccc5)CC4)noc3cc21.CS(=O)(=O)O
7256,CHEMBL6190210,0.48,FC(F)(F)c1cccc(-c2cc(-c3cccs3)n(-c3ccc(Br)cc3)n2)c1
1966,CHEMBL389192,0.5,O=C(CCc1c[nH]c2ccccc12)NCCCCCCCCNc1c2c(nc3cc(Cl)ccc13)CCCC2
989,CHEMBL199670,0.5,O=C(CCCCCCNc1c2c(nc3ccccc13)CCCC2)NCCc1c[nH]c2ccccc12
6583,CHEMBL5426103,0.5,CC[N+](CC)(CCCCCn1c(=O)cc(C)n(CCCCCn2c(C)cc(=O)n(C)c2=O)c1=O)Cc1ccccc1C(F)(F)F.[Br-]
1980,CHEMBL427082,0.5,O=C(CCCc1c[nH]c2ccccc12)NCCCCCCNc1c2c(nc3cc(Cl)ccc13)CCCC2
2009,CHEMBL3215816,0.5,Cc1ccc2ccc(CNCCCCCCCCNc3c4c(nc5ccccc35)CCCC4)c(O)c2n1.Cl.Cl
1451,CHEMBL540178,0.5,CCN(CCCCCCNC1=CC(=O)C(NCCCCCCN(CC)[C@H](C)c2ccccc2OC)=CC1=O)[C@H](C)c1ccccc1OC
964,CHEMBL555666,0.5,CC1=CC2Cc3nc4cc(Cl)ccc4c(NCCCCCCNc4c5c(nc6ccccc46)CCCC5)c3C(C1)C2.Cl.Cl
6321,CHEMBL5280980,0.5,C[n+]1ccc2c3ccccc3n(CCc3ccccc3)c2c1
4519,CHEMBL4213792,0.51,O=C(Nc1ccc2c(c1)CN(C(=O)c1ccccc1)C(=O)C2)c1ccccc1
6458,CHEMBL5219771,0.52,CNC(=O)Oc1cccc(CN(C)CCCCCCCOc2cccc(-c3cc(=O)c4ccccc4o3)c2)c1
6231,CHEMBL5219771,0.52,CNC(=O)Oc1cccc(CN(C)CCCCCCCOc2cccc(-c3cc(=O)c4ccccc4o3)c2)c1
6228,CHEMBL5220283,0.52,CNC(=O)Oc1cccc(CN(C)CCCCCCOc2ccc3c(c2)O/C(=C\c2cc(OC)c(OC)c(OC)c2)C3=O)c1
1951,CHEMBL1085932,0.52,CNC(=O)Oc1cccc(CN(C)CCCCCCCOc2ccc3c(c2)O/C(=C\c2cc(O)c(O)c(O)c2)C3=O)c1
3288,CHEMBL395280,0.54,C/C=C1\[C@H]2C=C(C)C[C@]1(N)c1ccc(=O)[nH]c1C2
1775,CHEMBL128202,0.56,CCN(CCCOc1ccc2c(=O)c3ccccc3oc2c1)Cc1cccc(OC(=O)NC)c1
2659,CHEMBL128202,0.56,CCN(CCCOc1ccc2c(=O)c3ccccc3oc2c1)Cc1cccc(OC(=O)NC)c1
1751,CHEMBL329231,0.57,O=C1CCc2cc3c(CCC4CCN(Cc5ccccc5)CC4)noc3cc2N1
368,CHEMBL329231,0.57,O=C1CCc2cc3c(CCC4CCN(Cc5ccccc5)CC4)noc3cc2N1
865,CHEMBL329231,0.57,O=C1CCc2cc3c(CCC4CCN(Cc5ccccc5)CC4)noc3cc2N1
5908,CHEMBL5082250,0.58,N#Cc1ccc2[nH]cc(CCCCN3CCN(c4ccc(C(=O)CCC5CCN(Cc6ccccc6)CC5)cc4)CC3)c2c1
951,CHEMBL32823,0.59,c1ccc2c(NCCCCCCCNc3c4c(nc5ccccc35)CCCC4)c3c(nc2c1)CCCC3
1978,CHEMBL225326,0.6,O=C(Cc1c[nH]c2ccc(Br)cc12)NCCCCCCCNc1c2c(nc3cc(Cl)ccc13)CCCC2
6578,CHEMBL5434553,0.6,Br.CC[N+](CC)(CCCCCn1c(=O)cc(C)n(CCCCn2c(C)cc(=O)n(C)c2=O)c1=O)Cc1ccccc1[N+](=O)[O-]
1918,CHEMBL73160,0.6,Clc1ccc2c(NCCCCCCNc3c4c(nc5cc(Cl)ccc35)CCCC4)c3c(nc2c1)CCCC3
1916,CHEMBL74927,0.6,Fc1ccc2c(NCCCCCCCNc3c4c(nc5cc(F)ccc35)CCCC4)c3c(nc2c1)CCCC3
6320,CHEMBL1198953,0.6,C[n+]1ccc2c3ccccc3n(CCCCCCCCCn3c4ccccc4c4cc[n+](C)cc43)c2c1
3146,CHEMBL140476,0.61,CC1=CC2Cc3nc4cc(Cl)ccc4c(N)c3C(C1)C2
5878,CHEMBL4848527,0.63,CC1=CC2Cc3nc4cc(Cl)ccc4c(NCCCCCCCCC(=O)NCc4cc[nH]c(=O)c4)c3C(C1)C2
993,CHEMBL382260,0.65,COc1ccc2[nH]cc(CCNC(=O)CCCCCCNc3c4c(nc5ccccc35)CCCC4)c2c1
1337,CHEMBL3216422,0.67,COc1cc2c(cc1OC)C(=O)C(CC1CCN(CCNc3c4c(nc5cc(Cl)ccc35)CCCC4)CC1)C2.Cl.Cl.Cl
2512,CHEMBL536047,0.69,CC1=CC2Cc3nc4cc(Cl)ccc4c(N)c3C(C1)C2.Cl
4040,CHEMBL140476,0.69,CC1=CC2Cc3nc4cc(Cl)ccc4c(N)c3C(C1)C2
1984,CHEMBL1084544,0.7,O=C(CCOCCc1c[nH]c2ccccc12)NCCCCCCNc1c2c(nc3cc(Cl)ccc13)CCCC2
2154,CHEMBL1669479,0.7,C[N+](C)(CCNC(=O)C(=O)NCC[N+](C)(C)Cc1ccccc1Cl)Cc1ccccc1Cl.[Cl-].[Cl-]
1971,CHEMBL223170,0.7,N#Cc1ccc2[nH]cc(CCC(=O)NCCCCCCNc3c4c(nc5cc(Cl)ccc35)CCCC4)c2c1
3225,CHEMBL140476,0.7,CC1=CC2Cc3nc4cc(Cl)ccc4c(N)c3C(C1)C2
2198,CHEMBL1669479,0.7,C[N+](C)(CCNC(=O)C(=O)NCC[N+](C)(C)Cc1ccccc1Cl)Cc1ccccc1Cl.[Cl-].[Cl-]
2923,CHEMBL1669479,0.7,C[N+](C)(CCNC(=O)C(=O)NCC[N+](C)(C)Cc1ccccc1Cl)Cc1ccccc1Cl.[Cl-].[Cl-]
1917,CHEMBL312761,0.7,Fc1ccc2c(NCCCCCCCCNc3c4c(nc5cc(F)ccc35)CCCC4)c3c(nc2c1)CCCC3
1781,CHEMBL131579,0.7,CNC(=O)Oc1cccc(CN(CCCOc2ccc3c(=O)c4ccccc4oc3c2)C(C)C)c1
5008,CHEMBL3356536,0.72,O=C1C(NCCNc2c3c(nc4cc(Cl)ccc24)CCCC3)=CC(=O)c2c(O)cccc21
3317,CHEMBL3356536,0.72,O=C1C(NCCNc2c3c(nc4cc(Cl)ccc24)CCCC3)=CC(=O)c2c(O)cccc21
6230,CHEMBL5218632,0.73,CNC(=O)Oc1cccc(CN(C)CCCCCCCOc2ccc(-c3cc(=O)c4ccccc4o3)cc2)c1
5010,CHEMBL4448188,0.73,O=C(CCCCCNc1c2c(nc3cc(Cl)ccc13)CCCC2)NCCc1cc2ccccc2[nH]1
6189,CHEMBL2007996,0.74,CC1=C[C@@H]2Cc3nc4cc(Cl)ccc4c(N)c3[C@H](C1)C2
7158,CHEMBL2007996,0.74,CC1=C[C@@H]2Cc3nc4cc(Cl)ccc4c(N)c3[C@H](C1)C2
2504,CHEMBL2011491,0.74,CC1=CC2Cc3nc4cc(Cl)ccc4c(NCCCCCCNc4c5c(nc6cc(Cl)ccc46)CCCC5)c3C(C1)C2.Cl
3075,CHEMBL2007996,0.74,CC1=C[C@@H]2Cc3nc4cc(Cl)ccc4c(N)c3[C@H](C1)C2
602,CHEMBL208599,0.75,CCC1=CC2Cc3nc4cc(Cl)ccc4c(N)c3[C@@H](C1)C2
5430,CHEMBL4754487,0.77,COc1cc(CNC(=O)CCCCCCNc2c3c(nc4cc(Cl)ccc24)CC2C=C(C)CC3C2)ccc1O
2538,CHEMBL2019034,0.775,COc1ccc2oc(C(=O)NCCCCCCCCCCNc3c4c(nc5ccccc35)CCCC4)cc(=O)c2c1.Cl
4910,CHEMBL140476,0.78,CC1=CC2Cc3nc4cc(Cl)ccc4c(N)c3C(C1)C2
613,CHEMBL140476,0.78,CC1=CC2Cc3nc4cc(Cl)ccc4c(N)c3C(C1)C2
975,CHEMBL536047,0.78,CC1=CC2Cc3nc4cc(Cl)ccc4c(N)c3C(C1)C2.Cl
1043,CHEMBL536047,0.78,CC1=CC2Cc3nc4cc(Cl)ccc4c(N)c3C(C1)C2.Cl
2335,CHEMBL1814731,0.784,Cl.O=C(NCCCCNc1c2c(nc3ccccc13)CCCC2)c1ccc(F)cc1
4249,CHEMBL4076580,0.8,COc1cc2c(cc1OC)C(=O)/C(=C/c1cc[n+](Cc3ccccc3F)cc1)C2.[Br-]
6066,CHEMBL5185868,0.8,O=C(COc1ccc(Cl)cc1[N+](=O)[O-])NCCN1CCN(Cc2ccccc2)CC1
5001,CHEMBL4583650,0.8,O=C(Nc1ccc(-c2cn(CCNc3c4c(nc5ccccc35)CCCC4)nn2)cn1)Nc1cccc2c1C1CCCCN1C2=O
1668,CHEMBL93936,0.8,c1ccc(CN2CCC(CCc3noc4cc(N5CCOCC5)ccc34)CC2)cc1
1526,CHEMBL603622,0.8,CO[P@]1(=O)OC[C@H]2COC(=O)C2=C(C)O1
2892,CHEMBL92663,0.8,NC(=O)c1ccc2c(CCC3CCN(Cc4ccccc4)CC3)noc2c1
5419,CHEMBL4753347,0.8,NC(=O)c1sc(-c2ccnc(NC(=O)CNCCNc3c4c(nc5ccccc35)CCCC4)c2)nc1OCC1CC1
854,CHEMBL93936,0.8,c1ccc(CN2CCC(CCc3noc4cc(N5CCOCC5)ccc34)CC2)cc1
439,CHEMBL93936,0.8,c1ccc(CN2CCC(CCc3noc4cc(N5CCOCC5)ccc34)CC2)cc1
2334,CHEMBL1814730,0.809,Cl.O=C(NCCCNc1c2c(nc3ccccc13)CCCC2)c1ccc(F)cc1
2350,CHEMBL32823,0.81,c1ccc2c(NCCCCCCCNc3c4c(nc5ccccc35)CCCC4)c3c(nc2c1)CCCC3
3725,CHEMBL3752685,0.81,Cl.Cl.c1ccc2c(NCCCCCCCNc3c4c(nc5ccccc35)CCCC4)c3c(nc2c1)CCCC3
1222,CHEMBL32823,0.81,c1ccc2c(NCCCCCCCNc3c4c(nc5ccccc35)CCCC4)c3c(nc2c1)CCCC3
4536,CHEMBL32823,0.81,c1ccc2c(NCCCCCCCNc3c4c(nc5ccccc35)CCCC4)c3c(nc2c1)CCCC3
4966,CHEMBL32823,0.81,c1ccc2c(NCCCCCCCNc3c4c(nc5ccccc35)CCCC4)c3c(nc2c1)CCCC3
2333,CHEMBL1814729,0.815,Cl.O=C(NCCNc1c2c(nc3ccccc13)CCCC2)c1ccc(F)cc1
2656,CHEMBL2236394,0.82,CCN(CCCCCOc1ccc2c(=O)c3ccccc3oc2c1)Cc1cccc(OC(=O)NC)c1
840,CHEMBL535812,0.82,CCC1=CC2Cc3nc4ccccc4c(NCCCCCCCCNc4c5c(nc6ccccc46)CCCC5)c3C(C1)C2.Cl.Cl
248,CHEMBL155945,0.82,CN1CCC(CC/C=C2\Cc3ccccc3C2=O)CC1
1757,CHEMBL337999,0.82,CNC(=O)Oc1cccc(CN(C)CCCCCOc2ccc3c(=O)c4ccccc4oc3c2)c1
7159,CHEMBL6170750,0.86,c1ccc2oc(CNCCCCCCCNc3c4c(cc5ccccc35)CCCC4)cc2c1
3714,CHEMBL3752467,0.86,c1ccc2oc(CNCCCCCCCNc3c4c(nc5ccccc35)CCCC4)cc2c1
995,CHEMBL202661,0.87,O=C(CCCCCNc1c2c(nc3cccc(Cl)c13)CCCC2)NCCc1c[nH]c2ccccc12
1338,CHEMBL3216886,0.88,COc1cc2c(cc1OC)C(=O)C(CC1CCN(CCCNc3c4c(nc5ccccc35)CCCC4)CC1)C2.Cl.Cl
2496,CHEMBL2011483,0.89,CC1=CC2Cc3nc4cc(Cl)ccc4c(NCCCCCCNc4c5c(nc6ccccc46)CCCC5)c3C(C1)C2.Cl
266,CHEMBL345847,0.9,CN1CCC(CCN2C(=O)c3ccccc3C2=O)CC1
1915,CHEMBL74940,0.9,Fc1ccc2c(NCCCCCCNc3c4c(nc5cc(F)ccc35)CCCC4)c3c(nc2c1)CCCC3
5359,CHEMBL4755968,0.93,O=C(CCN1CCC2c3ccccc3NC2C1)Oc1ccc(/C=C2\CCn3c2nc2ccccc2c3=O)cc1
866,CHEMBL328468,0.95,O=C1Cc2cc3onc(CCC4CCN(Cc5ccccc5)CC4)c3cc2N1
4657,CHEMBL4294640,0.95,Cn1c2nc3ccccc3c-2c(NCCCCCCCCNc2c3c(nc4ccccc24)CCCC3)c2ccccc21
1752,CHEMBL328468,0.95,O=C1Cc2cc3onc(CCC4CCN(Cc5ccccc5)CC4)c3cc2N1
366,CHEMBL328468,0.95,O=C1Cc2cc3onc(CCC4CCN(Cc5ccccc5)CC4)c3cc2N1
6984,CHEMBL6102336,0.99,C[C@@H](c1cccc(OC(=O)NCCc2c[nH]c3ccc(O)cc23)c1)N(C)C
4675,CHEMBL4225157,1.0,C#CCNc1nc(NCCCCC2CCN(Cc3ccccc3)CC2)c(C#N)cc1C#N
2187,CHEMBL225577,1.0,[Br-].[Br-].c1ccc2c(c1)ccc[n+]2CCCCCCCCCC[n+]1cccc2ccccc21
370,CHEMBL283509,1.0,COc1ccc(-c2cc3c(c(=O)o2)C[C@]2(O)[C@@]4(C)C(=O)C=CC(C)(C)[C@]4(O)CC[C@@]2(C)O3)cc1OC
2237,CHEMBL283509,1.0,COc1ccc(-c2cc3c(c(=O)o2)C[C@]2(O)[C@@]4(C)C(=O)C=CC(C)(C)[C@]4(O)CC[C@@]2(C)O3)cc1OC
5851,CHEMBL4873612,1.0,O=C(Nc1cncc(OCC2CCN(Cc3ccc(F)cc3)CC2)c1)c1ccnc(NC(=O)C2CC2)c1
5195,CHEMBL4647106,1.0,COc1ccc([C@H](O)[C@H](N)C(=O)O)cc1OC
1240,CHEMBL33864,1.0,O=C(O)CCCCC1CCSS1
2530,CHEMBL2019046,1.0,COc1cc(O)c2c(=O)cc(C(=O)NCCCCCCCCCCNc3c4c(nc5ccccc35)CCCC4)oc2c1.Cl
2531,CHEMBL2019044,1.0,Cl.O=C(NCCCCCCCCCCNc1c2c(nc3cc(Cl)ccc13)CCCC2)c1cc(=O)c2cc(O)ccc2o1
2010,CHEMBL3216469,1.0,Cl.Cl.Cl.Oc1c(CNCCCCCCCCCNc2c3c(nc4ccccc24)CCCC3)cc(Cl)c2cccnc12
3641,CHEMBL283509,1.0,COc1ccc(-c2cc3c(c(=O)o2)C[C@]2(O)[C@@]4(C)C(=O)C=CC(C)(C)[C@]4(O)CC[C@@]2(C)O3)cc1OC
3640,CHEMBL283509,1.0,COc1ccc(-c2cc3c(c(=O)o2)C[C@]2(O)[C@@]4(C)C(=O)C=CC(C)(C)[C@]4(O)CC[C@@]2(C)O3)cc1OC
6582,CHEMBL5417632,1.0,CC[N+](CC)(CCCCCn1c(=O)cc(C)n(CCCCn2c(C)cc(=O)n(C)c2=O)c1=O)Cc1ccccc1C(F)(F)F.[Br-]
4270,CHEMBL283509,1.0,COc1ccc(-c2cc3c(c(=O)o2)C[C@]2(O)[C@@]4(C)C(=O)C=CC(C)(C)[C@]4(O)CC[C@@]2(C)O3)cc1OC
2344,CHEMBL1819176,1.05,Clc1ccc2c(NCCCCCCCNc3c4c(nc5ccccc35)-c3ccccc3C4)c3c(nc2c1)CCCC3
5436,CHEMBL4744528,1.06,COc1cc(CNC(=O)Cc2cn(CCCCC3=CC4Cc5nc6cc(Cl)ccc6c(N)c5C(C3)C4)nn2)ccc1O
1332,CHEMBL3217103,1.06,COc1cc2c(cc1OC)CC(CC1CCN(CCCNc3c4c(nc5cc(Cl)ccc35)CCCC4)CC1)C2.Cl.Cl.Cl
5881,CHEMBL140476,1.07,CC1=CC2Cc3nc4cc(Cl)ccc4c(N)c3C(C1)C2
5437,CHEMBL140476,1.07,CC1=CC2Cc3nc4cc(Cl)ccc4c(N)c3C(C1)C2
3073,CHEMBL536047,1.07,CC1=CC2Cc3nc4cc(Cl)ccc4c(N)c3C(C1)C2.Cl
3063,CHEMBL3233826,1.07,CC1=CC2Cc3nc4cc(Cl)ccc4c(NCCCCCNC(=O)c4cc(O)c5c(c4)C(=O)c4cccc(O)c4C5=O)c3C(C1)C2.Cl
5357,CHEMBL4791642,1.08,O=C(CCCCN1CCC2c3ccccc3NC2C1)Oc1ccc(/C=C2\CCn3c2nc2ccccc2c3=O)cc1
6740,CHEMBL4791642,1.08,O=C(CCCCN1CCC2c3ccccc3NC2C1)Oc1ccc(/C=C2\CCn3c2nc2ccccc2c3=O)cc1
1454,CHEMBL208599,1.1,CCC1=CC2Cc3nc4cc(Cl)ccc4c(N)c3[C@@H](C1)C2
1763,CHEMBL131827,1.1,CNC(=O)Oc1cccc(CN(C)CCCOc2ccc3c(=O)c4cccnc4oc3c2)c1
7170,CHEMBL2178784,1.16,COc1ccc2c3c1O[C@H]1C[C@@H](O)C=C[C@@]31CCN(CCCCCCNC13CC4CC(C)(CC(C)(C4)C1)C3)C2
3678,CHEMBL3642052,1.18,CC(=O)NCCc1c[nH]c2ccc(OC(=O)NCCCCCCCCCCNc3c4c(nc5ccccc35)CCCC4)cc12
6232,CHEMBL2047525,1.2,CNC(=O)Oc1cccc(CN(C)CCCCCCCOc2ccc(-c3cc4ccccc4oc3=O)cc2)c1
1731,CHEMBL138107,1.2,O=C(Nc1ccc2c(c1)C(=O)N(CCC1CCN(Cc3ccccc3)CC1)C2=O)c1ccccc1
5414,CHEMBL4789145,1.2,CNC(=O)c1sc(-c2ccnc(NC(=O)CNCCNc3c4c(nc5ccccc35)CCCC4)c2)nc1OCC1CC1
4658,CHEMBL4284047,1.25,Cn1c2nc3ccccc3c-2c(NCCCCCCNc2c3c(nc4ccccc24)CCCC3)c2ccccc21
5879,CHEMBL4872514,1.25,COc1cc(CNC(=O)CCCCCCCCNc2c3c(nc4cc(Cl)ccc24)CC2C=C(C)CC3C2)ccn1
5443,CHEMBL4778167,1.28,CCN(CC)c1cc(/C=C2/OC(=O)c3cc(OC)c(OC)cc32)ccc1O
4800,CHEMBL4462369,1.3,O=C(CCCCNc1c2c(nc3cc(Cl)ccc13)CCCC2)NC12CC3CC(F)(CC(C1)c1ccccc13)C2
1922,CHEMBL76173,1.3,c1cnc2nc3c(c(NCCCCCCCNc4c5c(nc6ncccc46)CCCC5)c2c1)CCCC3
4025,CHEMBL3883432,1.3,O=S(=O)(c1ccccc1)n1ccc2c(N3CCN(CCCCCCCCNc4c5c(nc6ccccc46)CCCC5)CC3)cccc21
2509,CHEMBL2011496,1.32,CC1=CC2Cc3nc4cc(Cl)ccc4c(NCCCCCCCCNc4c5c(nc6cc(Cl)ccc46)CCCC5)c3C(C1)C2.Cl
2498,CHEMBL3216777,1.33,CC1=C[C@@H]2Cc3nc4cc(Cl)ccc4c(NCCCCCCCNc4c5c(nc6ccccc46)CCCC5)c3[C@H](C1)C2.Cl.Cl.Cl
6229,CHEMBL5218900,1.33,CNC(=O)Oc1cccc(CN(C)CCCCCCOc2ccc(C(=O)/C=C/c3cc(OC)c(OC)c(OC)c3)c(O)c2)c1
2501,CHEMBL2011488,1.38,CC1=CC2Cc3nc4cc(Cl)ccc4c(NCCCCCCCCNc4c5c(nc6ccccc46)CCCC5)c3C(C1)C2.Cl
608,CHEMBL357207,1.39,CCC1=CC2Cc3nc4cc(Cl)cc(Cl)c4c(N)c3C(C1)C2
4801,CHEMBL4438626,1.4,O=C(CCCNc1c2c(nc3cc(Cl)ccc13)CCCC2)NC12CC3CC(F)(CC(C1)c1ccccc13)C2
1887,CHEMBL124933,1.4,CNC(=O)Oc1cccc(CN(C)CCCCCCOc2ccc3c(=O)c4ccccc4oc3c2)c1
1912,CHEMBL73800,1.4,c1ccc2c(NCCCCCCNc3c4c(nc5ccccc35)CCCC4)c3c(nc2c1)CCCC3
4798,CHEMBL4558495,1.4,FC12CC3CC(NCCCCCNc4c5c(nc6cc(Cl)ccc46)CCCC5)(CC(C1)c1ccccc13)C2
320,CHEMBL124933,1.4,CNC(=O)Oc1cccc(CN(C)CCCCCCOc2ccc3c(=O)c4ccccc4oc3c2)c1
1353,CHEMBL452339,1.41,CCN(CCCCCCn1c(=O)c(=O)n(CCCCCCN(CC)Cc2ccccc2OC)c2ccccc21)Cc1ccccc1OC
3672,CHEMBL3642054,1.43,CC(=O)NCCc1c[nH]c2ccc(OC(=O)NCCCCCCCCCCNc3c4c(nc5ccc(Cl)cc35)CCCC4)cc12
3534,CHEMBL3600555,1.48,CC1=CC2Cc3nc4ccccc4c(NCCCCCCCCCCNc4c5c(nc6cc(Cl)ccc46)CCCC5)c3C(C1)C2
2006,CHEMBL1085702,1.49,Nc1ccc2c(c1)c(-c1ccccc1)[n+](CCCNCCCNCCCNc1c3c(nc4ccccc14)CCCC3)c1cc(N)ccc21.[Cl-]
1493,CHEMBL231160,1.5,CCN(CCCCCCNC1=CC(=O)C(NCCCCCCN(CC)Cc2ccccc2OC)=CC1=O)Cc1ccccc1OC
1983,CHEMBL1086007,1.5,O=C(CCOCCc1c[nH]c2ccccc12)NCCCCCNc1c2c(nc3cc(Cl)ccc13)CCCC2
237,CHEMBL263322,1.5,CN1CCC(CCCC2Cc3ccccc3C2=O)CC1
3064,CHEMBL3233827,1.52,CC1=CC2Cc3nc4cc(Cl)ccc4c(NCCCCCCNC(=O)c4cc(O)c5c(c4)C(=O)c4cccc(O)c4C5=O)c3C(C1)C2.Cl
1409,CHEMBL473866,1.54,Clc1ccc2c(NCCCNCCCCCOc3cccc4[nH]c5ccccc5c34)c3c(nc2c1)CCCC3
838,CHEMBL179455,1.55,Nc1ccc2c(c1)c(-c1ccccc1)[n+](CCCNCCCNCCCNc1c3c(nc4ccccc14)CCCC3)c1cc(N)ccc21
2459,CHEMBL231160,1.55,CCN(CCCCCCNC1=CC(=O)C(NCCCCCCN(CC)Cc2ccccc2OC)=CC1=O)Cc1ccccc1OC
2421,CHEMBL231160,1.55,CCN(CCCCCCNC1=CC(=O)C(NCCCCCCN(CC)Cc2ccccc2OC)=CC1=O)Cc1ccccc1OC
1452,CHEMBL231160,1.55,CCN(CCCCCCNC1=CC(=O)C(NCCCCCCN(CC)Cc2ccccc2OC)=CC1=O)Cc1ccccc1OC
3330,CHEMBL231160,1.55,CCN(CCCCCCNC1=CC(=O)C(NCCCCCCN(CC)Cc2ccccc2OC)=CC1=O)Cc1ccccc1OC
5442,CHEMBL4761887,1.55,CCN(CC)c1cc(/C=C2\OC(=O)c3cc(OC)c(OC)cc32)ccc1O
1253,CHEMBL179455,1.55,Nc1ccc2c(c1)c(-c1ccccc1)[n+](CCCNCCCNCCCNc1c3c(nc4ccccc14)CCCC3)c1cc(N)ccc21
2890,CHEMBL231160,1.55,CCN(CCCCCCNC1=CC(=O)C(NCCCCCCN(CC)Cc2ccccc2OC)=CC1=O)Cc1ccccc1OC
1926,CHEMBL306492,1.6,c1ccc2c(NCCCCCCCCNc3c4c(nc5ccccc35)CCCCC4)c3c(nc2c1)CCCCC3
1914,CHEMBL75274,1.6,c1ccc2c(NCCCCCCCCNc3c4c(nc5ccccc35)CCCC4)c3c(nc2c1)CCCC3
4534,CHEMBL4208641,1.62,c1ccc2c(NCCCCCSSCCCCCNc3c4c(nc5ccccc35)CCCC4)c3c(nc2c1)CCCC3
6507,CHEMBL4451532,1.63,COc1cc2oc(-c3ccc(NCCNc4c5c(nc6cc(Cl)ccc46)CCCC5)cc3)cc(=O)c2c(OC)c1OC
4906,CHEMBL4451532,1.63,COc1cc2oc(-c3ccc(NCCNc4c5c(nc6cc(Cl)ccc46)CCCC5)cc3)cc(=O)c2c(OC)c1OC
5777,CHEMBL536047,1.64,CC1=CC2Cc3nc4cc(Cl)ccc4c(N)c3C(C1)C2.Cl
1410,CHEMBL478667,1.65,Clc1ccc2c(NCCCNCCCCOc3cccc4[nH]c5ccccc5c34)c3c(nc2c1)CCCC3
5872,CHEMBL4851711,1.7,Fc1ccccc1-c1ccc(N[C@H]2C[C@@H]3CN(CC4CCOCC4)C[C@@H]3C2)nn1
633,CHEMBL335355,1.76,CCC1=CC2Cc3nc4cc(F)cc(F)c4c(N)c3C(C1)C2
1958,CHEMBL1085938,1.8,CNC(=O)Oc1cccc(CN(C)CCCCCCCOc2ccc3c(c2)C/C(=C\c2cc(O)c(O)c(O)c2)C3=O)c1
148,CHEMBL292314,1.8,Nc1c2c(nc3cc(Cl)ccc13)CCCC2
5903,CHEMBL1081032,1.8,CN1c2ccc(OC(=O)NCC3CCCCC3)cc2[C@]2(C)CCN(CCc3ccccc3)[C@H]12
2657,CHEMBL191461,1.8,CNC(=O)Oc1cccc(CN(C)CCCCCCCOc2ccc3c(c2)C/C(=C\c2cc(OC)c(OC)c(OC)c2)C3=O)c1
2534,CHEMBL2019040,1.8,COc1cc2oc(C(=O)NCCCCCCCCCCNc3c4c(nc5ccccc35)CCCC4)cc(=O)c2cc1OC.Cl
5873,CHEMBL4866930,1.82,CC1=CC2Cc3nc4cc(Cl)ccc4c(NCCCCCCCCCNC(=O)c4ccc[nH]c4=O)c3C(C1)C2
1221,CHEMBL238230,1.83,O=C(CCCNc1c2c(nc3ccccc13)CCCC2)CCCNc1c2c(nc3ccccc13)CCCC2
1455,CHEMBL140476,1.84,CC1=CC2Cc3nc4cc(Cl)ccc4c(N)c3C(C1)C2
2497,CHEMBL3215882,1.89,CC1=CC2Cc3nc4cc(Cl)ccc4c(NCCCCCCCNc4c5c(nc6ccccc46)CCCC5)c3C(C1)C2.Cl.Cl.Cl
1923,CHEMBL75985,1.9,c1cnc2nc3c(c(NCCCCCCCCNc4c5c(nc6ncccc46)CCCC5)c2c1)CCCC3
4907,CHEMBL4466652,1.9,COc1cc2oc(-c3ccc(NCCCNc4c5c(nc6cc(Cl)ccc46)CCCC5)cc3)cc(=O)c2c(OC)c1OC
3530,CHEMBL3600551,1.92,CC1=CC2Cc3nc4cc(Cl)ccc4c(NCCCCCCCCCCCCNc4c5c(nc6ccccc46)CCCC5)c3C(C1)C2
3313,CHEMBL3356532,1.93,O=C1C=C(NCCNc2c3c(nc4cc(Cl)ccc24)CCCC3)C(=O)c2ccccc21
6185,CHEMBL5207628,1.94,CC1=C[C@@H]2Cc3nc4cc(Cl)ccc4c(NCCCCC(=O)N4CCC(NC(=O)Nc5ccc(OC(F)(F)F)cc5)CC4)c3[C@H](C1)C2
5431,CHEMBL4748114,1.94,COc1cc(CNC(=O)CCCCCCCNc2c3c(nc4cc(Cl)ccc24)CC2C=C(C)CC3C2)ccc1O
7162,CHEMBL5207628,1.94,CC1=C[C@@H]2Cc3nc4cc(Cl)ccc4c(NCCCCC(=O)N4CCC(NC(=O)Nc5ccc(OC(F)(F)F)cc5)CC4)c3[C@H](C1)C2
1955,CHEMBL370961,1.95,CNC(=O)Oc1cccc(CN(C)CCCCCCCOc2ccc3c(c2)O/C(=C\c2ccccc2)C3=O)c1
2677,CHEMBL502,2.0,COc1cc2c(cc1OC)C(=O)C(CC1CCN(Cc3ccccc3)CC1)C2
192,CHEMBL54126,2.0,CN(C)C(=O)Oc1cccc([N+](C)(C)C)c1.[Br-]
6205,CHEMBL5220250,2.0,O=c1c(NCCCCc2c3c(nc4cc(Cl)ccc24)CCCC3)c(NCCCCc2c3c(nc4ccc(Cl)cc24)CCCC3)c1=O
6581,CHEMBL5418455,2.0,CC[N+](CC)(CCCCCn1c(=O)cc(C)n(CCCn2c(C)cc(=O)n(C)c2=O)c1=O)Cc1ccccc1C(F)(F)F.[Br-]
4799,CHEMBL4469343,2.0,FC12CC3CC(NCCCCNc4c5c(nc6cc(Cl)ccc46)CCCC5)(CC(C1)c1ccccc13)C2
2506,CHEMBL3216556,2.04,CC1=C[C@@H]2Cc3nc4cc(Cl)ccc4c(NCCCCCCCNc4c5c(nc6cc(Cl)ccc46)CCCC5)c3[C@H](C1)C2.Cl.Cl.Cl.Cl
5486,CHEMBL4797814,2.05,COc1cc2c(cc1O)CCC(C)(CC(=O)NCCCCCCCCCNc1c3c(nc4cc(Cl)ccc14)CCCC3)O2
3186,CHEMBL3322231,2.06,Cl.O=C(NCCCCCCCCNc1c2c(nc3cc(Cl)ccc13)CCCC2)c1ccc2nc(-c3ccc(Cl)cc3)c3c(c2c1)NCCC3
1952,CHEMBL364545,2.09,CNC(=O)Oc1cccc(CN(C)CCCCCCCOc2ccc3c(c2)O/C(=C\c2cccc4ccccc24)C3=O)c1
1953,CHEMBL1085933,2.09,CNC(=O)Oc1cccc(CN(C)CCCCCCCOc2ccc3c(c2)O/C(=C\c2ccc4ccccc4c2)C3=O)c1
4645,CHEMBL4282154,2.1,COc1nc(-c2ccnc(NC(=O)C3CC3)c2)sc1C(=O)NCCNc1c2c(nc3cc(Cl)ccc13)CCCC2
601,CHEMBL341658,2.11,CCC1=CC2Cc3nc4cc(F)ccc4c(N)c3C(C1)C2
3049,CHEMBL3235502,2.15,O=C(CCCOc1cccc2[nH]c3ccccc3c12)NCCCNc1c2c(nc3ccccc13)CCCC2
1406,CHEMBL478666,2.15,Clc1ccc2c(NCCCNCCCOc3cccc4[nH]c5ccccc5c34)c3c(nc2c1)CCCC3
1334,CHEMBL3216209,2.16,COc1cc2c(cc1OC)CC(CC1CCN(CCCNc3c4c(nc5ccccc35)CCCC4)CC1)C2.Cl.Cl
1733,CHEMBL1084256,2.2,O=C(Nc1ccccc1)c1ccc2c(c1)C(=O)N(CCC1CCN(Cc3ccccc3)CC1)C2=O
616,CHEMBL143290,2.2,CC1=CC2Cc3nc4cc(F)cc(F)c4c(N)c3C(C1)C2
1179,CHEMBL243271,2.25,CCN(CCCNC1=CC(=O)C(NCCCN(CC)Cc2ccccc2OC)=CC1=O)Cc1ccccc1OC
4535,CHEMBL4213042,2.25,c1ccc2c(NCCCCC[Se]CCCCCNc3c4c(nc5ccccc35)CCCC4)c3c(nc2c1)CCCC3
3586,CHEMBL3623551,2.27,CCC(CC)n1cc(C(=O)C(F)(F)F)cn1
3181,CHEMBL3313966,2.3,O=C(C[n+]1ccccc1)N/N=C/c1ccc(/C=N/NC(=O)C[n+]2ccccc2)cc1.[Cl-].[Cl-]
2529,CHEMBL2019047,2.3,Cl.O=C(NCCCCCCCCCCNc1c2c(nc3ccccc13)CCCC2)c1cc(=O)c2c(O)cc(O)cc2o1
2536,CHEMBL2019037,2.3,COc1cc(OC)c2c(=O)cc(C(=O)NCCCCCCCCCCNc3c4c(nc5ccccc35)CCCC4)oc2c1.Cl
6979,CHEMBL6109010,2.31,CC(c1cccc(OC(=O)NCCc2c[nH]c3ccc(O)cc23)c1)N(C)C
140,CHEMBL502,2.33,COc1cc2c(cc1OC)C(=O)C(CC1CCN(Cc3ccccc3)CC1)C2
1177,CHEMBL230702,2.36,CCN(CCCCCNC1=CC(=O)C(NCCCCCN(CC)Cc2ccccc2OC)=CC1=O)Cc1ccccc1OC
5876,CHEMBL4863615,2.39,CC1=CC2Cc3nc4cc(Cl)ccc4c(NCCCCCCCCC(=O)Nc4cn[nH]c4)c3C(C1)C2
3069,CHEMBL3233832,2.39,CC1=C[C@@H]2Cc3nc4cc(Cl)ccc4c(NCCCCCCCCCNC(=O)c4cc(O)c5c(c4)C(=O)c4cccc(O)c4C5=O)c3[C@H](C1)C2.Cl
4035,CHEMBL4113560,2.4,CC1=C[C@@H]2Cc3nc4cc(Cl)ccc4c(NCCCCCCCCCNC(=O)c4cc(O)c5c(c4)C(=O)c4cccc(O)c4C5=O)c3[C@H](C1)C2
5874,CHEMBL4862716,2.4,CC1=CC2Cc3nc4cc(Cl)ccc4c(NCCCCCCCCCNS(=O)(=O)c4cn[nH]c4)c3C(C1)C2
1734,CHEMBL140999,2.4,O=C(c1ccccc1)c1ccc2c(c1)C(=O)N(CCC1CCN(Cc3ccccc3)CC1)C2=O
1924,CHEMBL1083488,2.5,c1ccc2c(NCCCCCCNc3c4c(nc5ncccc35)CCCCC4)c3c(nc2c1)CCCCC3
4796,CHEMBL4591167,2.5,NC12CC3CC(F)(CC(C1)c1cc(NC(=O)CCCCNc4c5c(nc6cc(Cl)ccc46)CCCC5)ccc13)C2
5936,CHEMBL5078555,2.54,COC(=O)c1c(CCCCCCCCNc2c3c(nc4cc(Cl)ccc24)CCCC3)cccc1OC
3715,CHEMBL3753405,2.56,COc1cccc2cc(CNCCCCCCCNc3c4c(nc5ccccc35)CCCCC4)oc12
1408,CHEMBL474268,2.57,Clc1ccc2c(NCCCNCCCCCCOc3cccc4[nH]c5ccccc5c34)c3c(nc2c1)CCCC3
5875,CHEMBL4859103,2.57,CC1=CC2Cc3nc4cc(Cl)ccc4c(NCCCCCCCCCNC(=O)c4cc(O)cc(O)c4)c3C(C1)C2
101,CHEMBL87849,2.6,COc1cc2cc(C(=O)CCc3cc[n+](Cc4ccc(F)cc4)cc3)sc2cc1OC
1241,CHEMBL15056,2.6,c1ccc2c(NCCc3ccc(OCCCN4CCCCC4)cc3)c3c(nc2c1)CCCC3
1333,CHEMBL3216210,2.6,COc1cc2c(cc1OC)CC(CC1CCN(CCNc3c4c(nc5cc(Cl)ccc35)CCCC4)CC1)C2.Cl.Cl.Cl
5849,CHEMBL4863960,2.6,O=C(Nc1cncc(OCC2CCN(Cc3ccccc3)CC2)c1)c1ccnc(NC(=O)C2CC2)c1
890,CHEMBL187818,2.6,COc1cc2c(cc1OC)SC(C(=O)CCc1cc[n+](Cc3ccc(F)cc3)cc1)C2
7261,CHEMBL6188323,2.61,COc1cc2c(cc1OC)CC(CN1CCN(CCCNc3c4c(nc5cc(Cl)ccc35)C[C@H]3C=C(C)C[C@@H]4C3)CC1)C2
6385,CHEMBL5276338,2.61,COc1cc2c(cc1OC)CC(CC1CCN(CCCNc3c4c(nc5cc(Cl)ccc35)CC3C=C(C)CC4C3)CC1)C2.Cl.Cl
4533,CHEMBL4204315,2.64,c1ccc2c(NCCCCC[Se][Se]CCCCCNc3c4c(nc5ccccc35)CCCC4)c3c(nc2c1)CCCC3
2415,CHEMBL1912060,2.66,O=C(CCCCc1cccs1)NCCCNc1c2c(nc3cc(Cl)ccc13)CCCC2
1184,CHEMBL243062,2.66,CCN(CCCCCCNC1=C(Br)C(=O)C(NCCCCCCN(CC)Cc2ccccc2OC)=C(Br)C1=O)Cc1ccccc1OC
4465,CHEMBL4159705,2.7,COc1cc2c(cc1O)C(=O)C(Cc1cc[n+](Cc3cccc(Cl)c3)cc1C(C)=O)C2
1925,CHEMBL307908,2.7,c1ccc2c(NCCCCCCCNc3c4c(nc5ccccc35)CCCCC4)c3c(nc2c1)CCCCC3
4825,CHEMBL4533477,2.7,O=C(/C=C/c1ccc([N+](=O)[O-])cc1)NCCCCCCNc1c2c(nc3ccccc13)CCCC2
6183,CHEMBL5200047,2.71,O=C(Nc1ccc(OC(F)(F)F)cc1)NC1CCN(C(=O)CCCNc2c3c(nc4cc(Cl)ccc24)CCCC3)CC1
7199,CHEMBL5200047,2.71,O=C(Nc1ccc(OC(F)(F)F)cc1)NC1CCN(C(=O)CCCNc2c3c(nc4cc(Cl)ccc24)CCCC3)CC1
364,CHEMBL94217,2.8,CC(=O)Nc1ccc2c(CCC3CCN(Cc4ccccc4)CC3)noc2c1.O=C(O)/C=C/C(=O)O
1665,CHEMBL92736,2.8,CC(=O)Nc1ccc2c(CCC3CCN(Cc4ccccc4)CC3)noc2c1
1730,CHEMBL433678,2.8,CC(=O)Nc1ccc2c(c1)C(=O)N(CCC1CCN(Cc3ccccc3)CC1)C2=O
1762,CHEMBL128260,2.8,CN(CCCOc1ccc2c(=O)c3ccccc3oc2c1)Cc1cccc(OC(=O)Nc2ccccc2)c1
852,CHEMBL92736,2.8,CC(=O)Nc1ccc2c(CCC3CCN(Cc4ccccc4)CC3)noc2c1
2660,CHEMBL128260,2.8,CN(CCCOc1ccc2c(=O)c3ccccc3oc2c1)Cc1cccc(OC(=O)Nc2ccccc2)c1
459,CHEMBL92736,2.8,CC(=O)Nc1ccc2c(CCC3CCN(Cc4ccccc4)CC3)noc2c1
6067,CHEMBL5189408,2.8,O=C(COc1cc(F)ccc1[N+](=O)[O-])NCCN1CCN(Cc2ccccc2)CC1
5943,CHEMBL5082773,2.81,COC(=O)c1c(O)cccc1CCCCCCCCNc1c2c(nc3cc(Cl)ccc13)CCCC2
2766,CHEMBL94,2.9,CNC(=O)Oc1ccc2c(c1)[C@]1(C)CCN(C)[C@@H]1N2C
1970,CHEMBL388551,2.9,CN(CCCNC(=O)CCc1c[nH]c2ccccc12)CCCNc1c2c(nc3cc(Cl)ccc13)CCCC2
4250,CHEMBL4095035,2.9,COc1cc2c(cc1OC)C(=O)/C(=C/c1cc[n+](Cc3cccc(F)c3)cc1)C2.[Br-]
4207,CHEMBL4071377,2.92,COc1cc2c(cc1OC)C(=O)C(Cc1cc[n+](Cc3ccccc3)cc1C#N)C2.[Br-]
5432,CHEMBL4782921,2.94,COc1cc(CNC(=O)CCCCCCCCNc2c3c(nc4cc(Cl)ccc24)CC2C=C(C)CC3C2)ccc1O
1948,CHEMBL1083374,2.99,CNC(=O)Oc1cccc(CN(C)CCCOc2ccc3c(c2)O/C(=C\c2cc(O)c(O)c(O)c2)C3=O)c1
952,CHEMBL195418,3.0,Cc1c(Cl)nc2ccccc2c1C(=O)NCCCCCCCNc1c2c(nc3ccccc13)CCCC2
5196,CHEMBL4634863,3.0,COc1ccc([C@H]2O[C@@H](O)[C@H]3[C@@H]2C(=O)O[C@@H]3c2cc(OC)c3c(c2)OCO3)cc1OC
2328,CHEMBL1783518,3.0,CC(C)C1=N[C@H]2CC[C@]34C[C@]35C(=O)C[C@]3(C)[C@@H]([C@H](C)N(C)Cc6ccc(C(F)(F)F)cc6)[C@H](O)C[C@@]3(C)[C@@H]5CC[C@H]4[C@]2(C)CS1
2327,CHEMBL1783517,3.0,CC(C)C1=N[C@H]2CC[C@]34C[C@]35C(=O)C[C@]3(C)[C@@H]([C@H](C)N(C)Cc6cccc(C(F)(F)F)c6)[C@H](O)C[C@@]3(C)[C@@H]5CC[C@H]4[C@]2(C)CS1
2324,CHEMBL1783514,3.0,COc1cccc(CN(C)[C@@H](C)[C@H]2[C@H](O)C[C@@]3(C)[C@@H]4CC[C@H]5[C@]6(C)CSC(C(C)C)=N[C@H]6CC[C@@]56C[C@@]46C(=O)C[C@]23C)c1
254,CHEMBL155746,3.0,CN1CCC(/C=C/C=C2\Cc3ccccc3C2=O)CC1
1985,CHEMBL1084545,3.0,O=C(CCOCCc1c[nH]c2ccccc12)NCCCCCCCNc1c2c(nc3cc(Cl)ccc13)CCCC2
1185,CHEMBL243056,3.05,CCN(CCCCCCNC1=C(Cl)C(=O)C(NCCCCCCN(CC)Cc2ccccc2OC)=C(Cl)C1=O)Cc1ccccc1OC
2336,CHEMBL95,3.16,Nc1c2c(nc3ccccc13)CCCC2
3065,CHEMBL3233828,3.18,CC1=CC2Cc3nc4cc(Cl)ccc4c(NCCCCCCCNC(=O)c4cc(O)c5c(c4)C(=O)c4cccc(O)c4C5=O)c3C(C1)C2.Cl
3323,CHEMBL3356951,3.21,O=C1C(Cl)=C(NCCNc2c3c(nc4cc(Cl)ccc24)CCCC3)C(=O)c2ccccc21
6408,CHEMBL5282833,3.23,O=c1c(O)c(-c2ccc(F)cc2)oc2cc(F)c(I)cc12
2510,CHEMBL3216778,3.26,CC1=CC2Cc3nc4cc(Cl)ccc4c(NCCCCCCCCCNc4c5c(nc6cc(Cl)ccc46)CCCC5)c3C(C1)C2.Cl.Cl.Cl.Cl
4202,CHEMBL4102333,3.27,COc1cc2c(cc1OC)C(=O)C(Cc1cc[n+](Cc3cccc(Cl)c3)cc1C(C)=O)C2.[Br-]
6741,CHEMBL5574923,3.29,O=C(CCCCN1CCN(Cc2ccccc2)CC1)Nc1ccc2nc3n(c(=O)c2c1)CCC3
1260,CHEMBL254016,3.3,CCN(CCCCCC(=O)N1CCC(C2CCN(C(=O)CCCCCN(CC)Cc3ccccc3OC)CC2)CC1)Cc1ccccc1OC
1361,CHEMBL254016,3.32,CCN(CCCCCC(=O)N1CCC(C2CCN(C(=O)CCCCCN(CC)Cc3ccccc3OC)CC2)CC1)Cc1ccccc1OC
4248,CHEMBL4098703,3.4,COc1cc2c(cc1OC)C(=O)/C(=C/c1cc[n+](Cc3ccccc3)cc1)C2.[Br-]
1950,CHEMBL191386,3.41,CNC(=O)Oc1cccc(CN(C)CCCOc2ccc3c(c2)O/C(=C\c2ccc4ccccc4c2)C3=O)c1
6409,CHEMBL5274465,3.45,O=c1c(O)c(-c2ccc(Cl)cc2)oc2cc(F)c(I)cc12
3531,CHEMBL3600552,3.46,CC1=CC2Cc3nc4cc(Cl)ccc4c(NCCCCCCCCCCCCNc4c5c(nc6cc(Cl)ccc46)CCCC5)c3C(C1)C2
2587,CHEMBL2147462,3.52,CN(C)c1ccccc1CNCCCCCCCCCNc1c2c(nc3ccccc13)CCCC2
2502,CHEMBL3216116,3.53,CC1=CC2Cc3nc4cc(Cl)ccc4c(NCCCCCCCCCNc4c5c(nc6ccccc46)CCCC5)c3C(C1)C2.Cl.Cl.Cl
372,CHEMBL95020,3.6,O=C1Cc2c(ccc3c(CCC4CCN(Cc5ccccc5)CC4)noc23)N1
868,CHEMBL95020,3.6,O=C1Cc2c(ccc3c(CCC4CCN(Cc5ccccc5)CC4)noc23)N1
5880,CHEMBL3304306,3.6,CC1=CC2Cc3nc4cc(Cl)ccc4c(NCCCCCCCCCNC(=O)c4cc(O)c5c(c4)C(=O)c4cccc(O)c4C5=O)c3C(C1)C2
4644,CHEMBL4293418,3.6,COc1nc(-c2ccnc(NC(=O)C3CC3)c2)sc1C(=O)NCCCNc1c2c(nc3cc(Cl)ccc13)CCCC2
4258,CHEMBL4101018,3.6,COc1cc2c(cc1OC)C(=O)/C(=C/c1cc[n+](Cc3cccc([N+](=O)[O-])c3)cc1)C2.[Br-]
4034,CHEMBL3304306,3.6,CC1=CC2Cc3nc4cc(Cl)ccc4c(NCCCCCCCCCNC(=O)c4cc(O)c5c(c4)C(=O)c4cccc(O)c4C5=O)c3C(C1)C2
1754,CHEMBL95020,3.6,O=C1Cc2c(ccc3c(CCC4CCN(Cc5ccccc5)CC4)noc23)N1
3067,CHEMBL3233830,3.6,CC1=CC2Cc3nc4cc(Cl)ccc4c(NCCCCCCCCCNC(=O)c4cc(O)c5c(c4)C(=O)c4cccc(O)c4C5=O)c3C(C1)C2.Cl
4903,CHEMBL4456928,3.61,c1ccc2c(NCc3ccc(-c4ccc(CNc5c6c(nc7ccccc57)CCCC6)cc4)cc3)c3c(nc2c1)CCCC3
3535,CHEMBL3600556,3.66,CC1=CC2Cc3nc4ccccc4c(NCCCCCCCCCCCCNc4c5c(nc6cc(Cl)ccc46)CCCC5)c3C(C1)C2
5485,CHEMBL4787579,3.69,COc1cc2c(cc1O)CCC(C)(CC(=O)NCCCCCCCCNc1c3c(nc4cc(Cl)ccc14)CCCC3)O2
3574,CHEMBL3623551,3.77,CCC(CC)n1cc(C(=O)C(F)(F)F)cn1
634,CHEMBL341658,3.79,CCC1=CC2Cc3nc4cc(F)ccc4c(N)c3C(C1)C2
3669,CHEMBL3642053,3.8,CC(=O)NCCc1c[nH]c2ccc(OC(=O)NCCCCCCCCCCCCNc3c4c(nc5ccccc35)CCCC4)cc12
4255,CHEMBL4063583,3.8,COc1cc2c(cc1OC)C(=O)/C(=C/c1cc[n+](Cc3ccccc3Br)cc1)C2.[Br-]
5488,CHEMBL4762419,3.8,COc1cc2c(cc1O)CCC(C)(CCC(=O)NCCCCCCNc1c3c(nc4cc(Cl)ccc14)CCCC3)O2
6382,CHEMBL5268897,3.85,CCC1=CC2Cc3nc4cc(Cl)ccc4c(NCCCN4CCC(CC5Cc6cc(OC)c(OC)cc6C5)CC4)c3C(C1)C2.Cl.Cl
5858,CHEMBL4877175,3.9,O=C(Nc1cncc(OCC2CCN(Cc3ccccc3)CC2)c1)c1ccnc2[nH]ccc12
6543,CHEMBL502,3.9,COc1cc2c(cc1OC)C(=O)C(CC1CCN(Cc3ccccc3)CC1)C2
1480,CHEMBL575802,3.95,COc1cc2c(cc1OC)C(c1cccc([N+](=O)[O-])c1)N(CCCCCCc1cn(CCNc3c4c(nc5cc(Cl)ccc35)CC3C=C(C)CC4C3)nn1)CC2
4253,CHEMBL4084842,4.0,COc1cc2c(cc1OC)C(=O)/C(=C/c1cc[n+](Cc3cccc(C)c3)cc1)C2.[Br-]
1778,CHEMBL131219,4.0,CCCN(CCCOc1ccc2c(=O)c3ccccc3oc2c1)Cc1cccc(OC(=O)NC)c1
5904,CHEMBL362444,4.0,CNC(=O)Oc1ccc2c(c1)[C@]1(C)CCOC1N2C
2654,CHEMBL131219,4.0,CCCN(CCCOc1ccc2c(=O)c3ccccc3oc2c1)Cc1cccc(OC(=O)NC)c1
6095,CHEMBL502,4.0,COc1cc2c(cc1OC)C(=O)C(CC1CCN(Cc3ccccc3)CC1)C2
6217,CHEMBL205231,4.0,CNC(=O)Oc1ccc2c(c1)[C@]1(C)CCO[C@@H]1N2C
2203,CHEMBL32823,4.0,c1ccc2c(NCCCCCCCNc3c4c(nc5ccccc35)CCCC4)c3c(nc2c1)CCCC3
1963,CHEMBL224335,4.0,O=C(CCc1c[nH]c2ccccc12)NCCCCCNc1c2c(nc3cc(Cl)ccc13)CCCC2
2505,CHEMBL3216555,4.02,CC1=CC2Cc3nc4cc(Cl)ccc4c(NCCCCCCCNc4c5c(nc6cc(Cl)ccc46)CCCC5)c3C(C1)C2.Cl.Cl.Cl.Cl
1450,CHEMBL556581,4.03,CCN(CCCCCCNC1=CC(=O)C(NCCCCCCN(CC)[C@@H](C)c2ccccc2OC)=CC1=O)[C@@H](C)c1ccccc1OC
2588,CHEMBL2147461,4.04,CN(C)c1ccccc1CNCCCCCCCCNc1c2c(nc3ccccc13)CCCC2
4572,CHEMBL4210020,4.09,O=C(CNCCCc1ccccc1)Nc1ccc2nc3n(c(=O)c2c1)CCC3
953,CHEMBL195241,4.1,Cc1c(N2CCN(C)CC2)nc2ccccc2c1C(=O)NCCCCCCCNc1c2c(nc3ccccc13)CCCC2
1242,CHEMBL195241,4.1,Cc1c(N2CCN(C)CC2)nc2ccccc2c1C(=O)NCCCCCCCNc1c2c(nc3ccccc13)CCCC2
2893,CHEMBL195241,4.1,Cc1c(N2CCN(C)CC2)nc2ccccc2c1C(=O)NCCCCCCCNc1c2c(nc3ccccc13)CCCC2
4251,CHEMBL4073287,4.1,COc1cc2c(cc1OC)C(=O)/C(=C/c1cc[n+](Cc3ccc(F)cc3)cc1)C2.[Br-]
7174,CHEMBL1613299,4.11,COc1ccc(NC(=O)C2CCN(C(=O)c3ccccc3)CC2)cc1OC
6381,CHEMBL1613299,4.11,COc1ccc(NC(=O)C2CCN(C(=O)c3ccccc3)CC2)cc1OC
4960,CHEMBL4455013,4.11,COc1ccc(CNC(=O)C2CCN(C(=O)c3ccccc3)CC2)cc1OC
2503,CHEMBL3216554,4.19,CC1=CC2Cc3nc4cc(Cl)ccc4c(NCCCCCCCCCCNc4c5c(nc6ccccc46)CCCC5)c3C(C1)C2.Cl.Cl.Cl
5947,CHEMBL5072428,4.19,Oc1cccc(CCCCCCCCNc2c3c(nc4cc(Cl)ccc24)CCCC3)c1
1746,CHEMBL342413,4.2,O=c1[nH]c2ccccc2c(=O)n1CCC1CCN(Cc2ccccc2)CC1
267,CHEMBL158252,4.2,CN1CCC(CCC2C(=O)Nc3ccccc3C2=O)CC1
4995,CHEMBL4569343,4.2,CC[C@@H](CN1CCCC1=O)C(=O)NCCCCCCCNc1c2c(nc3cc(Cl)ccc13)C[C@H]1C=C(C)C[C@@H]2C1
669,CHEMBL555075,4.3,CCn1c(C)nc2cc(C(=O)CCC3CCN(Cc4ccccc4)CC3)ccc21.Cl
1818,CHEMBL1082435,4.3,CCn1c(C)nc2cc(C(=O)CCC3CCN(Cc4ccccc4)CC3)ccc21
5429,CHEMBL4788434,4.35,COc1cc(CNC(=O)CCCCCNc2c3c(nc4cc(Cl)ccc24)CC2C=C(C)CC3C2)ccc1O
3066,CHEMBL3233829,4.36,CC1=CC2Cc3nc4cc(Cl)ccc4c(NCCCCCCCCNC(=O)c4cc(O)c5c(c4)C(=O)c4cccc(O)c4C5=O)c3C(C1)C2.Cl
4033,CHEMBL3304357,4.4,CC1=CC2Cc3nc4cc(Cl)ccc4c(NCCCCCCCCNC(=O)c4cc(O)c5c(c4)C(=O)c4cccc(O)c4C5=O)c3C(C1)C2
1967,CHEMBL1084262,4.4,O=C(CCc1c[nH]c2ccccc12)NCCCCCCCCCNc1c2c(nc3cc(Cl)ccc13)CCCC2
5434,CHEMBL4741162,4.41,COc1cc(CNC(=O)CCCC/C=C/CNc2c3c(nc4cc(Cl)ccc24)CC2C=C(C)CC3C2)ccc1O
2564,CHEMBL2064471,4.49,O=C(CCNCCNc1c2c(nc3ccccc13)CCCC2)N1CCN(CCNc2c3c(nc4ccccc24)CCCC3)CC1
1748,CHEMBL138552,4.5,O=c1[nH]c2cc(Cl)ccc2c(=O)n1CCC1CCN(Cc2ccccc2)CC1
126,CHEMBL609440,4.5,COc1cc2cc(C(=O)CCc3cc[n+](Cc4ccc([N+](=O)[O-])o4)cc3)sc2cc1OC.[Br-]
893,CHEMBL610242,4.5,COc1cc2c(cc1OC)SC(C(=O)CCc1cc[n+](Cc3coc([N+](=O)[O-])c3)cc1)C2.[I-]
147,CHEMBL352500,4.5,Nc1c2c(nc3cc(Cl)ccc13)C1CCC2C1
627,CHEMBL4524111,4.58,CC1=C[C@@H]2Cc3nc4cc(F)ccc4c(N)c3[C@H](C1)C2
87,CHEMBL87170,4.6,COc1cc2cc(C(=O)CCc3cc[n+](Cc4ccccc4)cc3)sc2cc1OC
914,CHEMBL186042,4.6,COc1cc2c(cc1OC)SC(C(=O)CCc1cc[n+](Cc3ccccc3)cc1)C2
3674,CHEMBL3642049,4.61,CC(=O)NCCc1c[nH]c2ccc(OC(=O)NCCCCCCCCNc3c4c(nc5ccccc35)CCCC4)cc12
7117,CHEMBL6167736,4.65,Cc1ccc(O)c(CNc2c(N)n(C)c(=O)n(C)c2=O)c1
2910,CHEMBL3093804,4.7,[Br-].[Br-].c1cc[n+](CCCCCCCCCCCC[n+]2cccc3ccccc32)cc1
5850,CHEMBL4865061,4.7,O=C(Nc1cncc(OCC2CCN(Cc3ccccc3F)CC2)c1)c1ccnc(NC(=O)C2CC2)c1
1921,CHEMBL75305,4.8,c1cnc2nc3c(c(NCCCCCCNc4c5c(nc6ncccc46)CCCC5)c2c1)CCCC3
1356,CHEMBL507885,4.83,CCN(CCCCCC(=O)N1Cc2ccc3c4c(ccc(c24)C1)CN(C(=O)CCCCCN(CC)Cc1ccccc1OC)C3)Cc1ccccc1OC
5418,CHEMBL4746403,4.9,CCCNC(=O)c1sc(-c2ccnc(NC(=O)CNCCNc3c4c(nc5ccccc35)CCCC4)c2)nc1OCC1CC1
5811,CHEMBL807,4.9,CC12CC3CC(C)(C1)CC(N)(C3)C2
1960,CHEMBL1085940,4.94,CNC(=O)Oc1cccc(CN(C)CCCCCCCOc2ccc3c(c2)CC/C(=C/c2cc(O)c(O)c(O)c2)C3=O)c1
624,CHEMBL143094,4.96,CCC1=CC2Cc3nc4cc(C)cc(C)c4c(N)c3C(C1)C2
2569,CHEMBL2064465,4.97,CCN(CCC(=O)N1CCN(CCNc2c3c(nc4ccccc24)CCCC3)CC1)C1CCCCC1
5314,CHEMBL502,5.0,COc1cc2c(cc1OC)C(=O)C(CC1CCN(Cc3ccccc3)CC1)C2
3590,CHEMBL89354,5.0,CC(C)(C)c1cccc(C(=O)C(F)(F)F)c1
2298,CHEMBL433041,5.0,CCCCCCCNC(=O)Oc1ccc2c(c1)[C@]1(C)CCN(C)[C@@H]1N2C
2289,CHEMBL433041,5.0,CCCCCCCNC(=O)Oc1ccc2c(c1)[C@]1(C)CCN(C)[C@@H]1N2C
2242,CHEMBL395280,5.0,C/C=C1\[C@H]2C=C(C)C[C@]1(N)c1ccc(=O)[nH]c1C2
2162,CHEMBL1669486,5.0,[Br-].[Br-].c1ccc2c[n+](CCCCCCCC[n+]3ccc4ccccc4c3)ccc2c1
7171,CHEMBL502,5.0,COc1cc2c(cc1OC)C(=O)C(CC1CCN(Cc3ccccc3)CC1)C2
2107,CHEMBL1642977,5.0,CC(C)(C)c1cc[n+](CCCCCCCC[n+]2ccc(C(C)(C)C)cc2)cc1.[Br-].[Br-]
2912,CHEMBL3093802,5.0,[Br-].[Br-].c1cc[n+](CCCCCCCCCC[n+]2cccc3ccccc32)cc1
3631,CHEMBL395280,5.0,C/C=C1\[C@H]2C=C(C)C[C@]1(N)c1ccc(=O)[nH]c1C2
71,CHEMBL395280,5.0,C/C=C1\[C@H]2C=C(C)C[C@]1(N)c1ccc(=O)[nH]c1C2
3050,CHEMBL3235503,5.04,c1ccc2c(NCCSSCCNc3c4c(nc5ccccc35)CCCC4)c3c(nc2c1)CCCC3
4937,CHEMBL3235503,5.04,c1ccc2c(NCCSSCCNc3c4c(nc5ccccc35)CCCC4)c3c(nc2c1)CCCC3
4537,CHEMBL3235503,5.04,c1ccc2c(NCCSSCCNc3c4c(nc5ccccc35)CCCC4)c3c(nc2c1)CCCC3
1055,CHEMBL374981,5.08,COc1cc(C(=O)NCCCCCCCCC(=O)NNc2c3c(cc4ccccc24)CCCC3)cc(OC)c1OC
5941,CHEMBL5077234,5.1,COc1cc(CCCCCCCCNc2c3c(nc4cc(Cl)ccc24)CCCC3)cc(OC)c1
1335,CHEMBL3216208,5.13,COc1cc2c(cc1OC)CC(CC1CCN(CCNc3c4c(nc5ccccc35)CCCC4)CC1)C2.Cl.Cl
4908,CHEMBL4569511,5.15,COc1cc2oc(-c3ccc(NCCCCNc4c5c(nc6cc(Cl)ccc46)CCCC5)cc3)cc(=O)c2c(OC)c1OC
1186,CHEMBL243055,5.17,CCN(CCCCCCNC1=C(F)C(=O)C(NCCCCCCN(CC)Cc2ccccc2OC)=C(F)C1=O)Cc1ccccc1OC
2586,CHEMBL2147460,5.18,CN(C)c1ccccc1CNCCCCCCCNc1c2c(nc3ccccc13)CCCC2
3573,CHEMBL3623552,5.2,O=C(c1cnn(C2CCCC2)c1)C(F)(F)F
4256,CHEMBL4082048,5.2,COc1cc2c(cc1OC)C(=O)/C(=C/c1cc[n+](Cc3cccc(Br)c3)cc1)C2.[Br-]
1056,CHEMBL216159,5.24,COc1cc(C(=O)NCCCCCCCC(=O)NNc2c3c(nc4ccccc24)CCCC3)cc(OC)c1OC
249,CHEMBL158232,5.3,CC1CCN(Cc2ccccc2)CC1
246,CHEMBL153865,5.3,CN1CCC(C[C@@H]2Cc3ccccc3C2=O)CC1
4578,CHEMBL4205426,5.31,CCCCCCCCCCCCCCCCNCC(=O)Nc1ccc2nc3n(c(=O)c2c1)CCC3
6386,CHEMBL5276338,5.37,COc1cc2c(cc1OC)CC(CC1CCN(CCCNc3c4c(nc5cc(Cl)ccc35)CC3C=C(C)CC4C3)CC1)C2.Cl.Cl
3314,CHEMBL3356533,5.4,O=C1C=C(NCCCNc2c3c(nc4cc(Cl)ccc24)CCCC3)C(=O)c2ccccc21
1892,CHEMBL1086245,5.4,CNC(=O)Oc1cccc(CN(C)CCCOc2ccc(C(=O)c3ccccc3)cc2)c1
319,CHEMBL544592,5.4,CNC(=O)Oc1cccc(CN(C)CCCOc2ccc(C(=O)c3ccccc3)cc2)c1.Cl
1709,CHEMBL126354,5.4,O=C(c1ccc([N+](=O)[O-])cc1)N(CCC1CCN(Cc2ccccc2)CC1)c1ccccc1
5484,CHEMBL4798535,5.43,COc1cc2c(cc1O)CCC(C)(CC(=O)NCCCCCCCNc1c3c(nc4cc(Cl)ccc14)CCCC3)O2
1216,CHEMBL540131,5.44,CC[N+](CC)(CC)CCOc1ccc(C(=O)NCCCCCC(=O)NNc2c3c(nc4cc(Cl)ccc24)CCCC3)cc1.[Br-]
5428,CHEMBL4743210,5.48,COc1cc(CNC(=O)CCCCNc2c3c(nc4cc(Cl)ccc24)CC2C=C(C)CC3C2)ccc1O
2008,CHEMBL3215602,5.5,Cl.Cl.Oc1c(CNCCCCCCCCCNc2c3c(nc4ccccc24)CCCC3)ccc2cccnc12
6503,CHEMBL5423918,5.58,Cc1cc(=O)[nH]c2c1C(=O)C(NCCCCNc1c3c(nc4cc(Cl)ccc14)CCCC3)=CC2=O
4989,CHEMBL502,5.59,COc1cc2c(cc1OC)C(=O)C(CC1CCN(Cc3ccccc3)CC1)C2
1289,CHEMBL407320,5.6,O=[N+]([O-])OCCCNCCCCNc1c2c(nc3ccccc13)CCCC2
5435,CHEMBL4794769,5.64,COc1cc(CNC(=O)CCCC/C=C/CCCNc2c3c(nc4cc(Cl)ccc24)CC2C=C(C)CC3C2)ccc1O
1057,CHEMBL219569,5.65,COc1cc(C(=O)NCCCCCCC(=O)NNc2c3c(nc4ccccc24)CCCC3)cc(OC)c1OC
1884,CHEMBL1083982,5.7,COc1cc2c(cc1OC)C(=O)C(CC1CCN(c3ccccc3)CC1)C2
4900,CHEMBL502,5.7,COc1cc2c(cc1OC)C(=O)C(CC1CCN(Cc3ccccc3)CC1)C2
2658,CHEMBL340625,5.7,CNC(=O)Oc1cccc(CN(C)CCCOc2ccc3ccc(=O)oc3c2)c1
4633,CHEMBL502,5.7,COc1cc2c(cc1OC)C(=O)C(CC1CCN(Cc3ccccc3)CC1)C2
4489,CHEMBL502,5.7,COc1cc2c(cc1OC)C(=O)C(CC1CCN(Cc3ccccc3)CC1)C2
1772,CHEMBL128471,5.7,CNC(=O)Oc1cccc(CN(C)CCCOc2ccc3c(=O)cc(-c4ccccc4)oc3c2)c1
1766,CHEMBL340625,5.7,CNC(=O)Oc1cccc(CN(C)CCCOc2ccc3ccc(=O)oc3c2)c1
2685,CHEMBL502,5.7,COc1cc2c(cc1OC)C(=O)C(CC1CCN(Cc3ccccc3)CC1)C2
5085,CHEMBL502,5.7,COc1cc2c(cc1OC)C(=O)C(CC1CCN(Cc3ccccc3)CC1)C2
4402,CHEMBL502,5.7,COc1cc2c(cc1OC)C(=O)C(CC1CCN(Cc3ccccc3)CC1)C2
5939,CHEMBL5088557,5.71,COc1cccc(CCCCCCCCNc2c3c(nc4cc(Cl)ccc24)CCCC3)c1
1661,CHEMBL91291,5.8,Cc1cc2onc(CCC3CCN(Cc4ccccc4)CC3)c2cc1C
435,CHEMBL91291,5.8,Cc1cc2onc(CCC3CCN(Cc4ccccc4)CC3)c2cc1C
4252,CHEMBL4099391,5.8,COc1cc2c(cc1OC)C(=O)/C(=C/c1cc[n+](Cc3ccccc3C)cc1)C2.[Br-]
4195,CHEMBL4095535,5.8,COC(=O)c1c[n+](Cc2ccccc2C)ccc1CC1Cc2cc(OC)c(OC)cc2C1=O.[Br-]
849,CHEMBL188823,5.8,COc1cc2onc(CCC3CCN(Cc4ccccc4)CC3)c2cc1C
3185,CHEMBL292314,5.9,Nc1c2c(nc3cc(Cl)ccc13)CCCC2
1479,CHEMBL575674,5.96,CCC1=CC2Cc3nc4cc(Cl)ccc4c(NCCn4cc(CCCCCCN5CCc6cc(OC)c(OC)cc6C5c5cccc([N+](=O)[O-])c5)nn4)c3C(C1)C2
3373,CHEMBL502,6.0,COc1cc2c(cc1OC)C(=O)C(CC1CCN(Cc3ccccc3)CC1)C2
4026,CHEMBL502,6.0,COc1cc2c(cc1OC)C(=O)C(CC1CCN(Cc3ccccc3)CC1)C2
892,CHEMBL362752,6.0,COc1cc2c(cc1OC)SC(C(=O)CCc1cc[n+](Cc3ccsc3)cc1)C2
2302,CHEMBL1080386,6.0,CC(C)c1ccc(NC(=O)Oc2ccc3c(c2)[C@]2(C)CCN(CCc4ccccc4)[C@@H]2N3C)cc1
5247,CHEMBL502,6.0,COc1cc2c(cc1OC)C(=O)C(CC1CCN(Cc3ccccc3)CC1)C2
4835,CHEMBL502,6.0,COc1cc2c(cc1OC)C(=O)C(CC1CCN(Cc3ccccc3)CC1)C2
3408,CHEMBL502,6.0,COc1cc2c(cc1OC)C(=O)C(CC1CCN(Cc3ccccc3)CC1)C2
2323,CHEMBL1783528,6.0,COc1ccccc1CN(C)[C@@H](C)[C@H]1[C@H](O)C[C@@]2(C)[C@@H]3CC[C@H]4[C@]5(C)CSC(C(C)C)=N[C@H]5CC[C@@]45C[C@@]35C(=O)C[C@]12C
2293,CHEMBL1080386,6.0,CC(C)c1ccc(NC(=O)Oc2ccc3c(c2)[C@]2(C)CCN(CCc4ccccc4)[C@@H]2N3C)cc1
110,CHEMBL87649,6.0,COc1cc2cc(C(=O)CCc3cc[n+](Cc4ccsc4)cc3)sc2cc1OC
1831,CHEMBL1085031,6.0,CN(CCOCCNC(=S)NC(=O)c1ccc2c(c1)C(=O)c1ccccc1C2=O)Cc1ccccc1
5400,CHEMBL502,6.0,COc1cc2c(cc1OC)C(=O)C(CC1CCN(Cc3ccccc3)CC1)C2
2243,CHEMBL24686,6.0,COc1cc(-c2cc3c(c(=O)o2)C[C@]2(O)[C@@]4(C)C(=O)C=CC(C)(C)[C@]4(O)CC[C@@]2(C)O3)cc(OC)c1OC
2238,CHEMBL502,6.0,COc1cc2c(cc1OC)C(=O)C(CC1CCN(Cc3ccccc3)CC1)C2
3352,CHEMBL502,6.0,COc1cc2c(cc1OC)C(=O)C(CC1CCN(Cc3ccccc3)CC1)C2
4505,CHEMBL4168520,6.0,CN(C)C(=O)Oc1cccc2c1cc(C(=O)NCCOCCOCCN1C(=O)c3ccccc3C1=O)c[n+]2C.O=S(=O)([O-])C(F)(F)F
5905,CHEMBL5090683,6.0,CCNC(=O)Oc1ccc2c(c1)[C@]1(C)CCOC1O2
3571,CHEMBL3623554,6.05,CC(C)(C)c1cccc(C(=O)C(F)F)c1
3597,CHEMBL3623552,6.11,O=C(c1cnn(C2CCCC2)c1)C(F)(F)F
4867,CHEMBL502,6.2,COc1cc2c(cc1OC)C(=O)C(CC1CCN(Cc3ccccc3)CC1)C2
4024,CHEMBL3884690,6.2,O=S(=O)(c1ccccc1)n1ccc2c(N3CCN(CCCCCCCNc4c5c(nc6ccccc46)CCCC5)CC3)cccc21
5490,CHEMBL4794645,6.23,COc1cc2c(cc1O)CCC(C)(CCC(=O)NCCCCCCCCNc1c3c(nc4cc(Cl)ccc14)CCCC3)O2
886,CHEMBL189122,6.27,C=CC[n+]1ccc(CCC(=O)C2Cc3cc(OC)c(OC)cc3S2)cc1
7156,CHEMBL6169631,6.3,COc1nc(-c2ccnc(NC(=O)C3CC3)c2)sc1C(=O)NCNc1c2c(nc3ccccc13)CCCC2
4648,CHEMBL4286601,6.3,COc1nc(-c2ccnc(NC(=O)C3CC3)c2)sc1C(=O)NCCNc1c2c(nc3ccccc13)CCCC2
1291,CHEMBL261384,6.3,O=[N+]([O-])OCCCCCCNCCCNc1c2c(nc3ccccc13)CCCC2
5026,CHEMBL4556281,6.3,Cl.Cl.N[C@@H](Cc1c[nH]c2ccccc12)C(=O)NCCCCCCNc1c2c(nc3cc(Cl)ccc13)CCCC2
5781,CHEMBL4556281,6.31,Cl.Cl.N[C@@H](Cc1c[nH]c2ccccc12)C(=O)NCCCCCCNc1c2c(nc3cc(Cl)ccc13)CCCC2
6383,CHEMBL5268897,6.32,CCC1=CC2Cc3nc4cc(Cl)ccc4c(NCCCN4CCC(CC5Cc6cc(OC)c(OC)cc6C5)CC4)c3C(C1)C2.Cl.Cl
6446,CHEMBL5278007,6.33,COc1ccc(-c2cc(=O)c3ccc(OCCN4CCC(C)CC4)cc3o2)cc1
6487,CHEMBL4869398,6.36,COc1ccc(OC)c(C2CC(c3cc(F)ccc3F)=NN2c2ccc(S(N)(=O)=O)cc2)c1
6489,CHEMBL4857592,6.36,COc1cccc(C2CC(c3cc(F)cc(F)c3)=NN2c2ccc(S(N)(=O)=O)cc2)c1OC
6490,CHEMBL4847613,6.36,COc1ccc(C2CC(c3cc(F)cc(F)c3)=NN2c2ccc(S(N)(=O)=O)cc2)c(OC)c1
6486,CHEMBL4847624,6.36,COc1ccc(C2CC(c3cc(F)ccc3F)=NN2c2ccc(S(N)(=O)=O)cc2)c(OC)c1
6485,CHEMBL4876038,6.36,COc1cccc(C2CC(c3cc(F)ccc3F)=NN2c2ccc(S(N)(=O)=O)cc2)c1OC
6492,CHEMBL4864555,6.36,COc1ccc(C2CC(c3cc(F)cc(F)c3)=NN2c2ccc(S(N)(=O)=O)cc2)cc1OC
6488,CHEMBL4849196,6.36,COc1ccc(C2CC(c3cc(F)ccc3F)=NN2c2ccc(S(N)(=O)=O)cc2)cc1OC
6491,CHEMBL4872387,6.36,COc1ccc(OC)c(C2CC(c3cc(F)cc(F)c3)=NN2c2ccc(S(N)(=O)=O)cc2)c1
1292,CHEMBL270491,6.4,O=[N+]([O-])OCCCNCCCNc1c2c(nc3ccccc13)CCCC2
7157,CHEMBL4286601,6.4,COc1nc(-c2ccnc(NC(=O)C3CC3)c2)sc1C(=O)NCCNc1c2c(nc3ccccc13)CCCC2
5705,CHEMBL253998,6.4,CC(C)=CCc1c(O)cc(O)c2c1O[C@H](c1ccccc1)CC2=O
4647,CHEMBL4278686,6.4,COc1nc(-c2ccnc(NC(=O)C3CC3)c2)sc1C(=O)NCCCNc1c2c(nc3ccccc13)CCCC2
3532,CHEMBL3600553,6.46,CC1=CC2Cc3nc4ccccc4c(NCCCCCCCCCCNc4c5c(nc6ccccc46)CCCC5)c3C(C1)C2
3576,CHEMBL3623549,6.47,CCC(C)n1cc(C(=O)C(F)(F)F)cn1
2526,CHEMBL2019052,6.5,Cl.O=C(NCCCCCCCCCCNc1c2c(nc3ccccc13)CCCC2)c1cc(=O)c2cc(O)c(O)cc2o1
1212,CHEMBL555247,6.54,CC[N+](CC)(CC)CCOc1cc(OCC[N+](CC)(CC)CC)c(C(=O)NCCCCCC(=O)NNc2c3c(nc4cc(Cl)ccc24)CCCC3)cc1OCC[N+](CC)(CC)CC.[Br-].[Br-].[Br-]
6987,CHEMBL636,6.63,CCN(C)C(=O)Oc1cccc([C@H](C)N(C)C)c1
1220,CHEMBL440983,6.65,O=C(NCCNc1c2c(nc3ccccc13)CCCC2)C(=O)NCCNc1c2c(nc3ccccc13)CCCC2
3228,CHEMBL3355579,6.7,COc1cc(CCC(=O)/C=C/CCCNc2c3c(nc4cc(Cl)ccc24)CC2CC(C)=CC3C2)ccc1O
1474,CHEMBL573095,6.75,CCC1=CC2Cc3nc4cc(Cl)ccc4c(NCCO)c3C(C1)C2
1214,CHEMBL540132,6.75,CC[N+](CC)(CC)CCOc1cc(OCC[N+](CC)(CC)CC)cc(C(=O)NCCCCCC(=O)NNc2c3c(nc4cc(Cl)ccc24)CCCC3)c1.[Br-].[Br-]
3635,CHEMBL3632858,6.8,COc1cc(-c2cc3c(c(=O)o2)C[C@]2(O)[C@@]4(C)C(=O)C=CC(C)(C)[C@]4(O)CC[C@@]2(C)O3)cc(OC)c1O
6242,CHEMBL5219522,6.8,Cc1c(Cl)c(=O)oc2cc(OCCCCSC(=S)N3CCCCC3C)ccc12
666,CHEMBL542543,6.8,Cc1nc2ccc(C(=O)CCC3CCN(Cc4ccccc4)CC3)cc2s1.Cl
1819,CHEMBL1084275,6.8,Cc1nc2ccc(C(=O)CCC3CCN(Cc4ccccc4)CC3)cc2s1
323,CHEMBL557405,6.8,CNC(=O)Oc1cccc(CN(C)CCCCCCCCOc2ccc3c(=O)c4ccccc4oc3c2)c1.Cl
1889,CHEMBL1085278,6.8,CNC(=O)Oc1cccc(CN(C)CCCCCCCCOc2ccc3c(=O)c4ccccc4oc3c2)c1
2499,CHEMBL3217208,6.84,CC1=C[C@H]2Cc3nc4cc(Cl)ccc4c(NCCCCCCCNc4c5c(nc6ccccc46)CCCC5)c3[C@@H](C1)C2.Cl.Cl.Cl
1949,CHEMBL190060,6.86,CNC(=O)Oc1cccc(CN(C)CCCOc2ccc3c(c2)O/C(=C\c2cccc4ccccc24)C3=O)c1
4631,CHEMBL502,6.87,COc1cc2c(cc1OC)C(=O)C(CC1CCN(Cc3ccccc3)CC1)C2
5014,CHEMBL4449083,6.9,Cl.Cl.N[C@H](Cc1c[nH]c2ccccc12)C(=O)NCCCCCCNc1c2c(nc3cc(Cl)ccc13)CCCC2
3338,CHEMBL3403874,6.9,COc1cc2oc(-c3ccc(OCC(=O)NCCCCCNc4c5c(nc6cc(Cl)ccc46)CCCC5)cc3)cc(=O)c2c(OC)c1OC
3926,CHEMBL3827044,6.92,CCCCCCCNC(=O)Oc1cccc(CN(C)CCCCCOc2ccc3c(c2)Oc2ncccc2C3)c1
955,CHEMBL195179,6.96,O=C(CCCCC1CCSS1)NCCCNc1c2c(nc3ccccc13)CCCC2
5495,CHEMBL4747041,6.99,COc1cc2c(cc1OCc1ccccc1)CCC(C)(CC(=O)NCCCCCCCNc1c3c(nc4cc(Cl)ccc14)CCCC3)O2
2108,CHEMBL594629,7.0,CC(C)(C)c1cc[n+](CCCCCCCCCCCC[n+]2ccc(C(C)(C)C)cc2)cc1.[Br-].[Br-]
5504,CHEMBL502,7.0,COc1cc2c(cc1OC)C(=O)C(CC1CCN(Cc3ccccc3)CC1)C2
6218,CHEMBL5219352,7.0,CCOC(=O)c1cc2c(OC(=O)N(C)C)cccc2[n+](C)c1.O=C([O-])C(F)(F)F
3667,CHEMBL3642057,7.0,CC(=O)NCCc1c[nH]c2ccc(OC(=O)NCCCCCCCCCCCCNc3c4c(nc5ccc(Cl)cc35)CCCC4)cc12
2320,CHEMBL1783525,7.0,CC(C)C1=N[C@H]2CC[C@]34C[C@]35C(=O)C[C@]3(C)[C@@H]([C@H](C)N(C)Cc6ccccc6)[C@H](O)C[C@@]3(C)[C@@H]5CC[C@H]4[C@]2(C)CS1
2028,CHEMBL1243360,7.0,CCOC(=O)C1=CN(C)c2cccc(OC(=O)N(C)C)c2C1
889,CHEMBL186264,7.0,CCOCC[n+]1ccc(CCC(=O)C2Cc3cc(OC)c(OC)cc3S2)cc1
121,CHEMBL87441,7.0,CCOCC[n+]1ccc(CCC(=O)c2cc3cc(OC)c(OC)cc3s2)cc1
6577,CHEMBL5396497,7.0,Br.CC[N+](CC)(CCCCCn1c(=O)cc(C)n(CCCn2c(C)cc(=O)n(C)c2=O)c1=O)Cc1ccccc1[N+](=O)[O-]
3844,CHEMBL502,7.0,COc1cc2c(cc1OC)C(=O)C(CC1CCN(Cc3ccccc3)CC1)C2
3564,CHEMBL3621333,7.0,CC[N+]1(Cc2ccccc2[N+](=O)[O-])CCCCCn2c(C)cc(=O)n(c2=O)CCCCC[N+](CC)(Cc2ccccc2[N+](=O)[O-])Cc2ccc(cc2)C1.[Br-].[Br-]
1440,CHEMBL3215768,7.03,Cl.Cl.Cl.Cl.O=C(NCCCCCCCCNc1c2c(nc3cc(Cl)ccc13)CCCC2)c1ccc2nc(-c3ccc(Cl)cc3)c3c(c2c1)OCCC3
6389,CHEMBL1196204,7.03,O=C(NCCCCCCCCNc1c2c(nc3cc(Cl)ccc13)CCCC2)c1ccc2nc(-c3ccc(Cl)cc3)c3c(c2c1)OCCC3
851,CHEMBL93619,7.1,COc1cccc2c(CCC3CCN(Cc4ccccc4)CC3)noc12
438,CHEMBL93619,7.1,COc1cccc2c(CCC3CCN(Cc4ccccc4)CC3)noc12
1664,CHEMBL93619,7.1,COc1cccc2c(CCC3CCN(Cc4ccccc4)CC3)noc12
3575,CHEMBL3623550,7.15,CCCC(C)n1cc(C(=O)C(F)(F)F)cn1
4031,CHEMBL239046,7.16,CCN(Cc1ccccc1)Cc1ccc(-c2cc3cc(OCCNC(=O)/C=C/c4cc(F)cc(F)c4)ccc3oc2=O)cc1
3834,CHEMBL3785391,7.16,CN(C)C(=O)NC1CCc2cc(O)ccc2C1
3328,CHEMBL292314,7.18,Nc1c2c(nc3cc(Cl)ccc13)CCCC2
6411,CHEMBL5278429,7.19,COc1ccc(-c2oc3cc(OC)c(I)cc3c(=O)c2O)cc1
850,CHEMBL94186,7.2,COc1ccc2onc(CCC3CCN(Cc4ccccc4)CC3)c2c1
1662,CHEMBL94186,7.2,COc1ccc2onc(CCC3CCN(Cc4ccccc4)CC3)c2c1
460,CHEMBL94186,7.2,COc1ccc2onc(CCC3CCN(Cc4ccccc4)CC3)c2c1
5909,CHEMBL502,7.39,COc1cc2c(cc1OC)C(=O)C(CC1CCN(Cc3ccccc3)CC1)C2
5013,CHEMBL4559593,7.4,Cl.Cl.NC(Cc1c[nH]c2ccccc12)C(=O)NCCCCCCNc1c2c(nc3cc(Cl)ccc13)CCCC2
3839,CHEMBL95,7.53,Nc1c2c(nc3ccccc13)CCCC2
6447,CHEMBL5273737,7.56,COc1ccc(-c2cc(=O)c3ccc(OCCN4CCN(CCO)CC4)cc3o2)cc1
4037,CHEMBL3303094,7.6,CC1=CC2Cc3nc4cc(Cl)ccc4c(NCCCCCCCCCCNC(=O)c4cc(O)c5c(c4)C(=O)c4cccc(O)c4C5=O)c3C(C1)C2
3636,CHEMBL24686,7.6,COc1cc(-c2cc3c(c(=O)o2)C[C@]2(O)[C@@]4(C)C(=O)C=CC(C)(C)[C@]4(O)CC[C@@]2(C)O3)cc(OC)c1OC
1208,CHEMBL1203985,7.61,CC[N+](CC)(CC)CCOc1ccc(C(=O)NCCCCCC(=O)NNc2c3c(nc4ccccc24)CCCC3)cc1.Cl.[Br-]
3070,CHEMBL3234038,7.61,CC1=CC2Cc3nc4cc(Cl)ccc4c(NCCCCCCCCCCNC(=O)c4cc(O)c5c(c4)C(=O)c4cccc(O)c4C5=O)c3C(C1)C2.Cl
4569,CHEMBL4207101,7.61,O=C(CNCc1cc(F)cc(F)c1)Nc1ccc2nc3n(c(=O)c2c1)CCC3
7030,CHEMBL6148088,7.63,COc1cc2c(cc1OCCCCCC1CCSS1)C(=O)C(CC1CCN(Cc3ccccc3)CC1)C2
3670,CHEMBL3642043,7.7,CC(=O)NCCc1c[nH]c2ccc(OC(=O)NCCCCCCCNc3c4c(nc5cc(Cl)ccc35)CCCC4)cc12
1350,CHEMBL507903,7.7,CCN(CCCCCCn1c(=O)c2cc3c(=O)n(CCCCCCN(CC)Cc4ccccc4OC)c(=O)c3cc2c1=O)Cc1ccccc1OC
261,CHEMBL345905,7.7,CN1CCC(C[C@H]2Cc3ccccc3C2=O)CC1
1176,CHEMBL243273,7.79,CCN(CCCCCCCNC1=CC(=O)C(NCCCCCCCN(CC)Cc2ccccc2OC)=CC1=O)Cc1ccccc1OC
443,CHEMBL433379,7.8,Cc1ccc2onc(CCC3CCN(Cc4ccccc4)CC3)c2c1
1660,CHEMBL433379,7.8,Cc1ccc2onc(CCC3CCN(Cc4ccccc4)CC3)c2c1
848,CHEMBL433379,7.8,Cc1ccc2onc(CCC3CCN(Cc4ccccc4)CC3)c2c1
5482,CHEMBL4789620,7.89,COc1cc2c(cc1OCc1ccccc1)CCC(C)(CC(=O)NCCCCCCCCCNc1c3c(nc4cc(Cl)ccc14)CCCC3)O2
5489,CHEMBL4797177,7.94,COc1cc2c(cc1O)CCC(C)(CCC(=O)NCCCCCCCNc1c3c(nc4cc(Cl)ccc14)CCCC3)O2
6985,CHEMBL6102253,7.97,C[C@@H](c1cccc(OC(=O)NCCc2c[nH]c3ccc(Cl)cc23)c1)N(C)C
3230,CHEMBL502,8.0,COc1cc2c(cc1OC)C(=O)C(CC1CCN(Cc3ccccc3)CC1)C2
436,CHEMBL502,8.0,COc1cc2c(cc1OC)C(=O)C(CC1CCN(Cc3ccccc3)CC1)C2
115,CHEMBL88026,8.0,COc1cc2cc(C(=O)CCC3CC[N+](C)(Cc4ccccc4)CC3)sc2cc1OC.[Br-]
390,CHEMBL502,8.0,COc1cc2c(cc1OC)C(=O)C(CC1CCN(Cc3ccccc3)CC1)C2
313,CHEMBL140020,8.0,C=CC[N+](C)(C)c1ccc(CCC(=O)CCc2ccc([N+](C)(C)CC=C)cc2)cc1
2532,CHEMBL2019043,8.0,Cl.O=C(NCCCCCCCCCCNc1c2c(nc3ccccc13)CCCC2)c1cc(=O)c2cc(O)ccc2o1
371,CHEMBL24686,8.0,COc1cc(-c2cc3c(c(=O)o2)C[C@]2(O)[C@@]4(C)C(=O)C=CC(C)(C)[C@]4(O)CC[C@@]2(C)O3)cc(OC)c1OC
1732,CHEMBL140770,8.0,COc1ccc2c(c1)C(=O)N(CCC1CCN(Cc3ccccc3)CC1)C2=O
1956,CHEMBL372710,8.0,CNC(=O)Oc1cccc(CN(C)CCCCCCCOc2ccc3c(c2)O/C(=C\c2ccc(Cl)c(Cl)c2)C3=O)c1
870,CHEMBL186144,8.0,COc1cc2cc(C(=O)C3CCC[N+](C)(Cc4ccccc4)CC3)sc2cc1OC
645,CHEMBL502,8.0,COc1cc2c(cc1OC)C(=O)C(CC1CCN(Cc3ccccc3)CC1)C2
6948,CHEMBL502,8.0,COc1cc2c(cc1OC)C(=O)C(CC1CCN(Cc3ccccc3)CC1)C2
6546,CHEMBL5412564,8.0,Clc1ccc2c(NCCCCCN3c4ccccc4Sc4ccccc43)c3c(nc2c1)CCCC3
2653,CHEMBL372710,8.0,CNC(=O)Oc1cccc(CN(C)CCCCCCCOc2ccc3c(c2)O/C(=C\c2ccc(Cl)c(Cl)c2)C3=O)c1
1815,CHEMBL502,8.0,COc1cc2c(cc1OC)C(=O)C(CC1CCN(Cc3ccccc3)CC1)C2
1682,CHEMBL1083065,8.0,COc1ccc2c(c1OC)C(=O)CC2CCC1CCN(Cc2ccccc2)CC1
680,CHEMBL87273,8.0,COc1cc2cc(C(=O)CCC3CC[N+](C)(Cc4ccccc4)CC3)sc2cc1OC
3679,CHEMBL3642055,8.1,CC(=O)NCCc1c[nH]c2ccc(OC(=O)NCCCCCCCCCCNc3c4c(nc5cc(Cl)ccc35)CCCC4)cc12
920,CHEMBL190322,8.11,CNC(=O)Oc1cccc2c1SCC1CCN(C)C21
2029,CHEMBL1243329,8.11,CNC(=O)Oc1ccc2c(c1)SC[C@@H]1CCN(C)[C@H]21
1590,CHEMBL502,8.2,COc1cc2c(cc1OC)C(=O)C(CC1CCN(Cc3ccccc3)CC1)C2
6751,CHEMBL5570989,8.28,C[C@@H](c1cccc(OC(=O)NCCCCCNc2c3c(nc4cc(Cl)ccc24)CCCC3)c1)N(C)C
444,CHEMBL418955,8.3,COc1ccc2c(CCC3CCN(Cc4ccccc4)CC3)noc2c1
900,CHEMBL418955,8.3,COc1ccc2c(CCC3CCN(Cc4ccccc4)CC3)noc2c1
1444,CHEMBL486698,8.32,Cl.Nc1c2c(nc3cc(Cl)ccc13)CCCC2
1330,CHEMBL486698,8.32,Cl.Nc1c2c(nc3cc(Cl)ccc13)CCCC2
5494,CHEMBL4787251,8.35,COc1cc2c(cc1O)CCC(C)(CCNCCOCCOCCNc1c3c(nc4cc(Cl)ccc14)CCCC3)O2
3587,CHEMBL3623550,8.37,CCCC(C)n1cc(C(=O)C(F)(F)F)cn1
6986,CHEMBL6143101,8.38,C[C@H](c1cccc(OC(=O)NCCc2c[nH]c3ccc(Cl)cc23)c1)N(C)C
1049,CHEMBL219264,8.39,COc1cc(CCC(=O)NCCCCCC(=O)NNc2c3c(nc4ccccc24)CCCC3)cc(OC)c1OC
268,CHEMBL156874,8.4,CN1CCC(/C=C2\Cc3ccccc3C2=O)CC1
6380,CHEMBL5266286,8.46,COc1ccccc1NC(=O)C1CCN(C(=O)c2ccccc2)CC1
7175,CHEMBL5266286,8.46,COc1ccccc1NC(=O)C1CCN(C(=O)c2ccccc2)CC1
3382,CHEMBL3417001,8.5,COc1cc(N)c(Cl)cc1C(=O)CCC1CCN(Cc2ccccc2)CC1
5959,CHEMBL5206601,8.6,COc1ccc(/C=C/C(=O)Nc2cc[n+](Cc3ccc(F)cc3)cc2)cc1OC.[Br-]
1776,CHEMBL339039,8.6,CCCCNC(=O)Oc1cccc(CN(CC)CCCOc2ccc3c(=O)c4ccccc4oc3c2)c1
1476,CHEMBL574973,8.69,CC1=CC2Cc3nc4cc(Cl)ccc4c(NCCN=[N+]=[N-])c3C(C1)C2
3599,CHEMBL3623554,8.69,CC(C)(C)c1cccc(C(=O)C(F)F)c1
1673,CHEMBL92663,8.8,NC(=O)c1ccc2c(CCC3CCN(Cc4ccccc4)CC3)noc2c1
1859,CHEMBL1082738,8.8,c1ccc2c(NCCCCCCCCNc3c4c(nc5ccccc35)CCCC4)ccnc2c1
1663,CHEMBL418955,8.8,COc1ccc2c(CCC3CCN(Cc4ccccc4)CC3)noc2c1
858,CHEMBL92663,8.8,NC(=O)c1ccc2c(CCC3CCN(Cc4ccccc4)CC3)noc2c1
452,CHEMBL92663,8.8,NC(=O)c1ccc2c(CCC3CCN(Cc4ccccc4)CC3)noc2c1
4205,CHEMBL4081915,8.8,COc1cc2c(cc1OC)C(=O)C(Cc1cc[n+](Cc3ccccc3C)cc1C(C)=O)C2.[Br-]
1729,CHEMBL139353,8.8,Nc1ccc2c(c1)C(=O)N(CCC1CCN(Cc3ccccc3)CC1)C2=O
3588,CHEMBL3623549,8.84,CCC(C)n1cc(C(=O)C(F)(F)F)cn1
1769,CHEMBL128618,8.9,CNC(=O)Oc1cccc(CN(C)CCCOc2ccc3c(=O)ccoc3c2)c1
1764,CHEMBL130918,8.9,CCCCNC(=O)Oc1cccc(CN(C)CCCOc2ccc3c(=O)c4cccnc4oc3c2)c1
6227,CHEMBL127857,8.9,CN(CCCOc1ccc2c(=O)c3ccccc3oc2c1)Cc1cccc(OC(=O)NCCCCCCCCCN2CCOCC2)c1
258,CHEMBL345241,8.9,CC1CCN(CC2CCCCC2)CC1
3324,CHEMBL3356952,8.94,O=C1C(Cl)=C(NCCCNc2c3c(nc4cc(Cl)ccc24)CCCC3)C(=O)c2ccccc21
5853,CHEMBL4875903,9.0,CC(=O)Nc1cc(C(=O)Nc2cncc(OCC3CCN(Cc4ccc(F)cc4)CC3)c2)ccn1
2325,CHEMBL1783515,9.0,COc1ccc(CN(C)[C@@H](C)[C@H]2[C@H](O)C[C@@]3(C)[C@@H]4CC[C@H]5[C@]6(C)CSC(C(C)C)=N[C@H]6CC[C@@]56C[C@@]46C(=O)C[C@]23C)cc1
3843,CHEMBL355160,9.0,COc1cc2c(cc1OC)C(=O)C(CC1CCN(CC3CCCCC3)CC1)C2
2294,CHEMBL1782707,9.0,CN(C)CC(C)(C)c1cccc(OC(=O)NCCCCN2CCOCC2)c1
118,CHEMBL433041,9.0,CCCCCCCNC(=O)Oc1ccc2c(c1)[C@]1(C)CCN(C)[C@@H]1N2C
5473,CHEMBL502,9.0,COc1cc2c(cc1OC)C(=O)C(CC1CCN(Cc3ccccc3)CC1)C2
5589,CHEMBL502,9.0,COc1cc2c(cc1OC)C(=O)C(CC1CCN(Cc3ccccc3)CC1)C2
1735,CHEMBL141001,9.0,O=C1c2cccc([N+](=O)[O-])c2C(=O)N1CCC1CCN(Cc2ccccc2)CC1
3965,CHEMBL502,9.0,COc1cc2c(cc1OC)C(=O)C(CC1CCN(Cc3ccccc3)CC1)C2
694,CHEMBL554452,9.0,CN(C)C(=O)Oc1cccc2c1CCC2N.Cl
2303,CHEMBL1782707,9.0,CN(C)CC(C)(C)c1cccc(OC(=O)NCCCCN2CCOCC2)c1
380,CHEMBL292314,9.0,Nc1c2c(nc3cc(Cl)ccc13)CCCC2
859,CHEMBL93241,9.0,c1ccc(CN2CCC(CCCc3noc4ccccc34)CC2)cc1
2511,CHEMBL3216779,9.09,CC1=CC2Cc3nc4cc(Cl)ccc4c(NCCCCCCCCCCNc4c5c(nc6cc(Cl)ccc46)CCCC5)c3C(C1)C2.Cl.Cl.Cl.Cl
7031,CHEMBL6145132,9.12,COc1cc2c(cc1OCCCCCC1CCSS1)CC(CC1CCN(Cc3ccccc3)CC1)C2=O
3318,CHEMBL3356537,9.24,O=C1C(NCCCNc2c3c(nc4cc(Cl)ccc24)CCCC3)=CC(=O)c2c(O)cccc21
6406,CHEMBL5275941,9.38,COc1cc(O)c(C(=O)/C=C/c2ccc(F)cc2)cc1I
5192,CHEMBL4632951,9.4,C#CCNc1c2c(nc3cc(Cl)ccc13)CCCC2
901,CHEMBL93123,9.4,O=C(Nc1ccc2c(CCC3CCN(Cc4ccccc4)CC3)noc2c1)c1ccccc1
142,CHEMBL134057,9.4,Nc1c2c(nc3cccc(Cl)c13)CCCC2
1666,CHEMBL93123,9.4,O=C(Nc1ccc2c(CCC3CCN(Cc4ccccc4)CC3)noc2c1)c1ccccc1
457,CHEMBL93123,9.4,O=C(Nc1ccc2c(CCC3CCN(Cc4ccccc4)CC3)noc2c1)c1ccccc1
2583,CHEMBL2088785,9.4,N#Cc1cc(C#N)c(NCCCC2CCN(Cc3ccccc3)CC2)nc1N
1183,CHEMBL243269,9.5,CCN(CCCCCCNC1=C(C)C(=O)C(NCCCCCCN(CC)Cc2ccccc2OC)=C(C)C1=O)Cc1ccccc1OC
5003,CHEMBL4443989,9.5,O=C(Nc1cc(-c2cn(CCNc3c4c(nc5ccccc35)CCCC4)nn2)ccn1)Nc1cccc2c1[C@H]1CCCCN1C2=O
6110,CHEMBL5199704,9.54,C#CCOc1cccc(-c2cc(-c3ccc(OCCN4CCOCC4)cc3)nc(C)n2)c1
1436,CHEMBL2448076,9.64,Cl.Cl.O=C(CCc1ccc2nc(-c3ccccc3)c3c(c2c1)OCCC3)NCCCCCNc1c2c(nc3cc(Cl)ccc13)CCCC2
1473,CHEMBL583920,9.66,CC1=CC2Cc3nc4cc(Cl)ccc4c(NCCO)c3C(C1)C2
4021,CHEMBL3884618,9.7,O=S(=O)(c1ccccc1)n1ccc2c(N3CCN(CCCNc4c5c(nc6ccccc46)CCCC5)CC3)cccc21
2460,CHEMBL1940612,9.73,CCN(CCCCCCNC1=CC(=O)c2ccccc2C1=O)Cc1ccccc1OC
5355,CHEMBL4757466,9.75,O=C(CCN1CCC2c3ccccc3NC2C1)Nc1ccc(/C=C2\CCn3c2nc2ccccc2c3=O)cc1
6379,CHEMBL5268019,9.78,COc1ccc(NC(=O)C2CCN(C(=O)c3ccccc3)CC2)cc1
7176,CHEMBL5268019,9.78,COc1ccc(NC(=O)C2CCN(C(=O)c3ccccc3)CC2)cc1
1959,CHEMBL1085939,9.81,CNC(=O)Oc1cccc(CN(C)CCCCCCCOc2ccc3c(c2)OC/C(=C/c2cc(O)c(O)c(O)c2)C3=O)c1
7032,CHEMBL502,9.89,COc1cc2c(cc1OC)C(=O)C(CC1CCN(Cc3ccccc3)CC1)C2
1930,CHEMBL292314,9.9,Nc1c2c(nc3cc(Cl)ccc13)CCCC2
1618,CHEMBL311017,10.0,CN1CCc2cc(C(=O)CCC3CCN(Cc4ccccc4)CC3)ccc21
3943,CHEMBL502,10.0,COc1cc2c(cc1OC)C(=O)C(CC1CCN(Cc3ccccc3)CC1)C2
4684,CHEMBL502,10.0,COc1cc2c(cc1OC)C(=O)C(CC1CCN(Cc3ccccc3)CC1)C2
2030,CHEMBL340391,10.0,CCc1ccccc1NC(=O)Oc1ccc2c(c1)[C@]1(C)CCN(C)[C@@H]1N2C
257,CHEMBL158174,10.0,Cc1ccccc1CN1CCC(C)CC1
2188,CHEMBL105257,10.0,[Br-].[Br-].c1ccc2c(c1)ccc[n+]2CCCCCCCCCCC[n+]1cccc2ccccc21
3771,CHEMBL502,10.0,COc1cc2c(cc1OC)C(=O)C(CC1CCN(Cc3ccccc3)CC1)C2
276,CHEMBL340391,10.0,CCc1ccccc1NC(=O)Oc1ccc2c(c1)[C@]1(C)CCN(C)[C@@H]1N2C
2794,CHEMBL502,10.0,COc1cc2c(cc1OC)C(=O)C(CC1CCN(Cc3ccccc3)CC1)C2
7167,CHEMBL5275356,10.0,COc1ccc([C@@H]2c3[nH]c4ccccc4c3C[C@H]3C(=O)N(CCC4CCN(Cc5ccccc5)CC4)CC(=O)N23)cc1
6896,CHEMBL502,10.0,COc1cc2c(cc1OC)C(=O)C(CC1CCN(Cc3ccccc3)CC1)C2
4726,CHEMBL502,10.0,COc1cc2c(cc1OC)C(=O)C(CC1CCN(Cc3ccccc3)CC1)C2
5048,CHEMBL502,10.0,COc1cc2c(cc1OC)C(=O)C(CC1CCN(Cc3ccccc3)CC1)C2
5830,CHEMBL502,10.0,COc1cc2c(cc1OC)C(=O)C(CC1CCN(Cc3ccccc3)CC1)C2
2585,CHEMBL502,10.0,COc1cc2c(cc1OC)C(=O)C(CC1CCN(Cc3ccccc3)CC1)C2
4457,CHEMBL4161065,10.0,COc1ccc2c(c1)CCC(Cc1cc[n+](Cc3ccccc3C)cc1C(C)=O)C2=O.[Br-]
819,CHEMBL300143,10.0,Cc1ccccc1NC(=O)Oc1ccc2c(c1)[C@]1(C)CCN(C)C1N2C
424,CHEMBL122834,10.0,CCc1ccccc1NC(=O)Oc1ccc2c(c1)[C@]1(C)CCN(C)[C@@H]1N2C.O=C(O)C(O)C(O)C(=O)O
4365,CHEMBL502,10.0,COc1cc2c(cc1OC)C(=O)C(CC1CCN(Cc3ccccc3)CC1)C2
418,CHEMBL120279,10.0,Cc1ccccc1NC(=O)Oc1ccc2c(c1)[C@]1(C)CCN(C)[C@@H]1N2C.O=C(O)C(O)C(O)C(=O)O
4220,CHEMBL23838,10.0,CCOP(=O)(OCC)Oc1ccc([N+](=O)[O-])cc1
1006,CHEMBL130458,10.0,Cc1ccccc1NC(=O)Oc1ccc2c(c1)[C@]1(C)CCN(C)[C@@H]1N2C
292,CHEMBL130458,10.0,Cc1ccccc1NC(=O)Oc1ccc2c(c1)[C@]1(C)CCN(C)[C@@H]1N2C
1293,CHEMBL272229,10.0,O=[N+]([O-])OCCNCCCNc1c2c(nc3ccccc13)CCCC2
2963,CHEMBL502,10.0,COc1cc2c(cc1OC)C(=O)C(CC1CCN(Cc3ccccc3)CC1)C2
6342,CHEMBL1098308,10.0,O=C(CN1CCCCC1)Nc1ccc2nc3c4[nH]c5ccccc5c4ccn3c(=O)c2c1
5119,CHEMBL502,10.0,COc1cc2c(cc1OC)C(=O)C(CC1CCN(Cc3ccccc3)CC1)C2
1684,CHEMBL1083067,10.0,CCCCCCNC(=O)Oc1ccc2c(c1)[C@]1(C)CCN(C)[C@@H]1C2
6791,CHEMBL502,10.0,COc1cc2c(cc1OC)C(=O)C(CC1CCN(Cc3ccccc3)CC1)C2
6725,CHEMBL1098308,10.07,O=C(CN1CCCCC1)Nc1ccc2nc3c4[nH]c5ccccc5c4ccn3c(=O)c2c1
3533,CHEMBL3600554,10.1,CC1=CC2Cc3nc4ccccc4c(NCCCCCCCCCCCCNc4c5c(nc6ccccc46)CCCC5)c3C(C1)C2
1858,CHEMBL1084775,10.1,c1ccc2c(NCCCCCCCNc3c4c(nc5ccccc35)CCCC4)ccnc2c1
6216,CHEMBL130458,10.3,Cc1ccccc1NC(=O)Oc1ccc2c(c1)[C@]1(C)CCN(C)[C@@H]1N2C
2020,CHEMBL300143,10.3,Cc1ccccc1NC(=O)Oc1ccc2c(c1)[C@]1(C)CCN(C)C1N2C
567,CHEMBL300143,10.3,Cc1ccccc1NC(=O)Oc1ccc2c(c1)[C@]1(C)CCN(C)C1N2C
5483,CHEMBL4747836,10.4,COc1cc2c(cc1OCc1ccccc1)CCC(C)(CC(=O)NCCCCCCCCNc1c3c(nc4cc(Cl)ccc14)CCCC3)O2
1127,CHEMBL396199,10.5,COc1cc2cc(-c3ccc(C[N+](C)(C)Cc4ccccc4)cc3)c(=O)oc2cc1OC.[I-]
4581,CHEMBL4203988,10.6,CCCCCCCCNCC(=O)Nc1ccc2nc3n(c(=O)c2c1)CCC3
5356,CHEMBL4750451,10.72,O=C(CCCCCN1CCC2c3ccccc3NC2C1)Oc1ccc(/C=C2\CCn3c2nc2ccccc2c3=O)cc1
3713,CHEMBL3752543,10.8,c1ccc2oc(CNCCCCCCCNc3c4c(nc5ccccc35)CCC4)cc2c1
130,CHEMBL309667,10.9,CNC(=O)Oc1ccc2c(c1)[C@]1(C)CCNC1N2
1981,CHEMBL426015,10.9,Cn1cc(C(=O)NCCCCCCCNc2c3c(nc4cc(Cl)ccc24)CCCC3)c2ccccc21
6407,CHEMBL5272974,10.96,COc1ccc(/C=C/C(=O)c2cc(I)c(OC)cc2O)cc1
6405,CHEMBL5291052,10.98,O=C(/C=C/c1ccc(F)cc1)c1cc(I)c(Br)cc1O
2989,CHEMBL502,11.0,COc1cc2c(cc1OC)C(=O)C(CC1CCN(Cc3ccccc3)CC1)C2
2897,CHEMBL502,11.0,COc1cc2c(cc1OC)C(=O)C(CC1CCN(Cc3ccccc3)CC1)C2
4190,CHEMBL502,11.0,COc1cc2c(cc1OC)C(=O)C(CC1CCN(Cc3ccccc3)CC1)C2
2985,CHEMBL502,11.0,COc1cc2c(cc1OC)C(=O)C(CC1CCN(Cc3ccccc3)CC1)C2
5481,CHEMBL4789172,11.0,COc1cc2c(cc1OCc1ccccc1)CCC(C)(CC(=O)NCCCCCCNc1c3c(nc4cc(Cl)ccc14)CCCC3)O2
4440,CHEMBL4163678,11.0,COc1ccc(C(=O)CCc2cc[n+](Cc3cccc(F)c3)cc2C#N)cc1OC.[Br-]
6448,CHEMBL5276955,11.0,COc1ccc(-c2cc(=O)c3ccc(OCCN4CCOCC4)cc3o2)cc1
3845,CHEMBL502,11.0,COc1cc2c(cc1OC)C(=O)C(CC1CCN(Cc3ccccc3)CC1)C2
4808,CHEMBL502,11.0,COc1cc2c(cc1OC)C(=O)C(CC1CCN(Cc3ccccc3)CC1)C2
6973,CHEMBL502,11.0,COc1cc2c(cc1OC)C(=O)C(CC1CCN(Cc3ccccc3)CC1)C2
2929,CHEMBL502,11.0,COc1cc2c(cc1OC)C(=O)C(CC1CCN(Cc3ccccc3)CC1)C2
3429,CHEMBL3582205,11.0,CC1(C)CCN(Cc2ccc(-c3cnc4[nH]c5cnc(C#N)cc5c4c3)cc2)CC1
1619,CHEMBL308793,11.0,CCN1CCc2cc(C(=O)CCC3CCN(Cc4ccccc4)CC3)ccc21
1736,CHEMBL138442,11.0,Nc1cccc2c1C(=O)N(CCC1CCN(Cc3ccccc3)CC1)C2=O
2326,CHEMBL1783516,11.0,CC(C)C1=N[C@H]2CC[C@]34C[C@]35C(=O)C[C@]3(C)[C@@H]([C@H](C)N(C)Cc6ccccc6C(F)(F)F)[C@H](O)C[C@@]3(C)[C@@H]5CC[C@H]4[C@]2(C)CS1
5372,CHEMBL502,11.0,COc1cc2c(cc1OC)C(=O)C(CC1CCN(Cc3ccccc3)CC1)C2
7259,CHEMBL6191782,11.1,Cc1cc(=O)[nH]c2c1C(=O)C(NCNc1c3c(nc4ccccc14)CCCC3)=CC2=O
6502,CHEMBL5408925,11.1,Cc1cc(=O)[nH]c2c1C(=O)C(NCCCNc1c3c(nc4cc(Cl)ccc14)CCCC3)=CC2=O
6390,CHEMBL1195130,11.1,O=C(CCc1ccc2nc(-c3ccccc3)c3c(c2c1)OCCC3)NCCCCCCNc1c2c(nc3cc(Cl)ccc13)CCCC2
1290,CHEMBL277984,11.1,O=[N+]([O-])OCCNCCCCNc1c2c(nc3ccccc13)CCCC2
1435,CHEMBL3215573,11.1,Cl.Cl.Cl.O=C(CCc1ccc2nc(-c3ccccc3)c3c(c2c1)OCCC3)NCCCCCCNc1c2c(nc3cc(Cl)ccc13)CCCC2
3924,CHEMBL3828693,11.3,CCCCCCCNC(=O)Oc1cccc(CN(C)CCCCCOc2ccc3ccc(=O)oc3c2)c1
5004,CHEMBL4559936,11.4,O=C(Nc1cc(-c2cn(CCNc3c4c(nc5ccccc35)CCCC4)nn2)ccn1)Nc1cccc2c1C1CCCCN1C2=O
6391,CHEMBL1194486,11.4,O=C(CCc1ccc2nc(-c3ccccc3)c3c(c2c1)OCCC3)NCCCCCCCNc1c2c(nc3cc(Cl)ccc13)CCCC2
2507,CHEMBL3216557,11.5,CC1=C[C@H]2Cc3nc4cc(Cl)ccc4c(NCCCCCCCNc4c5c(nc6cc(Cl)ccc46)CCCC5)c3[C@@H](C1)C2.Cl.Cl.Cl.Cl
1329,CHEMBL1678,11.6,COc1cc2c(cc1OC)C(=O)C(CC1CCN(Cc3ccccc3)CC1)C2.Cl
3051,CHEMBL2171309,11.64,COc1cc(/C=C/C(=O)NCCCCCCNc2c3c(nc4ccccc24)CCCC3)ccc1O
3281,CHEMBL502,11.7,COc1cc2c(cc1OC)C(=O)C(CC1CCN(Cc3ccccc3)CC1)C2
1890,CHEMBL1085526,11.7,CNC(=O)Oc1cccc(CN(C)CCCCCCCCCOc2ccc3c(=O)c4ccccc4oc3c2)c1
6545,CHEMBL4856400,11.7,CC1=CC2Cc3nc4cc(Cl)ccc4c(NCCCCCCNC(=O)[C@@H](N)Cc4c[nH]c5ccccc45)c3C(C1)C2.Cl.Cl
5779,CHEMBL4856400,11.7,CC1=CC2Cc3nc4cc(Cl)ccc4c(NCCCCCCNC(=O)[C@@H](N)Cc4c[nH]c5ccccc45)c3C(C1)C2.Cl.Cl
632,CHEMBL139819,11.7,CCC1=CC2Cc3nc4cccc(Cl)c4c(N)c3C(C1)C2
2652,CHEMBL1085526,11.7,CNC(=O)Oc1cccc(CN(C)CCCCCCCCCOc2ccc3c(=O)c4ccccc4oc3c2)c1
315,CHEMBL542467,11.7,CNC(=O)Oc1cccc(CN(C)CCCCCCCCCOc2ccc3c(=O)c4ccccc4oc3c2)c1.Cl
6404,CHEMBL5265752,11.72,COc1ccc(/C=C/C(=O)c2cc(I)c(Cl)cc2O)cc1
5774,CHEMBL4871975,11.9,Cc1ccc(S(=O)(=O)SCc2ccc(C(C)C)cc2)cc1
5441,CHEMBL4778409,12.0,COc1cc2c(cc1OC)/C(=C\c1ccc(N3CCCCC3)c(O)c1)OC2=O
3422,CHEMBL502,12.0,COc1cc2c(cc1OC)C(=O)C(CC1CCN(Cc3ccccc3)CC1)C2
2665,CHEMBL28,12.0,O=c1cc(-c2ccc(O)cc2)oc2cc(O)cc(O)c12
2667,CHEMBL164,12.0,O=c1c(O)c(-c2cc(O)c(O)c(O)c2)oc2cc(O)cc(O)c12
679,CHEMBL542297,12.0,Cc1nc2cc(C(=O)CCC3CCN(Cc4ccccc4)CC3)ccc2[nH]1.Cl
2668,CHEMBL309490,12.0,O=c1c(O)c(-c2ccccc2)oc2cc(O)cc(O)c12
2669,CHEMBL2297279,12.0,O=c1c(OC2O[C@H](CO)[C@H](O)[C@H](O)[C@H]2O)c(-c2ccc(O)cc2)oc2cc(O)cc(O)c12
1820,CHEMBL1084790,12.0,Cc1nc2cc(C(=O)CCC3CCN(Cc4ccccc4)CC3)ccc2[nH]1
2670,CHEMBL226335,12.0,C[C@@H]1O[C@@H](OC[C@H]2O[C@@H](Oc3c(-c4ccc(O)c(O)c4)oc4cc(O)cc(O)c4c3=O)[C@H](O)[C@@H](O)[C@@H]2O)[C@H](O)[C@H](O)[C@H]1O
2666,CHEMBL31574,12.0,O=c1c(O)c(-c2ccc(O)c(O)c2)oc2cc(O)ccc12
2109,CHEMBL1642979,12.0,CC(C)(C)c1cc[n+](CCCCCCCCCC[n+]2ccc(C(C)(C)C)cc2)cc1.[Br-].[Br-]
2575,CHEMBL395280,12.0,C/C=C1\[C@H]2C=C(C)C[C@]1(N)c1ccc(=O)[nH]c1C2
4370,CHEMBL502,12.0,COc1cc2c(cc1OC)C(=O)C(CC1CCN(Cc3ccccc3)CC1)C2
7009,CHEMBL502,12.0,COc1cc2c(cc1OC)C(=O)C(CC1CCN(Cc3ccccc3)CC1)C2
3830,CHEMBL3785269,12.06,COc1cccc2c1CCC(NS(=O)(=O)N(C)C)C2
4981,CHEMBL502,12.1,COc1cc2c(cc1OC)C(=O)C(CC1CCN(Cc3ccccc3)CC1)C2
2345,CHEMBL1819177,12.1,Clc1ccc2c(NCCCCCCCNc3c4c(nc5cc(Cl)ccc35)-c3ccccc3C4)c3c(nc2c1)CCCC3
5408,CHEMBL4756424,12.1,CNC(=O)c1sc(-c2ccnc(NC(=O)C3CC3)c2)nc1OCCOCc1cn(CCNc2c3c(nc4cc(Cl)ccc24)CCCC3)nn1
5780,CHEMBL4878434,12.1,CC1=CC2Cc3nc4cc(Cl)ccc4c(NCCCCCCCNC(=O)[C@@H](N)Cc4c[nH]c5ccccc45)c3C(C1)C2.Cl.Cl
316,CHEMBL540833,12.4,CNC(=O)Oc1ccc2c(c1)CN(CCCOc1ccc3c(=O)c4ccccc4oc3c1)CC2.Cl
1725,CHEMBL105874,12.5,O=C1c2ccc([N+](=O)[O-])cc2C(=O)N1CCC1CCN(Cc2ccccc2)CC1
1853,CHEMBL1084369,12.8,c1ccc2c(NCCCCCCCNc3ccncc3)c3c(nc2c1)CCCC3
6184,CHEMBL5178885,12.9,O=C(Nc1ccc(OC(F)(F)F)cc1)NC1CCN(C(=O)CCCCNc2c3c(nc4cc(Cl)ccc24)CCCC3)CC1
1171,CHEMBL242836,12.9,COc1ccccc1CN(CCCCCCNC1=CC(=O)C(NCCCCCCN(Cc2ccccc2OC)C(C)C)=CC1=O)C(C)C
7200,CHEMBL5178885,12.9,O=C(Nc1ccc(OC(F)(F)F)cc1)NC1CCN(C(=O)CCCCNc2c3c(nc4cc(Cl)ccc24)CCCC3)CC1
4023,CHEMBL3885186,12.9,O=S(=O)(c1ccccc1)n1ccc2c(N3CCN(CCCCCCNc4c5c(nc6ccccc46)CCCC5)CC3)cccc21
733,CHEMBL544398,13.0,CN(C)C(=O)Oc1cccc2c1CCC2N(C)C.Cl
1833,CHEMBL317541,13.0,CN(CCOCCNC(=S)NC(=O)c1ccccc1)C1CCCCC1
6206,CHEMBL5219098,13.0,O=c1c(NCCCCCCCc2c3c(nc4ccccc24)CCCC3)c(NCCCCCCCc2c3c(nc4ccccc24)CCCC3)c1=O
815,CHEMBL362049,13.0,Cc1ccccc1NC(=O)Oc1ccc2c(c1)[C@]1(C)CCOC1N2C
1000,CHEMBL205895,13.0,Cc1ccccc1NC(=O)Oc1ccc2c(c1)[C@]1(C)CCO[C@@H]1N2C
2797,CHEMBL2419688,13.0,N#Cc1cc(C#N)c(NCCCCC2CCN(Cc3ccccc3)CC2)nc1Cl
1738,CHEMBL140106,13.0,O=C1c2cccnc2C(=O)N1CCC1CCN(Cc2ccccc2)CC1
3921,CHEMBL128390,13.0,CCCCCCCNC(=O)Oc1cccc(CN(C)CCCOc2ccc3c(=O)c4cccnc4oc3c2)c1
1759,CHEMBL128863,13.0,CCNC(=O)Oc1cccc(CN(C)CCCOc2ccc3c(=O)c4ccccc4oc3c2)c1
1747,CHEMBL141276,13.0,O=C1Nc2ccccc2CN1CCC1CCN(Cc2ccccc2)CC1
347,CHEMBL59782,13.0,CCCCCCCNc1c2c(nc3cc(Cl)ccc13)CCCC2
1944,CHEMBL59782,13.0,CCCCCCCNc1c2c(nc3cc(Cl)ccc13)CCCC2
6387,CHEMBL5290959,13.0,COc1cc2c(cc1OC)CC(CC1CCN(CCNc3c4c(nc5cc(Cl)ccc35)CC3C=C(C)CC4C3)CC1)C2.Cl.Cl
1768,CHEMBL1084883,13.0,CCCCCCNC(=O)Oc1cccc(CN(C)CCCOc2ccc3ccc(=O)oc3c2)c1
2516,CHEMBL292314,13.2,Nc1c2c(nc3cc(Cl)ccc13)CCCC2
4840,CHEMBL4585990,13.3,O=C(CCC1CCN(Cc2ccccc2)CC1)c1ccc2[nH]ccc2c1
4576,CHEMBL4217666,13.3,C=CCCNCC(=O)Nc1ccc2nc3n(c(=O)c2c1)CCC3
5945,CHEMBL5078914,13.4,O=C(O)c1c(O)cccc1CCCCCCCCNc1c2c(nc3cc(Cl)ccc13)CCCC2
3339,CHEMBL292314,13.6,Nc1c2c(nc3cc(Cl)ccc13)CCCC2
4042,CHEMBL4112162,13.6,CC1=C[C@H]2Cc3nc4cc(Cl)ccc4c(N)c3[C@@H](C1)C2
1854,CHEMBL1084096,13.6,c1ccc2c(NCCCCCCCCNc3ccncc3)c3c(nc2c1)CCCC3
1178,CHEMBL243272,13.6,CCN(CCCCNC1=CC(=O)C(NCCCCN(CC)Cc2ccccc2OC)=CC1=O)Cc1ccccc1OC
2514,CHEMBL2011499,13.6,CC1=C[C@H]2Cc3nc4cc(Cl)ccc4c(N)c3[C@@H](C1)C2.Cl
5002,CHEMBL4443468,13.7,O=C(Nc1cc(-c2cn(CCNc3c4c(nc5ccccc35)CCCC4)nn2)ccn1)Nc1cccc2c1[C@@H]1CCCCN1C2=O
1477,CHEMBL574974,13.7,CCC1=CC2Cc3nc4cc(Cl)ccc4c(NCCN=[N+]=[N-])c3C(C1)C2
6980,CHEMBL6133076,13.79,CC(c1cccc(OC(=O)NCCc2c[nH]c3ccc(Cl)cc23)c1)N(C)C
1168,CHEMBL394865,13.8,CCN(CCCCCCNC1=CC(=O)C(NCCCCCCN(CC)Cc2cccc(OC)c2)=CC1=O)Cc1cccc(OC)c1
135,CHEMBL80247,13.8,CN1c2ccc(OC(=O)Nc3ccccc3)cc2[C@]2(C)CCNC12
2343,CHEMBL1819175,13.9,c1ccc2c(c1)Cc1c-2nc2ccccc2c1NCCCCCCCNc1c2c(nc3ccccc13)CCCC2
1767,CHEMBL128551,14.0,CCCCNC(=O)Oc1cccc(CN(C)CCCOc2ccc3ccc(=O)oc3c2)c1
6286,CHEMBL5265846,14.0,CCN(C)C(=O)Oc1ccc2c(c1)C=CC(C)N(C)C2CCOc1ccc([N+](=O)[O-])cc1
1351,CHEMBL507304,14.0,CCN(CCCCCCN1C(=O)c2ccc(-c3ccc4c(c3)C(=O)N(CCCCCCN(CC)Cc3ccccc3OC)C4=O)cc2C1=O)Cc1ccccc1OC
2330,CHEMBL1783499,14.0,CC(C)C1=N[C@H]2CC[C@]34C[C@]35C(=O)C[C@]3(C)[C@@H]([C@H](C)N(C)CCCN6C(=O)c7ccccc7C6=O)[C@H](O)C[C@@]3(C)[C@@H]5CC[C@H]4[C@]2(C)CS1
3630,CHEMBL502,14.0,COc1cc2c(cc1OC)C(=O)C(CC1CCN(Cc3ccccc3)CC1)C2
6392,CHEMBL1194487,14.0,O=C(CCc1ccc2nc(-c3ccccc3)c3c(c2c1)OCCC3)NCCCCCCCCNc1c2c(nc3cc(Cl)ccc13)CCCC2
285,CHEMBL335220,14.0,Cc1ccc(NC(=O)Oc2ccc3c(c2)[C@]2(C)CCN(C)[C@@H]2N3C)c(C)c1
5568,CHEMBL502,14.0,COc1cc2c(cc1OC)C(=O)C(CC1CCN(Cc3ccccc3)CC1)C2
988,CHEMBL197696,14.0,CN(C)C(=O)Oc1ccc2c(c1)C=CCN(C)[C@@H]2CCOc1ccc([N+](=O)[O-])cc1
4405,CHEMBL4166300,14.0,COc1cc2c(cc1OC)C(=O)/C(=C/C1CCN(Cc3cc(N)c4ccccc4n3)CC1)C2
853,CHEMBL92955,14.0,O=S(=O)(Nc1ccc2c(CCC3CCN(Cc4ccccc4)CC3)noc2c1)c1ccccc1
1667,CHEMBL92955,14.0,O=S(=O)(Nc1ccc2c(CCC3CCN(Cc4ccccc4)CC3)noc2c1)c1ccccc1
4869,CHEMBL4589118,14.0,Cc1c(OCc2ccccc2)cccc1N1CCN(CCCCCCNc2c3c(nc4c2CCCC4)CCCC3)CC1
2649,CHEMBL128551,14.0,CCCCNC(=O)Oc1cccc(CN(C)CCCOc2ccc3ccc(=O)oc3c2)c1
441,CHEMBL92955,14.0,O=S(=O)(Nc1ccc2c(CCC3CCN(Cc4ccccc4)CC3)noc2c1)c1ccccc1
1433,CHEMBL3215574,14.0,Cl.Cl.Cl.O=C(CCc1ccc2nc(-c3ccccc3)c3c(c2c1)OCCC3)NCCCCCCCCNc1c2c(nc3cc(Cl)ccc13)CCCC2
4204,CHEMBL4094081,14.0,COc1cc2c(cc1OC)C(=O)C(Cc1cc[n+](Cc3cccc(C)c3)cc1C(C)=O)C2.[Br-]
325,CHEMBL94,14.1,CNC(=O)Oc1ccc2c(c1)[C@]1(C)CCN(C)[C@@H]1N2C
3187,CHEMBL3322234,14.2,Cl.O=C(NCCCCCNc1c2c(nc3cc(Cl)ccc13)CCCC2)c1ccc2nc(-c3ccc(Cl)cc3)c3c(c2c1)NCCC3
3188,CHEMBL3322233,14.2,Cl.O=C(NCCCCNc1c2c(nc3cc(Cl)ccc13)CCCC2)c1ccc2nc(-c3ccc(Cl)cc3)c3c(c2c1)NCCC3
3311,CHEMBL3356530,14.3,O=C1C=C(NCCNc2c3c(nc4ccccc24)CCCC3)C(=O)c2ccccc21
1434,CHEMBL3216221,14.4,Cl.Cl.Cl.O=C(CCc1ccc2nc(-c3ccccc3)c3c(c2c1)OCCC3)NCCCCCCCNc1c2c(nc3cc(Cl)ccc13)CCCC2
4802,CHEMBL292314,14.5,Nc1c2c(nc3cc(Cl)ccc13)CCCC2
7161,CHEMBL2021616,14.5,CC1=C[C@H]2Cc3nc4cc(Cl)ccc4c(N)c3[C@@H](C1)C2
6182,CHEMBL5204900,14.5,O=C(Nc1ccc(OC(F)(F)F)cc1)NC1CCN(C(=O)CCNc2c3c(nc4cc(Cl)ccc24)CCCC3)CC1
5474,CHEMBL292314,14.5,Nc1c2c(nc3cc(Cl)ccc13)CCCC2
6188,CHEMBL292314,14.5,Nc1c2c(nc3cc(Cl)ccc13)CCCC2
7198,CHEMBL5204900,14.5,O=C(Nc1ccc(OC(F)(F)F)cc1)NC1CCN(C(=O)CCNc2c3c(nc4cc(Cl)ccc24)CCCC3)CC1
5949,CHEMBL292314,14.5,Nc1c2c(nc3cc(Cl)ccc13)CCCC2
3578,CHEMBL89354,14.6,CC(C)(C)c1cccc(C(=O)C(F)(F)F)c1
2021,CHEMBL1172913,14.6,Cc1ccccc1NC(=O)Oc1ccc2c(c1)[C@]1(C)CC[N+](C)(C)C1N2C.[Br-]
4630,CHEMBL4240861,14.7,COc1ccc2c(c1)C/C(=C/c1ccccc1-c1ccc3nc(N)ccc3c1)C2=O
2570,CHEMBL2064464,14.9,CN(CCC(=O)N1CCN(CCNc2c3c(nc4ccccc24)CCCC3)CC1)C1CCCCC1
1826,CHEMBL430679,15.0,CN(CCOCCNC(=S)NC(=O)c1cccc([N+](=O)[O-])c1)Cc1ccccc1
6268,CHEMBL5278147,15.0,COc1cc2c(cc1OC)/C(=N\NC(=O)C(C)c1ccc(CC(C)C)cc1)C(CC1CCN(Cc3ccccc3)CC1)C2
2031,CHEMBL130270,15.0,CC(C)c1ccccc1NC(=O)Oc1ccc2c(c1)[C@]1(C)CCN(C)[C@@H]1N2C
3476,CHEMBL502,15.0,COc1cc2c(cc1OC)C(=O)C(CC1CCN(Cc3ccccc3)CC1)C2
274,CHEMBL130270,15.0,CC(C)c1ccccc1NC(=O)Oc1ccc2c(c1)[C@]1(C)CCN(C)[C@@H]1N2C
214,CHEMBL74107,15.0,CCCCCCCCNC(=O)Oc1ccc2c(c1)[C@]1(C)CCN(C)[C@@H]1N2C
6317,CHEMBL5275356,15.0,COc1ccc([C@@H]2c3[nH]c4ccccc4c3C[C@H]3C(=O)N(CCC4CCN(Cc5ccccc5)CC4)CC(=O)N23)cc1
2908,CHEMBL3093791,15.13,COc1cc2[se]n(CCCCCCNc3c4c(nc5ccccc35)CCCC4)c(=O)c2cc1OC
5422,CHEMBL4798419,15.2,CNC(=O)c1sc(-c2ccnc(NC(=O)CNCCCCCCCCNc3c4c(nc5ccccc35)CCCC4)c2)nc1OCC1CC1
3712,CHEMBL3752969,15.3,COc1cccc2cc(CNCCCCCCNc3c4c(nc5ccccc35)CCCC4)oc12
3175,CHEMBL3322160,15.4,O=C(Cc1cc(=O)oc2cc(O)ccc12)NCCCCNc1c2c(nc3ccccc13)CCCC2
1215,CHEMBL1203986,15.8,CC[N+](CC)(CC)CCOc1cc(OCC[N+](CC)(CC)CC)cc(C(=O)NCCCCCC(=O)NNc2c3c(nc4ccccc24)CCCC3)c1.Cl.[Br-].[Br-]
3832,CHEMBL3786448,15.82,COc1ccc2c(c1)CC(NS(=O)(=O)N(C)C)CC2
1354,CHEMBL449467,15.9,CCN(CCCCCCN1CC(=O)N(CCCCCCN(CC)Cc2ccccc2OC)CC1=O)Cc1ccccc1OC
3354,CHEMBL502,16.0,COc1cc2c(cc1OC)C(=O)C(CC1CCN(Cc3ccccc3)CC1)C2
215,CHEMBL74107,16.0,CCCCCCCCNC(=O)Oc1ccc2c(c1)[C@]1(C)CCN(C)[C@@H]1N2C
5900,CHEMBL94,16.0,CNC(=O)Oc1ccc2c(c1)[C@]1(C)CCN(C)[C@@H]1N2C
3372,CHEMBL3417009,16.0,COc1cc(N)c(Cl)cc1C(=O)CCC1CCN(CC2CCCCC2)CC1
6472,CHEMBL502,16.0,COc1cc2c(cc1OC)C(=O)C(CC1CCN(Cc3ccccc3)CC1)C2
6031,CHEMBL3417009,16.0,COc1cc(N)c(Cl)cc1C(=O)CCC1CCN(CC2CCCCC2)CC1
4993,CHEMBL3417009,16.0,COc1cc(N)c(Cl)cc1C(=O)CCC1CCN(CC2CCCCC2)CC1
7033,CHEMBL3417009,16.0,COc1cc(N)c(Cl)cc1C(=O)CCC1CCN(CC2CCCCC2)CC1
277,CHEMBL502,16.0,COc1cc2c(cc1OC)C(=O)C(CC1CCN(Cc3ccccc3)CC1)C2
187,CHEMBL502,16.0,COc1cc2c(cc1OC)C(=O)C(CC1CCN(Cc3ccccc3)CC1)C2
4677,CHEMBL3417009,16.0,COc1cc(N)c(Cl)cc1C(=O)CCC1CCN(CC2CCCCC2)CC1
5038,CHEMBL502,16.0,COc1cc2c(cc1OC)C(=O)C(CC1CCN(Cc3ccccc3)CC1)C2
7160,CHEMBL3417009,16.0,COc1cc(N)c(Cl)cc1C(=O)CCC1CCN(CC2CCCCC2)CC1
1628,CHEMBL308807,16.0,O=C(CCC1CCN(Cc2cccc(F)c2)CC1)c1ccc2c(c1)CCN2
1502,CHEMBL604478,16.0,C/C=C1\[C@H]2C=C(C)C[C@]1(/N=C/c1ccc(O)c(OC)c1)c1ccc(=O)[nH]c1C2
6782,CHEMBL5566300,16.0,CCCCOc1cc(-c2nc(C)no2)ccc1N
2110,CHEMBL1642976,16.0,CC(C)(C)c1cc[n+](CCCCCCC[n+]2ccc(C(C)(C)C)cc2)cc1.[Br-].[Br-]
1362,CHEMBL173309,16.1,CCN(CCCCCC(=O)N(C)CCCCCCCCN(C)C(=O)CCCCCN(CC)Cc1ccccc1OC)Cc1ccccc1OC
5185,CHEMBL502,16.1,COc1cc2c(cc1OC)C(=O)C(CC1CCN(Cc3ccccc3)CC1)C2
3410,CHEMBL3417300,16.11,Cc1c(C)c2ccc(OCCN3CCN(CCCNc4c5c(nc6ccccc46)CCCC5)CC3)cc2oc1=O
3828,CHEMBL3786516,16.38,COc1ccc2c(c1)CCC(NC(=O)N(C)C)C2
4467,CHEMBL4173239,16.5,COc1ccc2c(c1)CCC(Cc1cc[n+](Cc3cccc(C)c3)cc1Br)C2=O.[Br-]
2339,CHEMBL1819171,16.5,c1ccc2c(NCCCCCCCCN3CCOCC3)c3c(nc2c1)CCCC3
5358,CHEMBL4742248,16.54,O=C(CCCN1CCC2c3ccccc3NC2C1)Oc1ccc(/C=C2\CCn3c2nc2ccccc2c3=O)cc1
1437,CHEMBL3216018,16.6,Cl.Cl.Cl.O=C(CCc1ccc2nc(-c3ccccc3)c3c(c2c1)OCCC3)NCCCCNc1c2c(nc3cc(Cl)ccc13)CCCC2
4567,CHEMBL4202749,16.8,N#Cc1ccccc1CNCC(=O)Nc1ccc2nc3n(c(=O)c2c1)CCC3
3831,CHEMBL3787223,16.97,COc1ccc2c(c1)CCC(NS(=O)(=O)N(C)C)C2
6075,CHEMBL502,17.0,COc1cc2c(cc1OC)C(=O)C(CC1CCN(Cc3ccccc3)CC1)C2
585,CHEMBL53623,17.0,Cc1ccccc1NC(=O)Oc1ccc2c(c1)[C@]1(C)CCNC1N2C
6538,CHEMBL502,17.0,COc1cc2c(cc1OC)C(=O)C(CC1CCN(Cc3ccccc3)CC1)C2
653,CHEMBL87344,17.0,C[N+]1(Cc2ccccc2)CCC(CCC(=O)c2ccc3c(c2)CCO3)CC1
5942,CHEMBL5092094,17.0,COC(=O)c1c(O)cccc1CCCCCCCCNc1c2c(nc3ccccc13)CCCC2
1059,CHEMBL219550,17.0,COc1cc(C(=O)NCCCCC(=O)NNc2c3c(nc4ccccc24)CCCC3)cc(OC)c1OC
6597,CHEMBL5406359,17.0,CCOP(=O)(OCC)C(NCc1cccs1)c1cn(-c2ccccc2)nc1-c1ccc(Cl)cc1
6838,CHEMBL502,17.0,COc1cc2c(cc1OC)C(=O)C(CC1CCN(Cc3ccccc3)CC1)C2
1741,CHEMBL140990,17.0,O=C1Cc2ccccc2CN1CCC1CCN(Cc2ccccc2)CC1
5972,CHEMBL502,17.0,COc1cc2c(cc1OC)C(=O)C(CC1CCN(Cc3ccccc3)CC1)C2
2911,CHEMBL3093803,17.0,[Br-].[Br-].c1cc[n+](CCCCCCCCCCC[n+]2cccc3ccccc32)cc1
919,CHEMBL189907,17.3,CNC(=O)Oc1cccc2c1CCC1CCN(C)C21
1175,CHEMBL394348,17.3,CCN(CCCCCCNC1=CC(=O)C(NCCCCCCN(CC)CCc2ccccc2OC)=CC1=O)CCc1ccccc1OC
2032,CHEMBL1243359,17.3,CNC(=O)Oc1ccc2c(c1)CC[C@@H]1CCN(C)[C@H]21
3336,CHEMBL3403877,17.3,COc1cc2oc(-c3cccc(OCC(=O)NCCCCCNc4c5c(nc6cc(Cl)ccc46)CCCC5)c3)cc(=O)c2c(OC)c1OC
3071,CHEMBL3234039,17.4,CC1=CC2Cc3nc4cc(Cl)ccc4c(NCCCCCCCCCCCNC(=O)c4cc(O)c5c(c4)C(=O)c4cccc(O)c4C5=O)c3C(C1)C2.Cl
4038,CHEMBL3304241,17.4,CC1=CC2Cc3nc4cc(Cl)ccc4c(NCCCCCCCCCCCNC(=O)c4cc(O)c5c(c4)C(=O)c4cccc(O)c4C5=O)c3C(C1)C2
3144,CHEMBL3353041,17.5,CC1=C[C@H]2Cc3nc4cc(Cl)ccc4c(NCCCCCCCCCCNc4c5c(nc6cc(Cl)ccc46)C[C@@H]4C=C(C)C[C@H]5C4)c3[C@@H](C1)C2
2540,CHEMBL2019030,17.5,Cl.O=C(NCCCCCCCCCCNc1c2c(nc3ccccc13)CCCC2)c1cc(=O)c2ccccc2o1
4610,CHEMBL292314,17.6,Nc1c2c(nc3cc(Cl)ccc13)CCCC2
5361,CHEMBL502,17.76,COc1cc2c(cc1OC)C(=O)C(CC1CCN(Cc3ccccc3)CC1)C2
5871,CHEMBL4849427,18.0,COc1ccc2[nH]cc(CCNC(=O)CCCCn3cc(CCCCN4CC[C@@]56C=C[C@H](O)C[C@@H]5Oc5c(OC)ccc(c56)C4)nn3)c2c1
1708,CHEMBL140737,18.0,O=C(c1ccc(F)cc1)N(CCC1CCN(Cc2ccccc2)CC1)c1ccccc1
4206,CHEMBL4060011,18.0,COc1cc2c(cc1OC)C(=O)C(Cc1cc[n+](Cc3ccccc3)cc1C(C)=O)C2.[Br-]
1272,CHEMBL244416,18.0,CCN(Cc1ccccc1)Cc1ccc(-c2cc3cc(OC)c(OC)cc3oc2=O)cc1
1020,CHEMBL464538,18.0,C=CC[N+](C)(C)c1ccc(CCC(=O)CCc2ccc([N+](C)(C)CC=C)cc2)cc1.[Br-].[Br-]
3438,CHEMBL3582214,18.0,N#Cc1cc2c(cn1)[nH]c1ncc(-c3nc(CN4CCCCC4)cs3)cc12
3423,CHEMBL3359895,18.0,CN1CCN(c2ccc(-c3cnc4[nH]c5cnc(C#N)cc5c4c3)cc2)CC1
661,CHEMBL502,18.0,COc1cc2c(cc1OC)C(=O)C(CC1CCN(Cc3ccccc3)CC1)C2
5859,CHEMBL502,18.0,COc1cc2c(cc1OC)C(=O)C(CC1CCN(Cc3ccccc3)CC1)C2
1972,CHEMBL224202,18.0,O=C(/C=C/c1c[nH]c2ccccc12)NCCCCCCNc1c2c(nc3cc(Cl)ccc13)CCCC2
2254,CHEMBL502,18.0,COc1cc2c(cc1OC)C(=O)C(CC1CCN(Cc3ccccc3)CC1)C2
4622,CHEMBL709,18.0,COc1cc2nc(N(C)CCCNC(=O)C3CCCO3)nc(N)c2cc1OC
6549,CHEMBL5408201,18.0,Cl.O=C(NCCCNc1c2c(nc3cc(Cl)ccc13)CCCC2)c1nc2ccc([N+](=O)[O-])cc2s1
4203,CHEMBL4066548,18.0,COc1cc2c(cc1OC)C(=O)C(Cc1cc[n+](Cc3ccccc3Cl)cc1C(C)=O)C2.[Br-]
6689,CHEMBL502,18.0,COc1cc2c(cc1OC)C(=O)C(CC1CCN(Cc3ccccc3)CC1)C2
4450,CHEMBL4165973,18.1,COc1ccc(C(=O)CCc2cc[n+](Cc3cccc(Cl)c3)cc2C(=O)O)cc1OC.[Br-]
1288,CHEMBL260308,18.1,O=[N+]([O-])OCCCCCCNCCCCNc1c2c(nc3ccccc13)CCCC2
3072,CHEMBL3234040,18.2,CC1=CC2Cc3nc4cc(Cl)ccc4c(NCc4ccc(CNC(=O)c5cc(O)c6c(c5)C(=O)c5cccc(O)c5C6=O)cc4)c3C(C1)C2.Cl
4039,CHEMBL3304178,18.2,CC1=CC2Cc3nc4cc(Cl)ccc4c(NCc4ccc(CNC(=O)c5cc(O)c6c(c5)C(=O)c5cccc(O)c5C6=O)cc4)c3C(C1)C2
1058,CHEMBL434378,18.2,COc1cc(C(=O)NCCCCCC(=O)NNc2c3c(nc4ccccc24)CCCC3)cc(OC)c1OC
4022,CHEMBL3884858,18.2,O=S(=O)(c1ccccc1)n1ccc2c(N3CCN(CCCCCNc4c5c(nc6ccccc46)CCCC5)CC3)cccc21
3227,CHEMBL3355580,18.3,COc1cc(CCC(=O)/C=C/c2ccc(CNc3c4c(nc5cc(Cl)ccc35)CC3CC(C)=CC4C3)cc2)ccc1O
1441,CHEMBL3215572,18.3,Cl.Cl.Cl.Cl.O=C(NCCCCCCCNc1c2c(nc3cc(Cl)ccc13)CCCC2)c1ccc2nc(-c3ccc(Cl)cc3)c3c(c2c1)OCCC3
1138,CHEMBL244416,18.3,CCN(Cc1ccccc1)Cc1ccc(-c2cc3cc(OC)c(OC)cc3oc2=O)cc1
6388,CHEMBL1190127,18.3,O=C(NCCCCCCCNc1c2c(nc3cc(Cl)ccc13)CCCC2)c1ccc2nc(-c3ccc(Cl)cc3)c3c(c2c1)OCCC3
5088,CHEMBL244416,18.3,CCN(Cc1ccccc1)Cc1ccc(-c2cc3cc(OC)c(OC)cc3oc2=O)cc1
3925,CHEMBL3827610,18.3,CCCCCCCNC(=O)Oc1cccc(CN(C)CCCCCOc2ccc3c4c(c(=O)oc3c2)CCCC4)c1
4236,CHEMBL95,18.5,Nc1c2c(nc3ccccc13)CCCC2
4254,CHEMBL4076986,18.6,COc1cc2c(cc1OC)C(=O)/C(=C/c1cc[n+](Cc3ccc(C)cc3)cc1)C2.[Br-]
2012,CHEMBL211471,18.8,CN(C)C(=O)Oc1cccc([N+](C)(C)C)c1.COS(=O)(=O)[O-]
664,CHEMBL94,18.9,CNC(=O)Oc1ccc2c(c1)[C@]1(C)CCN(C)[C@@H]1N2C
4327,CHEMBL887,19.0,C#CCN[C@@H]1CCc2ccccc21
440,CHEMBL94,19.0,CNC(=O)Oc1ccc2c(c1)[C@]1(C)CCN(C)[C@@H]1N2C
4326,CHEMBL502,19.0,COc1cc2c(cc1OC)C(=O)C(CC1CCN(Cc3ccccc3)CC1)C2
369,CHEMBL94,19.0,CNC(=O)Oc1ccc2c(c1)[C@]1(C)CCN(C)[C@@H]1N2C
5027,CHEMBL4555818,19.0,Cl.Cl.N[C@@H](Cc1c[nH]c2ccccc12)C(=O)NCCCCCCCNc1c2c(nc3cc(Cl)ccc13)CCCC2
3551,CHEMBL3604193,19.0,CN(C)c1ccc(C(=O)NCCCNc2c3c(nc4ccccc24)CCCC3)cc1.Cl
5188,CHEMBL4648322,19.2,COc1cc2cc(NC(=O)[C@@H]3CCC[C@H](NCc4ccccc4)C3)c(=O)oc2cc1OC
5958,CHEMBL5171929,19.2,COc1ccc(/C=C/C(=O)Nc2cc[n+](Cc3cccc(F)c3)cc2)cc1OC.[Br-]
1442,CHEMBL3216429,19.2,Cl.Cl.Cl.Cl.O=C(NCCCCCCNc1c2c(nc3cc(Cl)ccc13)CCCC2)c1ccc2nc(-c3ccc(Cl)cc3)c3c(c2c1)OCCC3
5946,CHEMBL5073819,19.2,Oc1cccc(CCCCCCCCNc2c3c(nc4ccccc24)CCCC3)c1
3184,CHEMBL1196204,19.3,O=C(NCCCCCCCCNc1c2c(nc3cc(Cl)ccc13)CCCC2)c1ccc2nc(-c3ccc(Cl)cc3)c3c(c2c1)OCCC3
2909,CHEMBL3093787,19.52,O=c1c2ccccc2[se]n1CCCCCCNc1c2c(nc3ccccc13)CCCC2
1219,CHEMBL235014,19.7,c1ccc2c(NCCOCCOCCNc3c4c(nc5ccccc35)CCCC4)c3c(nc2c1)CCCC3
5954,CHEMBL5177936,19.7,COc1cc(/C=C/C(=O)OCCCCCN(C)Cc2cccc(OC(=O)N(C)C)c2)ccc1O
3827,CHEMBL3786651,19.9,COc1cccc2c1CC[C@H](NC(=O)N(C)C)C2
297,CHEMBL413765,20.0,CCCCCCNC(=O)Oc1ccc2c(c1)[C@]1(C)CCN(CC)[C@@H]1C2
1617,CHEMBL75110,20.0,O=C(CCC1CCN(Cc2ccccc2)CC1)c1ccc2c(c1)CCN2
4499,CHEMBL4160280,20.0,CN(C)C(=O)Oc1cccc2c1cc(C(=O)NC1CCCCC1)c[n+]2C.[I-]
4503,CHEMBL4176868,20.0,COC(=O)c1cc2c(OC(=O)N(C)C)cccc2[n+](C)c1.[I-]
1669,CHEMBL420625,20.0,Nc1ccc2c(CCC3CCN(Cc4ccccc4)CC3)noc2c1
855,CHEMBL420625,20.0,Nc1ccc2c(CCC3CCN(Cc4ccccc4)CC3)noc2c1
7180,CHEMBL6141819,20.0,O=C(N/N=C/c1ccc([N+](=O)[O-])cc1)c1ccc(Cl)nc1
4496,CHEMBL4176452,20.0,COCCNC(=O)c1cc2c(OC(=O)N(C)C)cccc2[n+](C)c1.[I-]
3665,CHEMBL292314,20.0,Nc1c2c(nc3cc(Cl)ccc13)CCCC2
2189,CHEMBL104387,20.0,[Br-].[Br-].c1ccc2c(c1)ccc[n+]2CCCCCCCCCCCC[n+]1cccc2ccccc21
3150,CHEMBL1678,20.0,COc1cc2c(cc1OC)C(=O)C(CC1CCN(Cc3ccccc3)CC1)C2.Cl
6859,CHEMBL5592608,20.0,O=C(NCCCCCCNc1c2c(nc3ccccc13)CCCC2)c1ccccc1O
1370,CHEMBL502,20.0,COc1cc2c(cc1OC)C(=O)C(CC1CCN(Cc3ccccc3)CC1)C2
456,CHEMBL420625,20.0,Nc1ccc2c(CCC3CCN(Cc4ccccc4)CC3)noc2c1
463,CHEMBL34222,20.0,CCCCCCNC(=O)Oc1ccc2c(c1)[C@]1(C)CCN(CC)C1C2
2321,CHEMBL1783526,20.0,CC(C)C1=N[C@H]2CC[C@]34C[C@]35C(=O)C[C@]3(C)[C@@H]([C@H](C)N(C)CCc6ccccc6)[C@H](O)C[C@@]3(C)[C@@H]5CC[C@H]4[C@]2(C)CS1
4909,CHEMBL292314,20.0,Nc1c2c(nc3cc(Cl)ccc13)CCCC2
1549,CHEMBL502,20.0,COc1cc2c(cc1OC)C(=O)C(CC1CCN(Cc3ccccc3)CC1)C2
2917,CHEMBL3093797,20.0,[Br-].[Br-].c1cc[n+](CCCCCCCCCC[n+]2ccc3ccccc3c2)cc1
4209,CHEMBL4077952,20.0,COC(=O)c1cc2c(OC(=O)N(C)C)cccc2[n+](C)c1
6219,CHEMBL5220983,20.0,COC(=O)c1cc2c(OC(=O)N(C)C)cccc2[n+]([11CH3])c1
787,CHEMBL413765,20.0,CCCCCCNC(=O)Oc1ccc2c(c1)[C@]1(C)CCN(CC)[C@@H]1C2
5011,CHEMBL292314,20.0,Nc1c2c(nc3cc(Cl)ccc13)CCCC2
1017,CHEMBL426674,20.0,Cc1ccccc1NC(=O)Oc1ccc2c(c1)[C@]1(C)CCO[C@@H]1O2
5783,CHEMBL292314,20.0,Nc1c2c(nc3cc(Cl)ccc13)CCCC2
3680,CHEMBL3642044,20.05,CC(=O)NCCc1c[nH]c2ccc(OC(=O)NCCNc3c4c(nc5cc(Cl)ccc35)CCCC4)cc12
4415,CHEMBL502,20.3,COc1cc2c(cc1OC)C(=O)C(CC1CCN(Cc3ccccc3)CC1)C2
922,CHEMBL187870,20.3,CCCCCCCNC(=O)Oc1cccc2c1OCC1CCN(C)C21
4838,CHEMBL4526050,20.4,COc1c(C(=O)CCC2CCN(Cc3ccccc3)CC2)cc(Cl)c2[nH]ccc12
5935,CHEMBL5080685,20.8,COC(=O)c1c(CCCCCCCCNc2c3c(nc4ccccc24)CCCC3)cccc1OC
5007,CHEMBL4516356,20.8,O=C(Nc1cc(COCc2cn(CCNc3c4c(nc5ccccc35)CCCC4)nn2)ccn1)Nc1cccc2c1C1CCCCN1C2=O
6726,CHEMBL5173038,20.97,O=C(CCN1CCCCC1)Nc1ccc2nc(-c3cc4ccccc4[nH]3)[nH]c(=O)c2c1
1039,CHEMBL427232,21.0,Fc1ccc(C(c2ccc(F)cc2)N2CCN(CCN3CCCC3)CC2)cc1
1905,CHEMBL91240,21.0,Cc1cc(=NCCC2CCN(Cc3ccccc3)CC2)[nH]nc1-c1ccccc1
4742,CHEMBL4277548,21.0,O=C(NCCC1CCN(Cc2ccccc2)CC1)c1cc(=O)c2cc([N+](=O)[O-])ccc2o1
2728,CHEMBL502,21.0,COc1cc2c(cc1OC)C(=O)C(CC1CCN(Cc3ccccc3)CC1)C2
4463,CHEMBL4169938,21.0,COc1cc2c(cc1OC)C(=O)C(Cc1cc[n+](Cc3cccc(Cl)c3)cc1C(C)=O)CC2.[Br-]
1515,CHEMBL395280,21.0,C/C=C1\[C@H]2C=C(C)C[C@]1(N)c1ccc(=O)[nH]c1C2
6573,CHEMBL502,21.0,COc1cc2c(cc1OC)C(=O)C(CC1CCN(Cc3ccccc3)CC1)C2
227,CHEMBL74926,21.0,CN1CC[C@@]2(C)c3cc(OC(=O)Nc4ccccc4)ccc3N(C)[C@@H]12
141,CHEMBL74089,21.0,CNC(=O)Oc1ccc2c(c1)[C@]1(C)CCNC1N2C
207,CHEMBL305670,21.0,CNC(=O)Oc1ccc2c(c1)[C@]1(C)CCN[C@@H]1N2C
1771,CHEMBL1085129,21.0,CCCCCCNC(=O)Oc1cccc(CN(C)CCCOc2ccc3c(=O)ccoc3c2)c1
324,CHEMBL340228,21.1,CN(CCCOc1ccc2c(=O)c3ccccc3oc2c1)Cc1cccc(OC(=O)NCCCCCCN2CCOCC2)c1
1899,CHEMBL340228,21.1,CN(CCCOc1ccc2c(=O)c3ccccc3oc2c1)Cc1cccc(OC(=O)NCCCCCCN2CCOCC2)c1
3226,CHEMBL3355581,21.1,COc1cc(CCC(=O)/C=C/c2ccc(CNc3c4c(nc5cc(Cl)ccc35)CC3CC(C)=CC4C3)cc2)cc(CN(C)C)c1O
4583,CHEMBL4208322,21.2,CCCCNCC(=O)Nc1ccc2nc3n(c(=O)c2c1)CCC3
4628,CHEMBL4244803,21.2,COc1ccc(-c2ccccc2/C=C2/Cc3cc(OC)ccc3C2=O)cc1
6769,CHEMBL5575345,21.34,O=C(NCCCCCCNc1c2c(nc3ccccc13)CCCC2)Oc1ccc(-c2cc3cccnc3[nH]2)cc1
6983,CHEMBL6120228,21.44,COc1ccc2[nH]cc(CCNC(=O)Oc3cccc([C@H](C)N(C)C)c3)c2c1
962,CHEMBL191758,21.5,NCCCNc1c2c(nc3cc(Cl)ccc13)CCCC2
1407,CHEMBL191758,21.5,NCCCNc1c2c(nc3cc(Cl)ccc13)CCCC2
3920,CHEMBL3827288,21.6,CCCCCCCNC(=O)Oc1cccc(CN(C)CCCOc2ccc3c4c(c(=O)oc3c2)CCCC4)c1
1283,CHEMBL271385,21.6,CC(C)(C)C(=O)NCCCCNc1c2c(nc3ccccc13)CCCC2
3337,CHEMBL3400187,21.6,COc1cc2oc(-c3ccc(OCC(=O)NCCCCCCNc4c5c(nc6cc(Cl)ccc46)CCCC5)cc3)cc(=O)c2c(OC)c1OC
332,CHEMBL544823,21.8,CNC(=O)Oc1cccc(CN(C)CCCCCCCCCCOc2ccc3c(=O)c4ccccc4oc3c2)c1.Cl
1891,CHEMBL1085527,21.8,CNC(=O)Oc1cccc(CN(C)CCCCCCCCCCOc2ccc3c(=O)c4ccccc4oc3c2)c1
2651,CHEMBL1085527,21.8,CNC(=O)Oc1cccc(CN(C)CCCCCCCCCCOc2ccc3c(=O)c4ccccc4oc3c2)c1
1968,CHEMBL1084263,21.9,O=C(CCc1c[nH]c2ccccc12)NCCCCCCCCCCNc1c2c(nc3cc(Cl)ccc13)CCCC2
5421,CHEMBL4800403,21.9,CNC(=O)c1sc(-c2ccnc(NC(=O)CNCCCCCCNc3c4c(nc5ccccc35)CCCC4)c2)nc1OCC1CC1
426,CHEMBL433041,22.0,CCCCCCCNC(=O)Oc1ccc2c(c1)[C@]1(C)CCN(C)[C@@H]1N2C
2278,CHEMBL502,22.0,COc1cc2c(cc1OC)C(=O)C(CC1CCN(Cc3ccccc3)CC1)C2
2285,CHEMBL502,22.0,COc1cc2c(cc1OC)C(=O)C(CC1CCN(Cc3ccccc3)CC1)C2
1620,CHEMBL74560,22.0,CCCN1CCc2cc(C(=O)CCC3CCN(Cc4ccccc4)CC3)ccc21
6313,CHEMBL3343927,22.0,O=C(NCCCCCCNc1c2c(nc3ccccc13)CCCC2)[C@@H]1Cc2c([nH]c3ccccc23)CN1
1911,CHEMBL74827,22.0,c1ccc2c(NCCCCCCCCNc3c4c(nc5ccccc35)CCC4)c3c(nc2c1)CCC3
5907,CHEMBL1081031,22.0,CN1c2ccc(OC(=O)NC3CCCCC3)cc2[C@]2(C)CCN(CCc3ccccc3)[C@H]12
1508,CHEMBL596236,22.0,C/C=C1\[C@H]2C=C(C)C[C@]1(/N=C/c1ccc(C#N)cc1)c1ccc(=O)[nH]c1C2
2275,CHEMBL433041,22.0,CCCCCCCNC(=O)Oc1ccc2c(c1)[C@]1(C)CCN(C)[C@@H]1N2C
429,CHEMBL502,22.0,COc1cc2c(cc1OC)C(=O)C(CC1CCN(Cc3ccccc3)CC1)C2
2033,CHEMBL433041,22.0,CCCCCCCNC(=O)Oc1ccc2c(c1)[C@]1(C)CCN(C)[C@@H]1N2C
20,CHEMBL54126,22.0,CN(C)C(=O)Oc1cccc([N+](C)(C)C)c1.[Br-]
831,CHEMBL74926,22.0,CN1CC[C@@]2(C)c3cc(OC(=O)Nc4ccccc4)ccc3N(C)[C@@H]12
641,CHEMBL87014,22.0,Cc1cc(C(=O)CCC2CC[N+](C)(Cc3ccccc3)CC2)nn1-c1ccccc1
4243,CHEMBL4095755,22.0,CC1CC[C@@]2(C)c3cc(OC(=O)Nc4ccccc4)ccc3C(C)[C@@H]12
288,CHEMBL74926,22.0,CN1CC[C@@]2(C)c3cc(OC(=O)Nc4ccccc4)ccc3N(C)[C@@H]12
6906,CHEMBL502,22.0,COc1cc2c(cc1OC)C(=O)C(CC1CCN(Cc3ccccc3)CC1)C2
1023,CHEMBL54727,22.0,CN1CC[C@@]2(C)c3cc(OC(=O)Nc4ccccc4)ccc3N(C)C12
1026,CHEMBL502,22.0,COc1cc2c(cc1OC)C(=O)C(CC1CCN(Cc3ccccc3)CC1)C2
3705,CHEMBL502,22.0,COc1cc2c(cc1OC)C(=O)C(CC1CCN(Cc3ccccc3)CC1)C2
833,CHEMBL433041,22.0,CCCCCCCNC(=O)Oc1ccc2c(c1)[C@]1(C)CCN(C)[C@@H]1N2C
1022,CHEMBL433041,22.0,CCCCCCCNC(=O)Oc1ccc2c(c1)[C@]1(C)CCN(C)[C@@H]1N2C
4756,CHEMBL502,22.0,COc1cc2c(cc1OC)C(=O)C(CC1CCN(Cc3ccccc3)CC1)C2
828,CHEMBL502,22.0,COc1cc2c(cc1OC)C(=O)C(CC1CCN(Cc3ccccc3)CC1)C2
4646,CHEMBL4290039,22.0,COc1nc(-c2ccnc(NC(=O)C3CC3)c2)sc1C(=O)NCCCCCCNc1c2c(nc3ccccc13)CCCC2
899,CHEMBL87014,22.0,Cc1cc(C(=O)CCC2CC[N+](C)(Cc3ccccc3)CC2)nn1-c1ccccc1
131,CHEMBL419470,22.1,C[C@@]12CCNC1Nc1ccc(OC(=O)Nc3ccccc3)cc12
2034,CHEMBL74926,22.1,CN1CC[C@@]2(C)c3cc(OC(=O)Nc4ccccc4)ccc3N(C)[C@@H]12
6981,CHEMBL6144388,22.16,C[C@@H](c1cccc(OC(=O)NCCc2c[nH]c3ccccc23)c1)N(C)C
5952,CHEMBL4552675,22.2,COc1ccc2nc3c(c(NCCCCCCCCN(CC(=O)Nc4ccc5ccccc5c4)C(=O)/C=C/c4ccc(O)c(OC)c4)c2c1)CCCC3
4442,CHEMBL4159880,22.2,COc1ccc(C(=O)CCc2cc[n+](Cc3cccc(Cl)c3)cc2C#N)cc1OC.[Br-]
3829,CHEMBL3787502,22.41,COc1ccc2c(c1)C[C@@H](NC(=O)N(C)C)CC2
1295,CHEMBL273078,22.6,O=C(CO[N+](=O)[O-])NCCCCNc1c2c(nc3ccccc13)CCCC2
7051,CHEMBL6167437,22.6,[2H]C([2H])([2H])Oc1cc(N)c(Cl)cc1C(=O)CCC1CCN(CC2CCCCC2)CC1
5778,CHEMBL4874244,22.7,CC1=CC2Cc3nc4cc(Cl)ccc4c(NCCCCCNC(=O)[C@@H](N)Cc4c[nH]c5ccccc45)c3C(C1)C2.Cl.Cl
5870,CHEMBL4852686,23.0,COc1ccc2[nH]cc(CCNC(=O)Cn3cc(CCCCN4CC[C@@]56C=C[C@H](O)C[C@@H]5Oc5c(OC)ccc(c56)C4)nn3)c2c1
1743,CHEMBL141042,23.0,O=C1Cc2ccccc2C(=O)N1CCC1CCN(Cc2ccccc2)CC1
822,CHEMBL178770,23.0,Cc1ccccc1NC(=O)Oc1ccc2c(c1)C1(C)CCOC1O2
4735,CHEMBL4284165,23.0,O=C(NCCCC1CCN(Cc2ccccc2)CC1)c1cc(=O)c2cc(O)ccc2o1
6214,CHEMBL426674,23.0,Cc1ccccc1NC(=O)Oc1ccc2c(c1)[C@]1(C)CCO[C@@H]1O2
4643,CHEMBL4285581,23.0,COc1ccc2nc3c(c(NCCNC(=O)c4sc(-c5ccnc(NC(=O)C6CC6)c5)nc4OC)c2c1)CCCC3
1251,CHEMBL502,23.0,COc1cc2c(cc1OC)C(=O)C(CC1CCN(Cc3ccccc3)CC1)C2
2272,CHEMBL502,23.0,COc1cc2c(cc1OC)C(=O)C(CC1CCN(Cc3ccccc3)CC1)C2
282,CHEMBL335962,23.0,Cc1cccc(NC(=O)Oc2ccc3c(c2)[C@]2(C)CCN(C)[C@@H]2N3C)c1C
206,CHEMBL305670,23.0,CNC(=O)Oc1ccc2c(c1)[C@]1(C)CCN[C@@H]1N2C
5928,CHEMBL502,23.0,COc1cc2c(cc1OC)C(=O)C(CC1CCN(Cc3ccccc3)CC1)C2
5420,CHEMBL4756997,23.1,CNC(=O)c1sc(-c2ccnc(NC(=O)CNCCCCNc3c4c(nc5ccccc35)CCCC4)c2)nc1OCC1CC1
1366,CHEMBL502,23.1,COc1cc2c(cc1OC)C(=O)C(CC1CCN(Cc3ccccc3)CC1)C2
658,CHEMBL502,23.1,COc1cc2c(cc1OC)C(=O)C(CC1CCN(Cc3ccccc3)CC1)C2
1158,CHEMBL502,23.1,COc1cc2c(cc1OC)C(=O)C(CC1CCN(Cc3ccccc3)CC1)C2
620,CHEMBL208599,23.1,CCC1=CC2Cc3nc4cc(Cl)ccc4c(N)c3[C@@H](C1)C2
6772,CHEMBL5572008,23.11,O=C(NCCCCCNc1c2c(nc3cc(Cl)ccc13)CCCC2)Oc1ccc(-c2cc3cccnc3[nH]2)cc1
1213,CHEMBL1203984,23.2,CC[N+](CC)(CC)CCOc1cc(OCC[N+](CC)(CC)CC)c(C(=O)NCCCCCC(=O)NNc2c3c(nc4ccccc24)CCCC3)cc1OCC[N+](CC)(CC)CC.Cl.[Br-].[Br-].[Br-]
7106,CHEMBL6120750,23.4,CN(C)CCN1CCN(Cc2ccc(C(=O)Nc3nc4ccccc4s3)cc2)CC1
3368,CHEMBL3410954,23.5,Cc1c(C)c2c(c(C)c1O)CCC(C)(C(=O)NCCCCCCNc1c3c(nc4ccccc14)CCCC3)O2
5005,CHEMBL4593316,23.6,O=C(Nc1cc(CCc2cn(CCNc3c4c(nc5ccccc35)CCCC4)nn2)ccn1)Nc1cccc2c1C1CCCCN1C2=O
1638,CHEMBL1083660,24.0,CN1CCCc2cc(C(=O)CCC3CCN(Cc4ccccc4)CC3)ccc21
596,CHEMBL54727,24.0,CN1CC[C@@]2(C)c3cc(OC(=O)Nc4ccccc4)ccc3N(C)C12
343,CHEMBL54727,24.0,CN1CC[C@@]2(C)c3cc(OC(=O)Nc4ccccc4)ccc3N(C)C12
1509,CHEMBL595114,24.0,C/C=C1\[C@H]2C=C(C)C[C@]1(/N=C/C=C/c1ccccc1)c1ccc(=O)[nH]c1C2
3385,CHEMBL3417004,24.0,COc1cc(N)c(Cl)cc1/C(CCC1CCN(CC2CCCCC2)CC1)=N/O
4462,CHEMBL4162015,24.0,COc1cc2c(cc1OC)C(=O)C(Cc1cc[n+](Cc3ccccc3)cc1C(C)=O)CC2.[Br-]
2261,CHEMBL1773483,24.0,CN(Cc1ccccc1)Cc1ccc(C(=O)c2ccc(OCCCN3CCCCC3)cc2)cc1
2111,CHEMBL1642988,24.0,CC(C)(C)c1cc[n+](/C=C2\C=CC3=CC/C(=C\[n+]4ccc(C(C)(C)C)cc4)C=C3C2)cc1.[Br-].[Br-]
6953,CHEMBL6030402,24.0,COc1cc(N)c(F)cc1C(=O)CCC1CCN(CC2CCCCC2)CC1
423,CHEMBL123249,24.0,CN1CC[C@@]2(C)c3cc(OC(=O)Nc4ccccc4)ccc3N(C)[C@@H]12.O=C(O)C(O)C(O)C(=O)O
2018,CHEMBL54727,24.0,CN1CC[C@@]2(C)c3cc(OC(=O)Nc4ccccc4)ccc3N(C)C12
7034,CHEMBL6030402,24.0,COc1cc(N)c(F)cc1C(=O)CCC1CCN(CC2CCCCC2)CC1
150,CHEMBL54727,24.0,CN1CC[C@@]2(C)c3cc(OC(=O)Nc4ccccc4)ccc3N(C)C12
6208,CHEMBL74926,24.0,CN1CC[C@@]2(C)c3cc(OC(=O)Nc4ccccc4)ccc3N(C)[C@@H]12
4580,CHEMBL4208869,24.1,CCCCCCCCCCNCC(=O)Nc1ccc2nc3n(c(=O)c2c1)CCC3
3411,CHEMBL3417299,24.37,Cc1c(Cl)c(=O)oc2cc(OCCN3CCN(CCCNc4c5c(nc6ccccc46)CCCC5)CC3)ccc12
3729,CHEMBL3753850,24.4,COc1cccc2cc(C(=O)NCCCCCCNc3c4c(nc5ccccc35)CCCC4)oc12
6976,CHEMBL6103076,24.47,CC(c1cccc(OC(=O)NCCc2c[nH]c3ccccc23)c1)N(C)C
1893,CHEMBL1086246,24.7,CNC(=O)Oc1cccc(CN(C)CCCOc2ccc(Cc3ccccc3)cc2)c1
326,CHEMBL544126,24.7,CNC(=O)Oc1cccc(CN(C)CCCOc2cccc(Cc3ccccc3)c2)c1.Cl
3315,CHEMBL3356534,24.7,O=C1C(NCCNc2c3c(nc4ccccc24)CCCC3)=CC(=O)c2c(O)cccc21
4672,CHEMBL502,24.7,COc1cc2c(cc1OC)C(=O)C(CC1CCN(Cc3ccccc3)CC1)C2
5433,CHEMBL4782267,24.9,COc1cc(CNC(=O)c2ccc(CNc3c4c(nc5cc(Cl)ccc35)CC3C=C(C)CC4C3)cc2)ccc1O
1439,CHEMBL3215769,24.9,Cl.Cl.Cl.Cl.O=C(NCCCCCCCCCNc1c2c(nc3cc(Cl)ccc13)CCCC2)c1ccc2nc(-c3ccc(Cl)cc3)c3c(c2c1)OCCC3
1505,CHEMBL605303,25.0,C/C=C1\[C@H]2C=C(C)C[C@]1(/N=C/c1ccc(O)c(OCC)c1)c1ccc(=O)[nH]c1C2
2313,CHEMBL1783534,25.0,CC(C)C1=N[C@H]2CC[C@]34C[C@]35C(=O)C[C@]3(C)[C@@H]([C@H](C)N(C)C)[C@H](O)C[C@@]3(C)[C@@H]5CC[C@H]4[C@]2(C)C=C1
676,CHEMBL314989,25.0,COc1cc2c(cc1OC)C(=O)C(CC1CC[N+](C)(Cc3ccccc3)CC1)C2
6267,CHEMBL502,25.0,COc1cc2c(cc1OC)C(=O)C(CC1CCN(Cc3ccccc3)CC1)C2
2260,CHEMBL1773482,25.0,CCN(CC)CCCOc1ccc(C(=O)c2ccc(CN(C)Cc3ccccc3)cc2)cc1
1511,CHEMBL594187,25.0,C/C=C1\[C@H]2C=C(C)C[C@]1(/N=C/C(C)=C/c1ccccc1)c1ccc(=O)[nH]c1C2
6544,CHEMBL5433139,25.0,S=C(NCCCCNc1c2c(nc3ccccc13)CCCC2)Nc1c[nH]c2ccccc12
6882,CHEMBL502,25.0,COc1cc2c(cc1OC)C(=O)C(CC1CCN(Cc3ccccc3)CC1)C2
7246,CHEMBL6188487,25.0,S=C(NCCCCNc1c2c(nc3ccccc13)CCCC2)NCCc1c[nH]c2ccccc12
6905,CHEMBL502,25.0,COc1cc2c(cc1OC)C(=O)C(CC1CCN(Cc3ccccc3)CC1)C2
4582,CHEMBL4217746,25.3,CCCCCCNCC(=O)Nc1ccc2nc3n(c(=O)c2c1)CCC3
2019,CHEMBL1173605,25.4,CN1c2ccc(OC(=O)Nc3ccccc3)cc2[C@]2(C)CC[N+](C)(C)C12.[Br-]
6394,CHEMBL5273978,25.48,Cc1cccc(C(=O)N2Cc3ccc(N4C(=O)c5ccccc5C4=O)cc3CC2=O)c1
6752,CHEMBL5595199,25.6,C[C@@H](c1cccc(OC(=O)NCCCCCCNc2c3c(nc4cc(Cl)ccc24)CCCC3)c1)N(C)C
4196,CHEMBL4068149,25.6,COC(=O)c1c[n+](Cc2ccccc2)ccc1CC1Cc2cc(OC)c(OC)cc2C1=O.[Br-]
3684,CHEMBL3642056,25.6,CC(=O)NCCc1c[nH]c2ccc(OC(=O)NCCCCCCCCCCCCNc3c4c(nc5cc(Cl)ccc35)CCCC4)cc12
1360,CHEMBL502877,25.7,CCN(CCCCCC(=O)N1CCN(C(=O)CCCCCN(CC)Cc2ccccc2OC)CC1)Cc1ccccc1OC
3639,CHEMBL278342,25.8,COc1ccc(-c2cc3c(c(=O)o2)C[C@]2(O)[C@@]4(C)C(=O)C=CC(C)(C)[C@]4(O)CC[C@@]2(C)O3)cc1
4575,CHEMBL4207386,25.9,CC(C)=CCNCC(=O)Nc1ccc2nc3n(c(=O)c2c1)CCC3
1824,CHEMBL431058,26.0,COc1ccc(C(=O)NC(=S)NCCOCCN(C)Cc2ccccc2)cc1
902,CHEMBL92463,26.0,Oc1ccc2c(CCC3CCN(Cc4ccccc4)CC3)noc2c1
1670,CHEMBL92463,26.0,Oc1ccc2c(CCC3CCN(Cc4ccccc4)CC3)noc2c1
361,CHEMBL278342,26.0,COc1ccc(-c2cc3c(c(=O)o2)C[C@]2(O)[C@@]4(C)C(=O)C=CC(C)(C)[C@]4(O)CC[C@@]2(C)O3)cc1
2112,CHEMBL1642980,26.0,CC(C)(C)c1cc[n+](CCCCCCCCCCC[n+]2ccc(C(C)(C)C)cc2)cc1.[Br-].[Br-]
2035,CHEMBL337675,26.0,Cc1ccc(C)c(NC(=O)Oc2ccc3c(c2)[C@]2(C)CCN(C)[C@@H]2N3C)c1
719,CHEMBL544396,26.0,CCN(C)C(=O)Oc1cccc2c1CCC2N.Cl
284,CHEMBL337675,26.0,Cc1ccc(C)c(NC(=O)Oc2ccc3c(c2)[C@]2(C)CCN(C)[C@@H]2N3C)c1
6952,CHEMBL5963054,26.0,COc1cc(N)ccc1C(=O)CCC1CCN(CC2CCCCC2)CC1
7215,CHEMBL502,26.0,COc1cc2c(cc1OC)C(=O)C(CC1CCN(Cc3ccccc3)CC1)C2
12,CHEMBL130666,26.0,CSc1nc(-c2ccc(Cl)cc2)nn1C(=O)N1CCCCC1
7043,CHEMBL5963054,26.0,COc1cc(N)ccc1C(=O)CCC1CCN(CC2CCCCC2)CC1
455,CHEMBL92463,26.0,Oc1ccc2c(CCC3CCN(Cc4ccccc4)CC3)noc2c1
2017,CHEMBL1173604,26.1,CNC(=O)Oc1ccc2c(c1)[C@]1(C)CC[N+](C)(C)C1N2C.[Br-]
1900,CHEMBL340171,26.2,CN(CCCOc1ccc2c(=O)c3ccccc3oc2c1)Cc1cccc(OC(=O)NCCCCCCCN2CCOCC2)c1
4902,CHEMBL4541077,26.2,COc1ccc2[nH]cc(CCNC(=O)CN(CCCC3CCN(Cc4ccccc4)CC3)C(=O)/C=C/c3ccc(O)c(OC)c3)c2c1
329,CHEMBL340171,26.2,CN(CCCOc1ccc2c(=O)c3ccccc3oc2c1)Cc1cccc(OC(=O)NCCCCCCCN2CCOCC2)c1
3170,CHEMBL3322141,26.3,CCN(CCC(=O)NCCCNc1c2c(nc3ccccc13)CCCC2)C1CCCCC1
5530,CHEMBL502,26.55,COc1cc2c(cc1OC)C(=O)C(CC1CCN(Cc3ccccc3)CC1)C2
5882,CHEMBL502,26.8,COc1cc2c(cc1OC)C(=O)C(CC1CCN(Cc3ccccc3)CC1)C2
1003,CHEMBL205231,27.0,CNC(=O)Oc1ccc2c(c1)[C@]1(C)CCO[C@@H]1N2C
5906,CHEMBL1242981,27.0,CC(C)c1ccc(NC(=O)Oc2ccc3c(c2)[C@]2(C)CCOC2O3)cc1
4481,CHEMBL4167524,27.0,Cc1cc(=O)oc2cc(OCCCCSC(=S)N3CCCCC3)ccc12
6120,CHEMBL362444,27.0,CNC(=O)Oc1ccc2c(c1)[C@]1(C)CCOC1N2C
813,CHEMBL362444,27.0,CNC(=O)Oc1ccc2c(c1)[C@]1(C)CCOC1N2C
1906,CHEMBL90264,27.0,CCc1cc(=NCCC2CCN(Cc3ccccc3)CC2)[nH]nc1-c1ccccc1
6449,CHEMBL5284318,27.1,CCN(CC)CCOc1ccc2c(=O)cc(-c3ccc(OC)cc3)oc2c1
317,CHEMBL127465,27.4,CN(CCCOc1ccc2c(=O)c3ccccc3oc2c1)Cc1cccc(OC(=O)NCCCCCCCCN2CCOCC2)c1
1901,CHEMBL127465,27.4,CN(CCCOc1ccc2c(=O)c3ccccc3oc2c1)Cc1cccc(OC(=O)NCCCCCCCCN2CCOCC2)c1
4199,CHEMBL4074062,27.7,CC(=O)c1c[n+](Cc2ccccc2C)ccc1CC1Cc2cc(C)c(C)cc2C1=O.[Br-]
7029,CHEMBL6151706,27.8,COc1cc2c(cc1OC(=O)CCCCC1CCSS1)C(=O)C(CC1CCN(Cc3ccccc3)CC1)C2
3837,CHEMBL3786442,27.87,CN(C)S(=O)(=O)N[C@H]1CCc2cc(O)ccc2C1
2016,CHEMBL94,27.9,CNC(=O)Oc1ccc2c(c1)[C@]1(C)CCN(C)[C@@H]1N2C
339,CHEMBL94,27.9,CNC(=O)Oc1ccc2c(c1)[C@]1(C)CCN(C)[C@@H]1N2C
2461,CHEMBL1940613,27.9,CCN(CCCCCCNC1=CC(=O)c2ncccc2C1=O)Cc1ccccc1OC
133,CHEMBL94,27.9,CNC(=O)Oc1ccc2c(c1)[C@]1(C)CCN(C)[C@@H]1N2C
376,CHEMBL61715,28.0,Nc1c2c(nc3cc([N+](=O)[O-])ccc13)CCCC2
399,CHEMBL338975,28.0,CNC(=O)Oc1ccc2c(c1)[C@]1(C)CCN(C)[C@@H]1N2C.O=C(O)c1ccccc1O
279,CHEMBL94,28.0,CNC(=O)Oc1ccc2c(c1)[C@]1(C)CCN(C)[C@@H]1N2C
6207,CHEMBL94,28.0,CNC(=O)Oc1ccc2c(c1)[C@]1(C)CCN(C)[C@@H]1N2C
6119,CHEMBL591729,28.0,CNC(=O)Oc1ccc2c(c1)[C@]1(C)CCN(C)[C@]1(C)N2C
280,CHEMBL131598,28.0,Cc1cccc(NC(=O)Oc2ccc3c(c2)[C@]2(C)CCN(C)[C@@H]2N3C)c1
880,CHEMBL372491,28.0,COc1cc2cc(C(=O)C3CCC[N+](C)(CC4CCCCO4)CC3)sc2cc1OC
801,CHEMBL13122,28.0,CN(C)Cc1ccc(CSCCNc2cc(NCCSCc3ccc(CN(C)C)o3)c([N+](=O)[O-])cc2[N+](=O)[O-])o1
1760,CHEMBL336297,28.0,CCCNC(=O)Oc1cccc(CN(C)CCCOc2ccc3c(=O)c4ccccc4oc3c2)c1
5197,CHEMBL4633410,28.0,COc1ccc([C@H]2O[C@@H](O)[C@H]3[C@@H]2C(=O)O[C@@H]3c2ccc(OC)c(OC)c2)cc1OC
1009,CHEMBL94,28.0,CNC(=O)Oc1ccc2c(c1)[C@]1(C)CCN(C)[C@@H]1N2C
1932,CHEMBL61715,28.0,Nc1c2c(nc3cc([N+](=O)[O-])ccc13)CCCC2
106,CHEMBL315515,28.0,COc1cc2cc(C(=O)CCC3CC[N+](C)(CC4CCCCO4)CC3)sc2cc1OC.[Br-]
817,CHEMBL94,28.0,CNC(=O)Oc1ccc2c(c1)[C@]1(C)CCN(C)[C@@H]1N2C
1281,CHEMBL269865,28.2,O=C(CO[N+](=O)[O-])NCCCNc1c2c(nc3ccccc13)CCCC2
2341,CHEMBL1819173,28.4,c1ccc2c(NCCCCCCCCCCN3CCOCC3)c3c(nc2c1)CCCC3
6384,CHEMBL5276617,28.6,CCC1=CC2Cc3nc4cc(Cl)ccc4c(NCCN4CCC(CC5Cc6cc(OC)c(OC)cc6C5)CC4)c3C(C1)C2.Cl.Cl
4839,CHEMBL4444843,28.8,O=C(CCC1CCN(CC2CCCCC2)CC1)c1cc(Cl)c2[nH]ccc2c1
3567,CHEMBL3623558,28.8,CCC(CC)n1cc(C(=O)C(F)F)cn1
6410,CHEMBL5272243,28.99,COc1ccc(-c2oc3cc(Br)c(I)cc3c(=O)c2O)cc1
6876,CHEMBL5591458,29.0,[O-]/[N+](=C\c1ccc2cccc(O)c2n1)Cc1ccccc1
2462,CHEMBL1940614,29.0,CCN(CCCCCCNC1=CC(=O)C(C)=C(C)C1=O)Cc1ccccc1OC
1506,CHEMBL606348,29.0,C/C=C1\[C@H]2C=C(C)C[C@]1(/N=C/c1cc(OC)cc(OC)c1)c1ccc(=O)[nH]c1C2
1621,CHEMBL74922,29.0,CCCCN1CCc2cc(C(=O)CCC3CCN(Cc4ccccc4)CC3)ccc21
6341,CHEMBL5278053,29.0,O=C(CCN1CCCC1)Nc1ccc2c(c1)CN1CCc3c([nH]c4ccccc34)C1=N2
6907,CHEMBL3910142,29.0,C#CCN(Cc1ccc2cccc(O)c2n1)C(C#N)CCC1CCN(Cc2ccccc2)CC1
7035,CHEMBL6149735,29.0,COc1cc(N)c(F)cc1C(=O)CCC1CCN(CC2CCCCC2)CC1.O=C(O)/C=C/C(=O)O
4971,CHEMBL4572757,29.0,Oc1ccc(CNCCCCCCNc2c3c(nc4ccccc24)CCCC3)cc1O
3964,CHEMBL3910142,29.0,C#CCN(Cc1ccc2cccc(O)c2n1)C(C#N)CCC1CCN(Cc2ccccc2)CC1
2394,CHEMBL395280,29.0,C/C=C1\[C@H]2C=C(C)C[C@]1(N)c1ccc(=O)[nH]c1C2
1902,CHEMBL127857,29.3,CN(CCCOc1ccc2c(=O)c3ccccc3oc2c1)Cc1cccc(OC(=O)NCCCCCCCCCN2CCOCC2)c1
2646,CHEMBL127857,29.3,CN(CCCOc1ccc2c(=O)c3ccccc3oc2c1)Cc1cccc(OC(=O)NCCCCCCCCCN2CCOCC2)c1
322,CHEMBL127857,29.3,CN(CCCOc1ccc2c(=O)c3ccccc3oc2c1)Cc1cccc(OC(=O)NCCCCCCCCCN2CCOCC2)c1
4460,CHEMBL4177133,29.5,COc1ccc2c(c1)CCC(Cc1cc[n+](Cc3ccccc3Cl)cc1C(C)=O)C2=O.[Br-]
614,CHEMBL142491,29.5,CCC1=CC2Cc3nc4cccc(F)c4c(N)c3C(C1)C2
4627,CHEMBL4243474,29.8,COc1ccc2c(c1)C/C(=C/c1ccccc1-c1ccccc1)C2=O
4352,CHEMBL502,30.0,COc1cc2c(cc1OC)C(=O)C(CC1CCN(Cc3ccccc3)CC1)C2
2175,CHEMBL464538,30.0,C=CC[N+](C)(C)c1ccc(CCC(=O)CCc2ccc([N+](C)(C)CC=C)cc2)cc1.[Br-].[Br-]
108,CHEMBL87937,30.0,COCC[n+]1ccc(CCC(=O)c2cc3cc(OC)c(OC)cc3s2)cc1
918,CHEMBL189906,30.0,CNC(=O)Oc1cccc2c1OCC1CCN(C)C21
2199,CHEMBL464538,30.0,C=CC[N+](C)(C)c1ccc(CCC(=O)CCc2ccc([N+](C)(C)CC=C)cc2)cc1.[Br-].[Br-]
7166,CHEMBL5271210,30.0,O=C1[C@@H]2Cc3c([nH]c4ccccc34)[C@@H](c3ccc4c(c3)OCO4)N2C(=O)CN1CCC1CCN(Cc2ccccc2)CC1
607,CHEMBL95,30.0,Nc1c2c(nc3ccccc13)CCCC2
4200,CHEMBL4094591,30.0,COc1ccc2c(c1)CC(Cc1cc[n+](Cc3ccccc3C)cc1C(C)=O)C2=O.[Br-]
668,CHEMBL245079,30.0,CC1=C[C@H]2Cc3[nH]c(=O)ccc3[C@]3(C1)NCCC[C@H]23
2113,CHEMBL464538,30.0,C=CC[N+](C)(C)c1ccc(CCC(=O)CCc2ccc([N+](C)(C)CC=C)cc2)cc1.[Br-].[Br-]
985,CHEMBL94,30.0,CNC(=O)Oc1ccc2c(c1)[C@]1(C)CCN(C)[C@@H]1N2C
7165,CHEMBL4435044,30.0,O=C1[C@H]2Cc3c([nH]c4ccccc34)[C@@H](c3ccc4c(c3)OCO4)N2C(=O)CN1CCC1CCN(Cc2ccccc2)CC1
3970,CHEMBL1459580,30.0,O=C(COc1ccc(Cl)cc1Cl)Nc1ccc(CN2CCCCC2)cc1
4497,CHEMBL4168588,30.0,CN(C)C(=O)Oc1cccc2c1cc(C(=O)Nc1ccccc1)c[n+]2C.[I-]
5619,CHEMBL502,30.0,COc1cc2c(cc1OC)C(=O)C(CC1CCN(Cc3ccccc3)CC1)C2
2921,CHEMBL464538,30.0,C=CC[N+](C)(C)c1ccc(CCC(=O)CCc2ccc([N+](C)(C)CC=C)cc2)cc1.[Br-].[Br-]
4898,CHEMBL95,30.0,Nc1c2c(nc3ccccc13)CCCC2
7075,CHEMBL502,30.0,COc1cc2c(cc1OC)C(=O)C(CC1CCN(Cc3ccccc3)CC1)C2
7194,CHEMBL5591458,30.0,[O-]/[N+](=C\c1ccc2cccc(O)c2n1)Cc1ccccc1
640,CHEMBL557181,30.0,Cl.O=C(CCC1CCN(Cc2ccccc2)CC1)c1ccc2c(c1)OCCO2
2036,CHEMBL11833,30.0,CNC(=O)Oc1ccc2c(c1)OC[C@@H]1CCN(C)[C@H]21
29,CHEMBL154211,30.0,N#CC(C#N)=C1NCCN1CCNCc1ccc(CN2CCCCC2)o1
5703,CHEMBL502,30.0,COc1cc2c(cc1OC)C(=O)C(CC1CCN(Cc3ccccc3)CC1)C2
60,CHEMBL94,30.0,CNC(=O)Oc1ccc2c(c1)[C@]1(C)CCN(C)[C@@H]1N2C
913,CHEMBL189774,30.0,COCC[n+]1ccc(CCC(=O)C2Cc3cc(OC)c(OC)cc3S2)cc1
1817,CHEMBL1082434,30.0,O=C(CCC1CCN(Cc2ccccc2)CC1)c1ccc2c(c1)OCO2
1830,CHEMBL1085030,30.0,CN(CCOCCNC(=S)NC(=O)c1ccc2c(c1)C(=O)c1ccccc1-2)Cc1ccccc1
7182,CHEMBL6173905,30.0,CCOc1cc(/C=N/NC(=O)c2ccc(Cl)nc2)ccc1O
1825,CHEMBL101518,30.0,CN(CCOCCNC(=S)NC(=O)c1ccc(Cl)cc1)Cc1ccccc1
2916,CHEMBL3093798,30.0,[Br-].[Br-].c1cc[n+](CCCCCCCCCCC[n+]2ccc3ccccc3c2)cc1
7181,CHEMBL6152572,30.0,COc1ccc(/C=N/NC(=O)c2ccc(Cl)nc2)cc1OC
4164,CHEMBL2337271,30.0,COc1cc2c(cc1OC)C(=O)C(CC1CCN(Cc3ccccc3)CC1)C2.Cl.O
686,CHEMBL148882,30.0,CC(c1cccc(OC(=O)N(C)C)c1)N(C)C
7184,CHEMBL6165462,30.0,COc1cc(/C=N/NC(=O)c2ccc(Cl)nc2)ccc1O
6115,CHEMBL2271411,30.03,CC1(C)CCCC2(C)OC(=O)C=C12
958,CHEMBL278963,30.1,O=C(CCCCC1CCSS1)NCCCCCCNc1c2c(nc3ccccc13)CCCC2
6771,CHEMBL5562554,30.35,O=C(NCCCCCCNc1c2c(nc3cc(F)ccc13)CCCC2)Oc1ccc(-c2cc3cccnc3[nH]2)cc1
6287,CHEMBL4790416,30.46,C#CCOc1ccc(-c2cc(-c3ccc(OCCN4CCOCC4)cc3)nc(N)n2)cc1
6109,CHEMBL4790416,30.46,C#CCOc1ccc(-c2cc(-c3ccc(OCCN4CCOCC4)cc3)nc(N)n2)cc1
4568,CHEMBL4218829,30.7,O=C(CNCc1ccccc1[N+](=O)[O-])Nc1ccc2nc3n(c(=O)c2c1)CCC3
5416,CHEMBL4785004,30.7,CNC(=O)c1sc(-c2ccnc(NC(=O)CNCCNc3c4c(nc5ccc(OC)cc35)CCCC4)c2)nc1OCC1CC1
4901,CHEMBL4536838,30.7,COc1ccc2[nH]cc(CCNC(=O)CN(CCC3CCN(Cc4ccccc4)CC3)C(=O)/C=C/c3ccc(O)c(OC)c3)c2c1
3885,CHEMBL502,30.8,COc1cc2c(cc1OC)C(=O)C(CC1CCN(Cc3ccccc3)CC1)C2
3836,CHEMBL3786873,30.85,CN(C)S(=O)(=O)NC1CCc2c(O)cccc2C1
2801,CHEMBL2419684,31.0,N#Cc1c(Cl)nc(NCCCCC2CCN(Cc3ccccc3)CC2)c(C#N)c1-c1ccccc1
6318,CHEMBL5280639,31.0,COc1ccc([C@@H]2c3[nH]c4ccccc4c3C[C@@H]3C(=O)N(CCC4CCN(Cc5ccccc5)CC4)CC(=O)N23)cc1
208,CHEMBL94,31.0,CNC(=O)Oc1ccc2c(c1)[C@]1(C)CCN(C)[C@@H]1N2C
1429,CHEMBL54126,31.0,CN(C)C(=O)Oc1cccc([N+](C)(C)C)c1.[Br-]
287,CHEMBL130672,31.0,Cc1ccc(NC(=O)Oc2ccc3c(c2)[C@]2(C)CCN(C)[C@@H]2N3C)cc1C
1773,CHEMBL128043,31.0,CCCCNC(=O)Oc1cccc(CN(C)CCCOc2ccc3c(=O)cc(-c4ccccc4)oc3c2)c1
1504,CHEMBL594870,31.0,C/C=C1\[C@H]2C=C(C)C[C@]1(/N=C/c1ccc(OC)cc1)c1ccc(=O)[nH]c1C2
5869,CHEMBL4869432,31.0,COc1ccc2c3c1O[C@H]1C[C@@H](O)C=C[C@@]31CCN(CCCCc1cn(CCCCC(=O)NCCc3c[nH]c4ccccc34)nn1)C2
1514,CHEMBL606538,31.0,C=CCOc1ccc(/C=N/[C@@]23CC(C)=C[C@@H](Cc4[nH]c(=O)ccc42)/C3=C\C)cc1
1503,CHEMBL595115,31.0,C/C=C1\[C@H]2C=C(C)C[C@]1(/N=C/c1ccc(N(C)C)cc1)c1ccc(=O)[nH]c1C2
4433,CHEMBL4172401,31.0,CNC(=O)Oc1ccc2c(c1)[C@]1(C)CCN[C@@H]1N2.O=C(O)c1ccccc1O
134,CHEMBL431844,31.5,Nc1c2c(nc3ccccc13)C1CCC2C1
4550,CHEMBL502,31.8,COc1cc2c(cc1OC)C(=O)C(CC1CCN(Cc3ccccc3)CC1)C2
879,CHEMBL610243,32.0,COc1cc2cc(C(=O)C3CCC[N+](C)(Cc4ccc([N+](=O)[O-])o4)CC3)sc2cc1OC.[I-]
6316,CHEMBL5271210,32.0,O=C1[C@@H]2Cc3c([nH]c4ccccc34)[C@@H](c3ccc4c(c3)OCO4)N2C(=O)CN1CCC1CCN(Cc2ccccc2)CC1
5444,CHEMBL502,32.0,COc1cc2c(cc1OC)C(=O)C(CC1CCN(Cc3ccccc3)CC1)C2
2551,CHEMBL502,32.0,COc1cc2c(cc1OC)C(=O)C(CC1CCN(Cc3ccccc3)CC1)C2
2037,CHEMBL1240668,32.0,C[C@H](c1cccc(OC(=O)N(C)C)c1)N1CCCCC1
2372,CHEMBL1678,32.0,COc1cc2c(cc1OC)C(=O)C(CC1CCN(Cc3ccccc3)CC1)C2.Cl
3981,CHEMBL3943450,32.0,COc1cc2c(cc1OC)C(=O)C(CC1CCN(Cc3ccccc3F)CC1)C2
128,CHEMBL313271,32.0,COc1cc2cc(C(=O)CCC3CC[N+](C)(Cc4ccc([N+](=O)[O-])o4)CC3)sc2cc1OC.[Br-]
6358,CHEMBL502,32.0,COc1cc2c(cc1OC)C(=O)C(CC1CCN(Cc3ccccc3)CC1)C2
3809,CHEMBL94,32.0,CNC(=O)Oc1ccc2c(c1)[C@]1(C)CCN(C)[C@@H]1N2C
220,CHEMBL307721,32.0,C=CCN1CC[C@@]2(C)c3cc(OC(=O)NC)ccc3N(C)[C@@H]12
6135,CHEMBL95,32.0,Nc1c2c(nc3ccccc13)CCCC2
2114,CHEMBL1642975,32.0,CC(C)(C)c1cc[n+](CCCCCC[n+]2ccc(C(C)(C)C)cc2)cc1.[Br-].[Br-]
2201,CHEMBL1678,32.0,COc1cc2c(cc1OC)C(=O)C(CC1CCN(Cc3ccccc3)CC1)C2.Cl
3728,CHEMBL3752119,32.3,COc1cccc2cc(C(=O)NCCCCCCNc3c4c(nc5ccccc35)CCCCC4)oc12
4629,CHEMBL4242359,32.4,COc1ccc2c(c1)C/C(=C/c1ccccc1-c1ccc3ccccc3c1)C2=O
7173,CHEMBL4242359,32.4,COc1ccc2c(c1)C/C(=C/c1ccccc1-c1ccc3ccccc3c1)C2=O
3335,CHEMBL3403878,32.5,COc1cc2oc(-c3cccc(OCC(=O)NCCCCCCNc4c5c(nc6cc(Cl)ccc46)CCCC5)c3)cc(=O)c2c(OC)c1OC
959,CHEMBL195067,32.7,O=C(CCCCC1CCSS1)NCCCCCCCNc1c2c(nc3ccccc13)CCCC2
4849,CHEMBL395280,33.0,C/C=C1\[C@H]2C=C(C)C[C@]1(N)c1ccc(=O)[nH]c1C2
1974,CHEMBL224998,33.0,O=C(NCCCCCCNc1c2c(nc3cc(Cl)ccc13)CCCC2)c1c[nH]c2ccccc12
4032,CHEMBL3922423,33.0,O=C1c2ccccc2S(=O)(=O)N1CCCCCNCc1ccccc1
4743,CHEMBL4285779,33.0,COc1ccc2c(=O)cc(C(=O)NCCC3CCN(Cc4ccccc4)CC3)oc2c1
4674,CHEMBL4276675,33.0,CN(CCCCCN1C(=O)c2ccccc2S1(=O)=O)Cc1ccccc1
644,CHEMBL537908,33.0,Cl.O=C(CCC1CCN(Cc2ccccc2)CC1)c1ccc2[nH]c(-c3ccccc3)nc2c1
5091,CHEMBL502,33.0,COc1cc2c(cc1OC)C(=O)C(CC1CCN(Cc3ccccc3)CC1)C2
1821,CHEMBL1082436,33.0,O=C(CCC1CCN(Cc2ccccc2)CC1)c1ccc2[nH]c(-c3ccccc3)nc2c1
5741,CHEMBL4862288,33.4,Cl.Nc1c2c(nc3cccc(Cl)c13)CCCC2
152,CHEMBL95,33.5,Nc1c2c(nc3ccccc13)CCCC2
3682,CHEMBL3642040,33.77,CC(=O)NCCc1c[nH]c2ccc(OC(=O)NCCCCCCCNc3c4c(nc5ccccc35)CCCC4)cc12
3167,CHEMBL3323035,33.9,c1cc2c(cc1OCCCN1CCCCC1)CN1CCCC1=N2
4873,CHEMBL3323035,33.9,c1cc2c(cc1OCCCN1CCCCC1)CN1CCCC1=N2
3200,CHEMBL3318017,34.0,COc1cc2oc(-c3ccc(CN4CCCC4)cc3)cc(=O)c2cc1OC
305,CHEMBL539109,34.0,CNC(=O)Oc1ccc2c(c1)[C@]1(C)CC[N+](C)(C)C1N2C.COS(=O)(=O)[O-]
7046,CHEMBL6133128,34.0,COc1cc(NC(C)=O)c(Cl)cc1C(=O)CCC1CCN(CC2CCCCC2)CC1
2340,CHEMBL1819172,34.0,c1ccc2c(NCCCCCCCCCN3CCOCC3)c3c(nc2c1)CCCC3
5396,CHEMBL3323035,34.0,c1cc2c(cc1OCCCN1CCCCC1)CN1CCCC1=N2
6151,CHEMBL5199487,34.0,O=C(CCN1CCN(Cc2ccccc2)CC1)Nc1n[nH]c2ncccc12
5180,CHEMBL4643381,34.2,O=C1CN(/N=C/c2ccc(-c3ccccc3[N+](=O)[O-])o2)C(=O)N1CCC1CCN(Cc2ccccc2)CC1
6108,CHEMBL5200462,34.96,O=c1cc(/N=N/N=P(CCP(=N/N=N/c2cc(=O)oc3ccccc23)(c2ccccc2)c2ccccc2)(c2ccccc2)c2ccccc2)c2ccccc2o1
1706,CHEMBL55312,35.0,O=C(c1ccccc1)N(CCC1CCN(Cc2ccccc2)CC1)c1ccccc1
209,CHEMBL94,35.0,CNC(=O)Oc1ccc2c(c1)[C@]1(C)CCN(C)[C@@H]1N2C
3695,CHEMBL3401159,35.0,CO[P@]1(=O)OC[C@@H]2COC(=O)C2=C(C)O1
956,CHEMBL424833,35.2,O=C(CCCCC1CCSS1)NCCCCNc1c2c(nc3ccccc13)CCCC2
3603,CHEMBL3623558,35.2,CCC(CC)n1cc(C(=O)C(F)F)cn1
622,CHEMBL109869,35.4,CC1=CC2Cc3nc4cccc(F)c4c(N)c3C(C1)C2
4542,CHEMBL4210401,35.4,Cc1ccccc1C[n+]1ccc(COc2ccc3c(C)cc(=O)oc3c2)cc1.[Br-]
1287,CHEMBL273051,35.5,O=C(CO/N=[N+](\[O-])N1CCCC1)NCCCNc1c2c(nc3ccccc13)CCCC2
4131,CHEMBL502,35.6,COc1cc2c(cc1OC)C(=O)C(CC1CCN(Cc3ccccc3)CC1)C2
464,CHEMBL416586,36.0,CCCCCCCNC(=O)Oc1ccc2c(c1)[C@]1(C)CCN(CC)C1C2
1761,CHEMBL130847,36.0,CCCCNC(=O)Oc1cccc(CN(C)CCCOc2ccc3c(=O)c4ccccc4oc3c2)c1
1387,CHEMBL490359,36.0,CCOC(=O)C1=C(C)Nc2nc3c(c(N)c2[C@H]1c1ccc(OC)cc1)CCCC3
1016,CHEMBL206093,36.0,Cc1ccccc1NC(=O)Oc1ccc2c(c1)[C@@]1(C)CCO[C@H]1O2
1641,CHEMBL76470,36.0,CN1CCCc2ccc(C(=O)CCC3CCN(Cc4ccccc4)CC3)cc21
6212,CHEMBL204895,36.0,CCNC(=O)Oc1ccc2c(c1)[C@]1(C)CCO[C@@H]1O2
6889,CHEMBL3754399,36.0,N#Cc1cccnc1N1CCN(c2cc(Oc3cccc4cccnc34)ncn2)CC1
226,CHEMBL74926,36.0,CN1CC[C@@]2(C)c3cc(OC(=O)Nc4ccccc4)ccc3N(C)[C@@H]12
1975,CHEMBL388627,36.0,O=C(NCCCCCCCNc1c2c(nc3cc(Cl)ccc13)CCCC2)c1c[nH]c2ccccc12
6315,CHEMBL5266191,36.0,O=C1C2Cc3c([nH]c4ccccc34)[C@@H](c3ccc4c(c3)OCO4)N2C(=O)CN1CCC1CCN(Cc2ccccc2)CC1
1259,CHEMBL403260,36.3,CCN(CCCCCC(=O)Nc1ccc(-c2ccc(NC(=O)CCCCCN(CC)Cc3ccccc3OC)cc2)cc1)Cc1ccccc1OC
4208,CHEMBL4098418,36.5,COc1cc2c(cc1OC)C(=O)C(Cc1cc[n+](Cc3ccccc3)cc1)C2.[Br-]
5190,CHEMBL2314726,36.5,COc1cc2cc(NC(=O)[C@H]3CCC[C@@H](NCc4ccccc4)C3)c(=O)oc2cc1OC
4579,CHEMBL4217139,36.7,CCCCCCCCCCCCNCC(=O)Nc1ccc2nc3n(c(=O)c2c1)CCC3
3671,CHEMBL3642045,36.81,CC(=O)O[C@@]12CCN(C(C)=O)[C@@H]1N(C(C)=O)c1ccc(OC(=O)NCCCCCCNc3c4c(nc5ccccc35)CCCC4)cc12
4541,CHEMBL4217755,36.9,Cc1cc(=O)oc2cc(OCc3cc[n+](Cc4ccc(F)cc4)cc3)ccc12.[Br-]
3838,CHEMBL3786719,36.97,CN(C)S(=O)(=O)NC1CCc2ccc(O)cc2C1
5051,CHEMBL4473727,37.0,O=C(CNc1ccc2oc(=O)ccc2c1)N1CCOCC1
2115,CHEMBL1642978,37.0,CC(C)(C)c1cc[n+](CCCCCCCCC[n+]2ccc(C(C)(C)C)cc2)cc1.[Br-].[Br-]
2290,CHEMBL636,37.0,CCN(C)C(=O)Oc1cccc([C@H](C)N(C)C)c1
1755,CHEMBL129753,37.0,CNC(=O)Oc1cccc(CN(C)CCCCOc2ccc3c(=O)c4ccccc4oc3c2)c1
4504,CHEMBL4165100,37.0,CN(C)C(=O)Oc1cccc2c1cc(C(=O)NCCOCCO)c[n+]2C.COS(=O)(=O)[O-]
2299,CHEMBL636,37.0,CCN(C)C(=O)Oc1cccc([C@H](C)N(C)C)c1
4124,CHEMBL4100760,37.1,COc1cc2c(cc1OC)C(=O)/C(=C/c1ccc(CN3CCCCC3)c(O)c1)O2
4466,CHEMBL4173784,37.1,CC(=O)c1c[n+](Cc2ccccc2C)ccc1CC1Cc2cc(OCC(F)(F)F)ccc2C1=O.[Br-]
4516,CHEMBL4174958,37.3,Nc1c2c(nc3c1C(c1cccc(Br)c1)NC(=S)N3)CCCC2
3919,CHEMBL440526,37.4,CCCCCCCNC(=O)Oc1cccc(CN(C)CCCOc2ccc3ccc(=O)oc3c2)c1
4260,CHEMBL502,37.6,COc1cc2c(cc1OC)C(=O)C(CC1CCN(Cc3ccccc3)CC1)C2
619,CHEMBL539051,37.8,CCC1=CC2Cc3nc4ccccc4c(N)c3C(C1)C2.Cl
6749,CHEMBL5592335,37.83,C[C@@H](c1cccc(OC(=O)NCCCCCNc2c3c(nc4cc(F)ccc24)CCCC3)c1)N(C)C
4996,CHEMBL4514959,38.0,O=C(Cc1cc(=O)oc2cc(O)ccc12)NCCCNCCNCCCNc1c2c(nc3ccccc13)CCCC2
3326,CHEMBL3356954,38.0,O=C1C(Cl)=C(NCCCNc2c3c(nc4ccccc24)CCCC3)C(=O)c2ccccc21
1012,CHEMBL378404,38.0,Cc1ccccc1NC(=O)Oc1ccc2c(c1)[C@@]1(C)CO[C@H](C1)O2
1690,CHEMBL1084635,38.0,CCN1CC[C@@]2(C)c3cc(OC(=O)NC)ccc3C[C@@H]12
4642,CHEMBL4278287,38.0,COc1ccc2nc3c(c(NCCCNC(=O)c4sc(-c5ccnc(NC(=O)C6CC6)c5)nc4OC)c2c1)CCCC3
488,CHEMBL284519,38.0,CCN1CC[C@@]2(C)c3cc(OC(=O)NC)ccc3CC12
1860,CHEMBL1082739,38.0,c1ccc2c(NCCCCCCCCCNc3c4c(nc5ccccc35)CCCC4)ccnc2c1
957,CHEMBL425739,38.4,O=C(CCCCC1CCSS1)NCCCCCNc1c2c(nc3ccccc13)CCCC2
5405,CHEMBL4741219,38.7,CNC(=O)c1sc(-c2ccnc(NC(=O)C3CC3)c2)nc1OCCc1cn(CCNc2c3c(nc4cc(Cl)ccc24)CCCC3)nn1
163,CHEMBL134057,39.0,Nc1c2c(nc3cccc(Cl)c13)CCCC2
1862,CHEMBL330883,39.0,Nc1c2c(nc3ccccc13)CCCCC2
4368,CHEMBL4100298,39.0,CCN(CCCCNC(=O)COc1ccc(-c2cc(=O)c3c(O)c(OC)c(OC)cc3o2)cc1)Cc1ccccc1OC
184,CHEMBL1204299,39.0,Cc1cc(=NCCC2CCN(Cc3ccccc3)CC2)[nH]nc1-c1ccccc1.Cl.Cl.O
3677,CHEMBL3642050,39.88,CC(=O)NCCc1c[nH]c2ccc(OC(=O)NCCCCCCCNc3c4c(nc5ccc(Cl)cc35)CCCC4)cc12
244,CHEMBL502,40.0,COc1cc2c(cc1OC)C(=O)C(CC1CCN(Cc3ccccc3)CC1)C2
3536,CHEMBL94,40.0,CNC(=O)Oc1ccc2c(c1)[C@]1(C)CCN(C)[C@@H]1N2C
3696,CHEMBL603622,40.0,CO[P@]1(=O)OC[C@H]2COC(=O)C2=C(C)O1
5938,CHEMBL5091660,40.0,COc1cccc(CCCCCCCCNc2c3c(nc4ccccc24)CCCC3)c1
2038,CHEMBL130458,40.0,Cc1ccccc1NC(=O)Oc1ccc2c(c1)[C@]1(C)CCN(C)[C@@H]1N2C
582,CHEMBL55315,40.0,Cc1ccccc1NC(=O)Oc1ccc2c(c1)[C@]1(C)CCN(C)C1N2
3774,CHEMBL502,40.0,COc1cc2c(cc1OC)C(=O)C(CC1CCN(Cc3ccccc3)CC1)C2
7191,CHEMBL6175104,40.0,O=c1[nH]c(CCCCC2CCN(Cc3ccccc3)CC2)nc2c1cnn2C1CCCC1
1512,CHEMBL606372,40.0,C/C=C1\[C@H]2C=C(C)C[C@]1(/N=C/C=C/c1ccc(N(C)C)cc1)c1ccc(=O)[nH]c1C2
90,CHEMBL82810,40.0,COc1cc2cc(C(=O)CCc3cc[n+](CC4CCC4)cc3)sc2cc1OC.[Br-]
2448,CHEMBL12089,40.0,COc1ccc2cc3[n+](cc2c1OC)CCc1cc2c(cc1-3)OCO2.[Cl-]
2918,CHEMBL3093796,40.0,[Br-].[Br-].c1cc[n+](CCCCCCCCC[n+]2ccc3ccccc3c2)cc1
4844,CHEMBL4454706,40.0,COc1c(C(=O)CCC2CCN(CC3CCCCC3)CC2)ccc2[nH]ccc12
45,CHEMBL62664,40.0,CN1CC[C@@]2(C)c3cc(OC(=O)NCCCCCCCCCCCN4CCOCC4)ccc3N(C)[C@@H]12
2163,CHEMBL104553,40.0,[Br-].[Br-].c1ccc2c[n+](CCCCCCCCC[n+]3ccc4ccccc4c3)ccc2c1
2767,CHEMBL502,40.0,COc1cc2c(cc1OC)C(=O)C(CC1CCN(Cc3ccccc3)CC1)C2
2064,CHEMBL1243012,40.0,Cc1ccccc1NC(=O)Oc1ccc2c(c1)[C@]1(C)CCN(C)[C@@H]1N2
4950,CHEMBL502,40.0,COc1cc2c(cc1OC)C(=O)C(CC1CCN(Cc3ccccc3)CC1)C2
22,CHEMBL431519,40.0,CN1CC[C@@]2(C)c3cc(OC(=O)NCCCCCCCCCCN4CCOCC4)ccc3N(C)[C@@H]12
2805,CHEMBL94,40.0,CNC(=O)Oc1ccc2c(c1)[C@]1(C)CCN(C)[C@@H]1N2C
888,CHEMBL365904,40.0,COc1cc2c(cc1OC)SC(C(=O)CCc1cc[n+](CC3CCC3)cc1)C2
5415,CHEMBL4777788,40.5,CNC(=O)c1sc(-c2ccnc(NC(=O)CNCCNc3c4c(nc5cc(Cl)ccc35)CCCC4)c2)nc1OCC1CC1
1047,CHEMBL386541,40.5,CC1=CC2Cc3nc4cc(Cl)ccc4c(N)c3C(C1)C2NS(C)(=O)=O
1053,CHEMBL445846,40.7,COc1cc(CCC(=O)NCC(=O)NNc2c3c(nc4ccccc24)CCCC3)cc(OC)c1OC
2567,CHEMBL2064468,40.7,CN(CCCN1CCN(CCNc2c3c(nc4ccccc24)CCCC3)CC1)C1CCCCC1
136,CHEMBL418917,40.8,CN1CC[C@@]2(C)c3cc(OC(=O)Nc4ccccc4)ccc3NC12
333,CHEMBL418917,40.8,CN1CC[C@@]2(C)c3cc(OC(=O)Nc4ccccc4)ccc3NC12
4741,CHEMBL4292477,41.0,Nc1ccc2oc(C(=O)NCCC3CCN(Cc4ccccc4)CC3)cc(=O)c2c1
1513,CHEMBL596457,41.0,C/C=C1\[C@H]2C=C(C)C[C@]1(/N=C/c1ccccc1OS(=O)(=O)[O-])c1ccc(=O)[nH]c1C2.[Na+]
6179,CHEMBL5178355,41.0,CCCCC1OC(=O)c2cc(OCc3ccc(CN4CCCCC4)c(O)c3)ccc21
5059,CHEMBL4441237,41.0,CN(C)c1ccc(/C=N/c2ccc3oc(=O)ccc3c2)cc1
4191,CHEMBL4092048,41.0,COc1cc2c(cc1OC)C(=O)C(Cc1cc[n+](Cc3cccc(Cl)c3)cc1C(N)=O)C2.[Br-]
3983,CHEMBL3985059,41.0,COc1cc2c(cc1OC)C(=O)C(CC1CCN(Cc3ccc(F)cc3)CC1)C2
1492,CHEMBL54126,41.0,CN(C)C(=O)Oc1cccc([N+](C)(C)C)c1.[Br-]
4478,CHEMBL502,41.0,COc1cc2c(cc1OC)C(=O)C(CC1CCN(Cc3ccccc3)CC1)C2
895,CHEMBL313231,41.5,C[N+]1(Cc2ccccc2)CCC(CCC(=O)c2ccc3c(c2)OCO3)CC1
4540,CHEMBL4206041,41.6,Cc1cc(=O)oc2cc(OCc3cc[n+](Cc4cccc(F)c4)cc3)ccc12.[Br-]
4594,CHEMBL4210729,41.9,COc1ccc(Cn2cc(C(=O)NCCCNc3c4c(nc5cc(Cl)ccc35)CCCC4)c(=O)c3ccccc32)cc1
5243,CHEMBL502,42.0,COc1cc2c(cc1OC)C(=O)C(CC1CCN(Cc3ccccc3)CC1)C2
6068,CHEMBL5193520,42.0,O=C(COc1ccc([N+](=O)[O-])cc1)NCCN1CCN(Cc2ccccc2)CC1
5349,CHEMBL502,42.0,COc1cc2c(cc1OC)C(=O)C(CC1CCN(Cc3ccccc3)CC1)C2
1765,CHEMBL1084090,42.0,CCCCCCNC(=O)Oc1cccc(CN(C)CCCOc2ccc3c(=O)c4cccnc4oc3c2)c1
3121,CHEMBL3289927,42.0,CCOC(OCC)c1ccc(/C=C2\CN(C)C/C(=C\c3ccc(C(OCC)OCC)cc3)C2=O)cc1
169,CHEMBL130373,42.0,Nc1c2c(nc3cnccc13)OCCC2
2655,CHEMBL128390,42.0,CCCCCCCNC(=O)Oc1cccc(CN(C)CCCOc2ccc3c(=O)c4cccnc4oc3c2)c1
1033,CHEMBL211471,42.1,CN(C)C(=O)Oc1cccc([N+](C)(C)C)c1.COS(=O)(=O)[O-]
6750,CHEMBL5573861,42.16,C[C@@H](c1cccc(OC(=O)NCCCCCCNc2c3c(nc4cc(F)ccc24)CCCC3)c1)N(C)C
157,CHEMBL368196,42.2,Nc1c2c(nc3cccc(Cl)c13)C1CCC2C1
1181,CHEMBL230434,42.5,CCN(CCCCCCNc1ccc(NCCCCCCN(CC)Cc2ccccc2OC)cc1)Cc1ccccc1OC
1627,CHEMBL73974,43.0,O=C(CCC1CCN(Cc2ccccc2F)CC1)c1ccc2c(c1)CCN2
871,CHEMBL361869,43.0,COc1cc2cc(C(=O)C3CC[N+](C)(Cc4ccccc4)CCC3O)sc2cc1OC
795,CHEMBL94,43.0,CNC(=O)Oc1ccc2c(c1)[C@]1(C)CCN(C)[C@@H]1N2C
122,CHEMBL315013,43.0,COc1cc2cc(C(=O)CC(O)C3CC[N+](C)(Cc4ccccc4)CC3)sc2cc1OC.[Br-]
2674,CHEMBL2314726,43.0,COc1cc2cc(NC(=O)[C@H]3CCC[C@@H](NCc4ccccc4)C3)c(=O)oc2cc1OC
648,CHEMBL94,43.0,CNC(=O)Oc1ccc2c(c1)[C@]1(C)CCN(C)[C@@H]1N2C
6723,CHEMBL502,43.0,COc1cc2c(cc1OC)C(=O)C(CC1CCN(Cc3ccccc3)CC1)C2
3854,CHEMBL3818084,43.0,COc1ccc2c(c1)C/C(=C\C1CCN(Cc3ccccc3)CC1)C2=O
4459,CHEMBL4168037,43.0,COc1ccc2c(c1)CCC(Cc1cc[n+](Cc3ccccc3F)cc1C(C)=O)C2=O.[Br-]
2318,CHEMBL1783523,43.0,CC(C)C1=N[C@H]2CC[C@]34C[C@]35C(=O)C[C@]3(C)[C@@H]([C@H](C)N(C)C(=O)c6ccccc6)[C@H](O)C[C@@]3(C)[C@@H]5CC[C@H]4[C@]2(C)CS1
6484,CHEMBL95,43.21,Nc1c2c(nc3ccccc13)CCCC2
1475,CHEMBL576385,43.3,CC1=CC2Cc3nc4cc(Cl)ccc4c(NCCCl)c3C(C1)C2
4020,CHEMBL3884988,43.6,O=S(=O)(c1ccccc1)n1ccc2c(N3CCN(CCNc4c5c(nc6ccccc46)CCCC5)CC3)cccc21
5268,CHEMBL4759893,43.7,COc1ccc2[nH]cc(CCNC(=O)CN(CCCCCCCCNc3c4c(nc5ccccc35)CCCC4)C(=O)/C=C/c3ccc(O)c(OC)c3)c2c1
5837,CHEMBL502,44.0,COc1cc2c(cc1OC)C(=O)C(CC1CCN(Cc3ccccc3)CC1)C2
6439,CHEMBL502,44.0,COc1cc2c(cc1OC)C(=O)C(CC1CCN(Cc3ccccc3)CC1)C2
1550,CHEMBL75121,44.0,COc1cc2cc(-c3ccc(CN(C)Cc4ccccc4)cc3)c(=O)oc2cc1OC
4626,CHEMBL4241840,44.1,COc1ccc2c(c1)C/C(=C/C1CCN(Cc3ccccc3)CC1)C2=O
3708,CHEMBL3752926,44.2,COc1cccc2cc(C(=O)NCCCCCCCNc3c4c(nc5ccccc35)CCCC4)oc12
4493,CHEMBL75121,44.5,COc1cc2cc(-c3ccc(CN(C)Cc4ccccc4)cc3)c(=O)oc2cc1OC
4372,CHEMBL75121,44.5,COc1cc2cc(-c3ccc(CN(C)Cc4ccccc4)cc3)c(=O)oc2cc1OC
655,CHEMBL75121,44.5,COc1cc2cc(-c3ccc(CN(C)Cc4ccccc4)cc3)c(=O)oc2cc1OC
1258,CHEMBL75121,44.5,COc1cc2cc(-c3ccc(CN(C)Cc4ccccc4)cc3)c(=O)oc2cc1OC
5089,CHEMBL75121,44.5,COc1cc2cc(-c3ccc(CN(C)Cc4ccccc4)cc3)c(=O)oc2cc1OC
972,CHEMBL75121,44.5,COc1cc2cc(-c3ccc(CN(C)Cc4ccccc4)cc3)c(=O)oc2cc1OC
1271,CHEMBL75121,44.5,COc1cc2cc(-c3ccc(CN(C)Cc4ccccc4)cc3)c(=O)oc2cc1OC
2338,CHEMBL1819170,44.5,c1ccc2c(NCCCCCCCN3CCOCC3)c3c(nc2c1)CCCC3
1126,CHEMBL75121,44.5,COc1cc2cc(-c3ccc(CN(C)Cc4ccccc4)cc3)c(=O)oc2cc1OC
1957,CHEMBL364678,44.6,CNC(=O)Oc1cccc(CN(C)CCCCCCCOc2ccc3c(c2)O/C(=C\c2cc(Cl)cc(Cl)c2)C3=O)c1
4382,CHEMBL4068888,44.67,CCN(CC)Cc1ccc(NC(=O)c2ccccc2)c(C(=O)C(=O)N(CC)CC)c1
5409,CHEMBL4779478,44.7,CNC(=O)c1sc(-c2ccnc(NC(=O)C3CC3)c2)nc1OCCOCc1cn(CCNc2c3c(nc4ccccc24)CCCC3)nn1
1851,CHEMBL1084367,45.0,CN(C)CCCCCCCCCCNc1c2c(nc3ccccc13)CCCC2
6131,CHEMBL5181051,45.0,CCC1C/C(=C\c2cc(OC)c(OC)c(OC)c2Br)C(=O)c2ccccc21
1947,CHEMBL61561,45.0,CCCCCCCNc1c2c(nc3cc(F)ccc13)CCCC2
1237,CHEMBL374184,45.0,CCOC(=O)C1=C(C)Nc2nc3c(c(N)c2C1c1ccc(OC)cc1)CCCC3
3383,CHEMBL3417002,45.0,COc1cc(N)c(Cl)cc1C(=O)CCC1CCN(Cc2cccnc2)CC1
2686,CHEMBL395280,45.0,C/C=C1\[C@H]2C=C(C)C[C@]1(N)c1ccc(=O)[nH]c1C2
353,CHEMBL61561,45.0,CCCCCCCNc1c2c(nc3cc(F)ccc13)CCCC2
480,CHEMBL34222,45.0,CCCCCCNC(=O)Oc1ccc2c(c1)[C@]1(C)CCN(CC)C1C2
4068,CHEMBL3986650,45.0,COC(=O)C1=C(C)Nc2nc3c(c(N)c2C1c1cccc([N+](=O)[O-])c1)CC(C)(C)CC3
6257,CHEMBL5285953,45.0,CCOc1ccc2c(c1)O/C(=C\c1ccc(OCCN3CCCCC3)cc1)C2=O
3697,CHEMBL603622,45.0,CO[P@]1(=O)OC[C@H]2COC(=O)C2=C(C)O1
1391,CHEMBL491358,45.0,CCOC(=O)C1=C(C)Nc2nc3c(c(N)c2C1c1ccc(OC)c(OC)c1)CCCC3
1197,CHEMBL54126,45.0,CN(C)C(=O)Oc1cccc([N+](C)(C)C)c1.[Br-]
1686,CHEMBL413765,45.0,CCCCCCNC(=O)Oc1ccc2c(c1)[C@]1(C)CCN(CC)[C@@H]1C2
221,CHEMBL307721,45.0,C=CCN1CC[C@@]2(C)c3cc(OC(=O)NC)ccc3N(C)[C@@H]12
1282,CHEMBL95,45.1,Nc1c2c(nc3ccccc13)CCCC2
5417,CHEMBL4761239,45.2,CCNC(=O)c1sc(-c2ccnc(NC(=O)CNCCNc3c4c(nc5ccccc35)CCCC4)c2)nc1OCC1CC1
1294,CHEMBL272230,45.7,O=C(CCO[N+](=O)[O-])NCCCCNc1c2c(nc3ccccc13)CCCC2
6258,CHEMBL4287970,46.0,COc1cc2oc(C(=O)NCCC3CCN(Cc4ccccc4)CC3)cc(=O)c2cc1OC
4738,CHEMBL4287970,46.0,COc1cc2oc(C(=O)NCCC3CCN(Cc4ccccc4)CC3)cc(=O)c2cc1OC
1714,CHEMBL127527,46.0,COc1cccc(N(CCC2CCN(Cc3ccccc3)CC2)C(C)=O)c1
6270,CHEMBL5289604,46.0,COc1cc2c(cc1OC)/C(=N\NC(=O)c1ccccc1OC(C)=O)C(CC1CCN(Cc3ccccc3)CC1)C2
1976,CHEMBL223714,46.0,O=C(NCCCCCCCCNc1c2c(nc3cc(Cl)ccc13)CCCC2)c1c[nH]c2ccccc12
5178,CHEMBL4636043,46.4,O=C1CN(/N=C/c2ccc(-c3ccc([N+](=O)[O-])cc3)o2)C(=O)N1CCC1CCN(Cc2ccccc2)CC1
4574,CHEMBL4212275,46.4,C#CCNCC(=O)Nc1ccc2nc3n(c(=O)c2c1)CCC3
389,CHEMBL94,47.0,CNC(=O)Oc1ccc2c(c1)[C@]1(C)CCN(C)[C@@H]1N2C
1021,CHEMBL395280,47.0,C/C=C1\[C@H]2C=C(C)C[C@]1(N)c1ccc(=O)[nH]c1C2
1849,CHEMBL1084094,47.0,CN(C)CCCCCCCCNc1c2c(nc3ccccc13)CCCC2
6708,CHEMBL502,47.0,COc1cc2c(cc1OC)C(=O)C(CC1CCN(Cc3ccccc3)CC1)C2
2297,CHEMBL95,47.0,Nc1c2c(nc3ccccc13)CCCC2
3710,CHEMBL3751941,47.0,c1ccc2oc(CNCCCCCCNc3c4c(nc5ccccc35)CCC4)cc2c1
2288,CHEMBL95,47.0,Nc1c2c(nc3ccccc13)CCCC2
406,CHEMBL395280,47.0,C/C=C1\[C@H]2C=C(C)C[C@]1(N)c1ccc(=O)[nH]c1C2
1622,CHEMBL73339,47.0,CCCCCN1CCc2cc(C(=O)CCC3CCN(Cc4ccccc4)CC3)ccc21
834,CHEMBL395280,47.0,C/C=C1\[C@H]2C=C(C)C[C@]1(N)c1ccc(=O)[nH]c1C2
5182,CHEMBL4633378,47.0,COc1cccc(-c2ccc(/C=N/N3CC(=O)N(CCC4CCN(Cc5ccccc5)CC4)C3=O)o2)c1
5940,CHEMBL5088541,47.2,COc1cc(CCCCCCCCNc2c3c(nc4ccccc24)CCCC3)cc(OC)c1
5517,CHEMBL4790766,47.33,CCOC(=O)c1c(C)nc(N2CCN(S(=O)(=O)c3ccc(NC(C)=O)c(Cl)c3)CC2)nc1-c1ccc(OC)c(OC)c1
6753,CHEMBL5572861,47.67,C[C@@H](c1cccc(OC(=O)NCCCCCNc2c3c(nc4cc(Br)ccc24)CCCC3)c1)N(C)C
4381,CHEMBL4063877,47.86,CN1CCN(Cc2ccc3c(c2)C(=O)C(=O)N3C(=O)c2ccccc2)CC1
6197,CHEMBL5169453,47.9,CCCCN(CCOc1cccc2c(OC(=O)N(C)C)cccc12)CCC1CCCCCC1
5487,CHEMBL4758624,47.9,COc1cc2c(cc1O)CCC(C)(CC(=O)NCCOCCOCCNc1c3c(nc4cc(Cl)ccc14)CCCC3)O2
5439,CHEMBL502,48.0,COc1cc2c(cc1OC)C(=O)C(CC1CCN(Cc3ccccc3)CC1)C2
4779,CHEMBL502,48.0,COc1cc2c(cc1OC)C(=O)C(CC1CCN(Cc3ccccc3)CC1)C2
4004,CHEMBL502,48.0,COc1cc2c(cc1OC)C(=O)C(CC1CCN(Cc3ccccc3)CC1)C2
6777,CHEMBL5572853,48.0,CCCNC(C)C(=O)Nc1c(C)csc1-c1nc(Cc2ccccc2)no1
6978,CHEMBL6144072,48.32,COc1ccc2[nH]cc(CCNC(=O)Oc3cccc(C(C)N(C)C)c3)c2c1
3727,CHEMBL3754291,48.6,O=C(NCCCCCCCNc1c2c(nc3ccccc13)CCC2)c1cc2ccccc2o1
2871,CHEMBL2441673,49.0,COc1cc2c(cc1OC)C[N+](C)(CCCCCCCc1cccc(OC)[n+]1C)CC2.O=S(=O)([O-])C(F)(F)F.O=S(=O)([O-])C(F)(F)F
5427,CHEMBL4750284,49.2,CNC(=O)c1sc(-c2ccnc(NC(=O)CNCCNc3c4c(nc5ccccc35)CCCC4)c2)nc1OCC(C)C
1137,CHEMBL396247,49.3,COc1cc2cc(-c3ccc(CN(CCO)Cc4ccccc4)cc3)c(=O)oc2cc1OC
7042,CHEMBL6120302,49.7,Nc1ccc(C(=O)CCC2CCN(CC3CCCCC3)CC2)cc1Cl
5065,CHEMBL4465796,49.8,COc1ccc(/C=C2/S/C(=N/c3ccc4oc(=O)ccc4c3)NC2=O)cc1
7,CHEMBL335033,50.0,CSc1nc(-c2ccc3ccccc3c2)nn1C(=O)N(C)C
2164,CHEMBL1643944,50.0,[Br-].[Br-].c1ccc2c[n+](CCCCCCCCCC[n+]3ccc4ccccc4c3)ccc2c1
856,CHEMBL330004,50.0,Brc1ccc2c(CCC3CCN(Cc4ccccc4)CC3)noc2c1
651,CHEMBL87823,50.0,COc1ccc2cc(C(=O)CCC3CC[N+](C)(Cc4ccccc4)CC3)ccc2c1
1501,CHEMBL1794936,50.0,COc1ccc2c3c1O[C@H]1C[C@@H](O)C=C[C@@]31CCN(CCCCCCCCN1C(=O)c3ccccc3S1(=O)=O)C2.O=C(O)/C=C/C(=O)O
5440,CHEMBL4780148,50.0,COc1cc2c(cc1OC)/C(=C/c1ccc(N3CCCCC3)c(O)c1)OC2=O
5120,CHEMBL95,50.0,Nc1c2c(nc3ccccc13)CCCC2
448,CHEMBL330004,50.0,Brc1ccc2c(CCC3CCN(Cc4ccccc4)CC3)noc2c1
5362,CHEMBL3323053,50.0,O=c1c2cc(OCCCN3CCCCC3)ccc2nc2n1CCC2
5028,CHEMBL4466307,50.0,Cl.Cl.N[C@@H](Cc1c[nH]c2ccccc12)C(=O)NCCCCCCCCNc1c2c(nc3cc(Cl)ccc13)CCCC2
5902,CHEMBL129837,50.0,CC(C)c1ccc(NC(=O)Oc2ccc3c(c2)[C@]2(C)CCN(C)[C@@H]2N3C)cc1
1671,CHEMBL330004,50.0,Brc1ccc2c(CCC3CCN(Cc4ccccc4)CC3)noc2c1
1438,CHEMBL3215770,50.0,Cl.Cl.Cl.Cl.O=C(NCCCCCCCCCCNc1c2c(nc3cc(Cl)ccc13)CCCC2)c1ccc2nc(-c3ccc(Cl)cc3)c3c(c2c1)OCCC3
2453,CHEMBL180483,50.0,COc1cc2c(cc1OC)C(=O)C(Oc1ccc(CN3CCCC3)cc1)C2
897,CHEMBL87823,50.0,COc1ccc2cc(C(=O)CCC3CC[N+](C)(Cc4ccccc4)CC3)ccc2c1
1633,CHEMBL306179,50.0,Cc1cccc(CN2CCC(CCC(=O)c3ccc4c(c3)CCN4)CC2)c1
4384,CHEMBL502,50.12,COc1cc2c(cc1OC)C(=O)C(CC1CCN(Cc3ccccc3)CC1)C2
1286,CHEMBL260964,50.7,O=C(CO/N=[N+](\[O-])N1CCCC1)NCCCCNc1c2c(nc3ccccc13)CCCC2
5191,CHEMBL4633540,50.7,C#CCNc1c2c(nc3ccccc13)CCCC2
4841,CHEMBL4529710,51.0,O=C(CCC1CCN(CC2CCCCC2)CC1)c1ccc2[nH]ccc2c1
1510,CHEMBL594186,51.0,C/C=C1\[C@H]2C=C(C)C[C@]1(/N=C/C(=C/c1ccccc1)CCCCC)c1ccc(=O)[nH]c1C2
1169,CHEMBL242661,51.1,CCN(CCCCCCNC1=CC(=O)C(NCCCCCCN(CC)Cc2ccc(OC)cc2)=CC1=O)Cc1ccc(OC)cc1
7164,CHEMBL5092320,51.1,Cn1c(NCCCCCCCNc2c3c(nc4cc(Cl)ccc24)CCCC3)nc(-c2ccncc2F)cc1=O
5527,CHEMBL4800002,51.36,CCOC(=O)c1c(C)nc(N2CCN(S(=O)(=O)c3ccc(N)c(Cl)c3)CC2)nc1-c1ccc(OC)c(OC)c1
6226,CHEMBL189957,51.6,CNC(=O)Oc1cccc(CN(C)CCCCCCCOc2ccc3c(=O)c4ccccc4oc3c2)c1
1062,CHEMBL385269,51.6,COc1cc(C(=O)NCC(=O)NNc2c3c(nc4ccccc24)CCCC3)cc(OC)c1OC
611,CHEMBL541344,51.6,CC1=CC2Cc3nc4ccccc4c(N)c3C(C1)C2.Cl
2571,CHEMBL2064404,51.7,O=C(CCN1CCCCC1)N1CCN(CCNc2c3c(nc4ccccc24)CCCC3)CC1
4590,CHEMBL4213591,51.7,COc1ccc(Cn2cc(C(=O)NCCCCCCCNc3c4c(nc5cc(Cl)ccc35)CCCC4)c(=O)c3ccccc32)cc1
5984,CHEMBL5191187,52.0,CC(=O)N1N=C(c2ccccc2[N+](=O)[O-])CC1c1ccc(-c2ccccc2)cc1
523,CHEMBL95,52.0,Nc1c2c(nc3ccccc13)CCCC2
1848,CHEMBL1083791,52.0,CN(C)CCCCCCCNc1c2c(nc3ccccc13)CCCC2
1527,CHEMBL599644,52.0,CN(Cc1ccccc1)Cc1ccc(/C=C2\CCc3cc(OCCCCCN4CCCCC4)ccc3C2=O)cc1
3501,CHEMBL599644,52.0,CN(Cc1ccccc1)Cc1ccc(/C=C2\CCc3cc(OCCCCCN4CCCCC4)ccc3C2=O)cc1
1712,CHEMBL340672,52.0,CC(=O)N(CCC1CCN(Cc2ccccc2)CC1)c1ccccc1
7260,CHEMBL6190113,52.0,O=C(NCCCNc1c2c(nc3ccccc13)CCC2)c1cnc(Cl)c(Cl)c1
878,CHEMBL364125,53.0,COCC[N+]1(C)CCCC(C(=O)c2cc3cc(OC)c(OC)cc3s2)CC1
97,CHEMBL87320,53.0,COCC[N+]1(C)CCC(CCC(=O)c2cc3cc(OC)c(OC)cc3s2)CC1.[Br-]
4659,CHEMBL4281440,53.0,Cn1c2nc3ccccc3c-2c(NCCCCNc2c3c(nc4ccccc24)CCCC3)c2ccccc21
731,CHEMBL554179,53.0,C#CCNC1CCc2c(OC(=O)N(C)C)cccc21.Cl
6570,CHEMBL5440650,53.0,COC(=O)/C=C/C(=O)Nc1cccc(OCCCCSC(=S)N2CCCCC2C)c1
1365,CHEMBL488590,53.5,CCN(CCCCCCN1C(=O)c2cccc3cccc(c23)C1=O)Cc1ccccc1OC
3312,CHEMBL3356531,53.7,O=C1C=C(NCCCNc2c3c(nc4ccccc24)CCCC3)C(=O)c2ccccc21
911,CHEMBL188714,54.0,COC(=O)C[N+]1(C)CCC(CCC(=O)C2Cc3cc(OC)c(OC)cc3S2)CC1
3633,CHEMBL636,54.0,CCN(C)C(=O)Oc1cccc([C@H](C)N(C)C)c1
6172,CHEMBL502,54.0,COc1cc2c(cc1OC)C(=O)C(CC1CCN(Cc3ccccc3)CC1)C2
2798,CHEMBL2419687,54.0,N#Cc1cc(C#N)c(NCCCC2CCN(Cc3ccccc3)CC2)nc1Cl
2240,CHEMBL636,54.0,CCN(C)C(=O)Oc1cccc([C@H](C)N(C)C)c1
5242,CHEMBL4759108,54.0,Fc1ccc(-c2nnc(N3CCN(c4ccccn4)CC3)o2)c(F)c1
113,CHEMBL314766,54.0,COC(=O)C[N+]1(C)CCC(CCC(=O)c2cc3cc(OC)c(OC)cc3s2)CC1.[Br-]
1637,CHEMBL1083661,54.0,O=C(CCC1CCN(Cc2ccccc2)CC1)c1ccc2c(c1)CCCN2
1640,CHEMBL1083662,54.0,O=C(CCC1CCN(Cc2ccccc2)CC1)c1ccc2c(c1)CCCN2c1ccccc1
3982,CHEMBL3927363,54.0,COc1cc2c(cc1OC)C(=O)C(CC1CCN(Cc3cccc(F)c3)CC1)C2
1896,CHEMBL124156,54.6,CNC(=O)Oc1cccc(CN(C)CCCOc2ccc(-c3ccccc3)cc2)c1
328,CHEMBL124156,54.6,CNC(=O)Oc1cccc(CN(C)CCCOc2ccc(-c3ccccc3)cc2)c1
6982,CHEMBL6078196,54.73,Cc1ccc2[nH]cc(CCNC(=O)Oc3cccc([C@H](C)N(C)C)c3)c2c1
437,CHEMBL92460,55.0,c1ccc(CN2CCC(CCc3noc4ccccc34)CC2)cc1
6736,CHEMBL5523504,55.0,FC(F)(F)c1ccc(-c2nnc(NC3CCN(Cc4ccccc4)CC3)o2)cc1
3199,CHEMBL3318018,55.0,O=c1cc(-c2ccc(CN3CCCCC3)cc2)oc2ccccc12
1659,CHEMBL92460,55.0,c1ccc(CN2CCC(CCc3noc4ccccc34)CC2)cc1
6733,CHEMBL5523504,55.0,FC(F)(F)c1ccc(-c2nnc(NC3CCN(Cc4ccccc4)CC3)o2)cc1
847,CHEMBL92460,55.0,c1ccc(CN2CCC(CCc3noc4ccccc34)CC2)cc1
5053,CHEMBL4436169,55.0,COc1ccc(C(=O)CNc2ccc3oc(=O)ccc3c2)cc1
1827,CHEMBL101940,55.0,CN(CCOCCNC(=S)NC(=O)c1ccc(Cl)c(Cl)c1)Cc1ccccc1
5073,CHEMBL95,55.0,Nc1c2c(nc3ccccc13)CCCC2
6775,CHEMBL5563794,55.03,O=C(NCCCCCCNc1c2c(nc3cc(Br)ccc13)CCCC2)Oc1ccc(-c2cc3cccnc3[nH]2)cc1
4905,CHEMBL4534662,55.1,COc1cc(/C=C/C(=O)NCCNc2c3c(nc4ccccc24)CCCC3)ccc1OCc1ccccc1
5071,CHEMBL4446234,55.2,COc1ccc(NCC(=O)Nc2ccc3oc(=O)ccc3c2)cc1
6397,CHEMBL5267312,55.26,C/C(=C\C1=CCN(C(=O)CCc2ccccc2)C(=O)C1)N1C(=O)c2ccccc2C1=O
4458,CHEMBL4160115,55.5,COc1ccc2c(c1)CCC(Cc1cc[n+](Cc3cccc(F)c3)cc1C(C)=O)C2=O.[Br-]
6754,CHEMBL5569081,55.99,C[C@@H](c1cccc(OC(=O)NCCCCCCNc2c3c(nc4cc(Br)ccc24)CCCC3)c1)N(C)C
1861,CHEMBL118752,56.0,Nc1c2c(nc3ccccc13)CCC2
825,CHEMBL178294,56.0,Cc1ccccc1NC(=O)Oc1ccc2c(c1)C1(C)COC(C1)O2
1002,CHEMBL205940,56.0,CNC(=O)Oc1ccc2c(c1)[C@@]1(C)CCO[C@H]1N2C
14,CHEMBL336524,56.0,CCSc1nc(-c2ccc(Cl)cc2)nn1C(=O)N(C)C
6162,CHEMBL5205489,56.0,Nc1nn(-c2c3c(nc4ccc([N+](=O)[O-])cc24)CCCC3)c2ncccc12
1528,CHEMBL597188,56.0,CCN(CC)CCCCCOc1ccc2c(c1)CC/C(=C\c1ccc(CN(C)Cc3ccccc3)cc1)C2=O
4748,CHEMBL4284495,56.0,COc1cc2oc(C(=O)OCCC3CCN(Cc4ccccc4)CC3)cc(=O)c2cc1OC
145,CHEMBL431784,56.7,CNC(=O)Oc1ccc2c(c1)[C@]1(C)CCN(C)C1N2
2039,CHEMBL94,56.7,CNC(=O)Oc1ccc2c(c1)[C@]1(C)CCN(C)[C@@H]1N2C
2063,CHEMBL1241427,56.7,CNC(=O)Oc1ccc2c(c1)[C@]1(C)CCN(C)[C@@H]1N2
345,CHEMBL431784,56.7,CNC(=O)Oc1ccc2c(c1)[C@]1(C)CCN(C)C1N2
5058,CHEMBL4516296,56.9,O=c1ccc2cc(/N=C/c3ccc(Br)cc3)ccc2o1
311,CHEMBL94,57.0,CNC(=O)Oc1ccc2c(c1)[C@]1(C)CCN(C)[C@@H]1N2C
3378,CHEMBL3416997,57.0,COc1cc(N)c(Cl)cc1C(=O)CCC1CCN(CC2CCCCCC2)CC1
3129,CHEMBL3289937,57.0,CN1C/C(=C/c2ccc(N(C)C)cc2[N+](=O)[O-])C(=O)/C(=C/c2ccc(N(C)C)cc2[N+](=O)[O-])C1
6960,CHEMBL3416997,57.0,COc1cc(N)c(Cl)cc1C(=O)CCC1CCN(CC2CCCCCC2)CC1
7047,CHEMBL6142452,57.3,CC(=O)Nc1cc(O)c(C(=O)CCC2CCN(CC3CCCCC3)CC2)cc1Cl
5478,CHEMBL4757922,57.8,COc1cc2c(cc1O)CCC(C)(CC(=O)NCCCCCCCCCNc1c3c(nc4ccccc14)CCCC3)O2
4495,CHEMBL4171947,58.0,CC(C)NC(=O)c1cc2c(OC(=O)N(C)C)cccc2[n+](C)c1.[I-]
5344,CHEMBL4793341,58.0,FC(F)(F)Oc1ccc(CNC2CCN(Cc3ccccc3)C2)cc1
465,CHEMBL416586,58.0,CCCCCCCNC(=O)Oc1ccc2c(c1)[C@]1(C)CCN(CC)C1C2
1065,CHEMBL218940,58.0,CCOC(=O)C1=C(C)Nc2nc3c(c(N)c2C1c1cccc(OC)c1)CCCC3
3851,CHEMBL168938,58.0,COc1cc2c(cc1OC)C(=O)/C(=C/C1CCN(Cc3ccccc3)CC1)C2
6005,CHEMBL5189021,58.0,CCCCCCCNC(=O)Oc1ccc(Cc2nc3cc(C(=O)N4CCCCC4)ccc3n2CCC(C)C)cc1
1393,CHEMBL218940,58.0,CCOC(=O)C1=C(C)Nc2nc3c(c(N)c2C1c1cccc(OC)c1)CCCC3
6222,CHEMBL5219452,58.0,CNC(=O)Oc1cccc2c1CCC1C2CCN1CCC1CCCCC1
1685,CHEMBL1083375,58.0,CCCCCCCNC(=O)Oc1ccc2c(c1)[C@]1(C)CCN(CC)[C@@H]1C2
6500,CHEMBL5400395,58.3,Cc1cc(=O)[nH]c2c1C(=O)C(NCCCCNc1c3c(nc4ccccc14)CCCC3)=CC2=O
5006,CHEMBL4446287,58.6,CN(Cc1ccnc(NC(=O)Nc2cccc3c2C2CCCCN2C3=O)c1)Cc1cn(CCNc2c3c(nc4ccccc24)CCCC3)nn1
6134,CHEMBL502,59.0,COc1cc2c(cc1OC)C(=O)C(CC1CCN(Cc3ccccc3)CC1)C2
1050,CHEMBL219316,59.0,COc1cc(CCC(=O)NCCCCC(=O)NNc2c3c(nc4ccccc24)CCCC3)cc(OC)c1OC
1631,CHEMBL74809,59.0,O=C(CCC1CCN(Cc2cccc(Cl)c2)CC1)c1ccc2c(c1)CCN2
3565,CHEMBL3621332,59.0,CC[N+]1(Cc2ccccc2[N+](=O)[O-])CCCCCC[N+](CC)(Cc2ccccc2[N+](=O)[O-])CCCCCn2c(=O)cc(C)n(c2=O)CCCCC1.[Br-].[Br-]
5074,CHEMBL502,59.0,COc1cc2c(cc1OC)C(=O)C(CC1CCN(Cc3ccccc3)CC1)C2
6774,CHEMBL5594238,59.14,O=C(NCCCCCNc1c2c(nc3cc(Br)ccc13)CCCC2)Oc1ccc(-c2cc3cccnc3[nH]2)cc1
4259,CHEMBL4070471,59.5,COc1cc2c(cc1OC)C(=O)/C(=C/c1cc[n+](Cc3ccc([N+](=O)[O-])cc3)cc1)C2.[Br-]
123,CHEMBL158946,60.0,C/N=C1/CCc2c1n(C)c1ccc(OC(=O)N(C)C)c(Br)c21
844,CHEMBL183813,60.0,COc1ccc(-c2cc3c(c(=O)o2)C[C@@]2(O)[C@@]4(C)CCC(=O)C(C)(C)[C@@]4(O)CC[C@@]2(C)O3)cc1
3284,CHEMBL3338389,60.0,C/C=C1\[C@H]2C=C(C)C[C@]1(NC1OCC3=C4CC(C)(C)[C@H](O)[C@H]4[C@@H](C)CCC31O)c1ccc(=O)[nH]c1C2
4201,CHEMBL4084371,60.0,CC(=O)c1c[n+](Cc2ccccc2C)ccc1CC1Cc2cc3c(cc2C1=O)OCO3.[Br-]
6552,CHEMBL5405755,60.0,CCOC(=O)C1=C(C)N(CCC2CCN(Cc3ccccc3)CC2)C(=O)NC1c1coc2c(Cl)cc(Cl)cc2c1=O
50,CHEMBL64011,60.0,CN1CC[C@@]2(C)c3cc(OC(=O)NCCCCCCCCCN4CCOCC4)ccc3N(C)[C@@H]12
2251,CHEMBL187404,60.0,[Br-].[Br-].c1cc(C[n+]2ccc(N3CCCCC3)cc2)cc(-c2cccc(C[n+]3ccc(N4CCCCC4)cc3)c2)c1
7154,CHEMBL95,60.0,Nc1c2c(nc3ccccc13)CCCC2
1248,CHEMBL158946,60.0,C/N=C1/CCc2c1n(C)c1ccc(OC(=O)N(C)C)c(Br)c21
7121,CHEMBL5405755,60.0,CCOC(=O)C1=C(C)N(CCC2CCN(Cc3ccccc3)CC2)C(=O)NC1c1coc2c(Cl)cc(Cl)cc2c1=O
5776,CHEMBL636,60.0,CCN(C)C(=O)Oc1cccc([C@H](C)N(C)C)c1
2315,CHEMBL1783520,60.0,CC(C)C1=N[C@H]2CC[C@]34C[C@]35C(=O)C[C@]3(C)[C@@H]([C@H](C)N(C)C)[C@H](O)C[C@@]3(C)[C@@H]5CC[C@H]4[C@]2(C)CS1
6053,CHEMBL502,60.0,COc1cc2c(cc1OC)C(=O)C(CC1CCN(Cc3ccccc3)CC1)C2
5719,CHEMBL502,60.0,COc1cc2c(cc1OC)C(=O)C(CC1CCN(Cc3ccccc3)CC1)C2
1163,CHEMBL390247,60.4,CCN(CCCCCCNC1=CC(=O)C(NCCCCCCN(CC)Cc2cccs2)=CC1=O)Cc1cccs1
4904,CHEMBL4522757,60.6,O=C(/C=C/c1ccc(OCc2ccccc2)cc1)NCCNc1c2c(nc3ccccc13)CCCC2
1907,CHEMBL91432,61.0,CCCc1cc(=NCCC2CCN(Cc3ccccc3)CC2)[nH]nc1-c1ccccc1
139,CHEMBL94,61.0,CNC(=O)Oc1ccc2c(c1)[C@]1(C)CCN(C)[C@@H]1N2C
1180,CHEMBL243270,61.5,CCN(CCNC1=CC(=O)C(NCCN(CC)Cc2ccccc2OC)=CC1=O)Cc1ccccc1OC
5953,CHEMBL5199151,61.7,COC(=O)/C=C/c1ccc(OCCCCCN2CCN(CC(=O)Nc3c4c(nc5ccccc35)CCCC4)CC2)c(OC)c1
5072,CHEMBL4515881,62.0,O=C(CNc1ccc(F)cc1)Nc1ccc2oc(=O)ccc2c1
1695,CHEMBL1084881,62.0,CCCCCCNC(=O)Oc1ccc2c(c1)[C@]1(C)CCN(CCC)[C@@H]1C2
7251,CHEMBL5433193,62.0,Cc1ccc(S(=O)(=O)NCCCCCNc2c3c(nc4ccccc24)CCCC3)cc1
2253,CHEMBL1771556,62.0,COc1cc2c(cc1OC)CN(c1cc[n+](Cc3ccc(C[n+]4ccc(N5CCCCC5)cc4)cc3)cc1)CC2.[Br-].[Br-]
5024,CHEMBL4552440,62.0,Cl.Cl.N[C@@H](Cc1c[nH]c2ccccc12)C(=O)NCCCCNc1c2c(nc3cc(Cl)ccc13)CCCC2
462,CHEMBL2448609,62.0,CCCCCCNC(=O)Oc1ccc2c(c1)[C@]1(C)CCN(CCC)C1C2.Cc1ccc(C(=O)OC(C(=O)O)C(OC(=O)c2ccc(C)cc2)C(=O)O)cc1.O
6156,CHEMBL5172647,62.0,COc1cc2nc3c(c(N4CCOCC4)c2cc1OC)CCCC3
3135,CHEMBL502,62.0,COc1cc2c(cc1OC)C(=O)C(CC1CCN(Cc3ccccc3)CC1)C2
1141,CHEMBL389825,62.1,COc1ccccc1CN(C)Cc1ccc(-c2cc3cc(OC)c(OC)cc3oc2=O)cc1
5963,CHEMBL464427,63.0,CCN(CC)Cc1ccc(/C=C2\Cc3cc(OC)c(OC)cc3C2=O)cc1
4366,CHEMBL4098654,63.0,CCN(CCCCNC(=O)COc1ccc(-c2cc(=O)c3c(OC)c(OC)c(OC)cc3o2)cc1)Cc1ccccc1OC
5204,CHEMBL94,63.0,CNC(=O)Oc1ccc2c(c1)[C@]1(C)CCN(C)[C@@H]1N2C
6957,CHEMBL3417009,63.0,COc1cc(N)c(Cl)cc1C(=O)CCC1CCN(CC2CCCCC2)CC1
3711,CHEMBL3752356,63.1,COc1cccc2cc(CNCCCCCCNc3c4c(nc5ccccc35)CCC4)oc12
3298,CHEMBL3343927,63.2,O=C(NCCCCCCNc1c2c(nc3ccccc13)CCCC2)[C@@H]1Cc2c([nH]c3ccccc23)CN1
7142,CHEMBL502,63.9,COc1cc2c(cc1OC)C(=O)C(CC1CCN(Cc3ccccc3)CC1)C2
3554,CHEMBL3604196,64.0,CN(C)c1ccc(C(=O)NCCCCCCNc2c3c(nc4ccccc24)CCCC3)cc1.Cl
1710,CHEMBL340621,64.0,O=C(c1ccncc1)N(CCC1CCN(Cc2ccccc2)CC1)c1ccccc1
6551,CHEMBL5409365,64.0,FC(F)(F)c1ccc(-c2nnc(CNC3CCN(Cc4ccccc4)C3)o2)cc1
1634,CHEMBL310918,64.0,O=C(CCC1CCN(Cc2cccc([N+](=O)[O-])c2)CC1)c1ccc2c(c1)CCN2
6773,CHEMBL5566825,64.71,O=C(NCCCCCCNc1c2c(nc3cc(Cl)ccc13)CCCC2)Oc1ccc(-c2cc3cccnc3[nH]2)cc1
1716,CHEMBL141167,65.0,CC(=O)N(CCC1CCN(Cc2ccccc2)CC1)c1cccc(F)c1
425,CHEMBL121810,65.0,CCc1ccccc1NC(=O)Oc1ccc2c(c1)[C@]1(C)CCN(C)O[C@@H]1N2C
3183,CHEMBL3122167,65.0,CCNC(=O)c1ccc2nc(-c3ccc(Cl)cc3)c3c(c2c1)NCCC3
2978,CHEMBL3122167,65.0,CCNC(=O)c1ccc2nc(-c3ccc(Cl)cc3)c3c(c2c1)NCCC3
4587,CHEMBL4216066,65.2,COc1cc(/C=C/C(=O)NCCCCCCNc2c3c(nc4ccccc24)CCCC3)cc(OC)c1O
2463,CHEMBL1940615,65.3,CCN(CCCCCCNC1=CC(=O)C(OC)=CC1=O)Cc1ccccc1OC
4539,CHEMBL4205764,65.3,Cc1cc(=O)oc2cc(OCc3cc[n+](Cc4ccccc4F)cc3)ccc12.[Br-]
6393,CHEMBL5279409,65.6,O=C1Cc2cc(N3C(=O)c4ccccc4C3=O)ccc2CN1C(=O)c1ccccc1
654,CHEMBL86835,66.0,C[N@+]1(Cc2ccccc2)CC[C@H](CCC(=O)c2ccc3c(c2)CCO3)CC1
185,CHEMBL1204296,66.0,CCc1cc(=NCCC2CCN(Cc3ccccc3)CC2)[nH]nc1-c1ccccc1.Cl.Cl.O
381,CHEMBL61850,66.0,Nc1c2c(nc3cc(Br)ccc13)CCCC2
5528,CHEMBL4792354,66.07,CCOC(=O)c1c(C)nc(N2CCN(S(=O)(=O)c3ccc(N)c(F)c3)CC2)nc1-c1ccc(OC)c(OC)c1
4577,CHEMBL4212713,66.6,C=CCNCC(=O)Nc1ccc2nc3n(c(=O)c2c1)CCC3
3770,CHEMBL3764211,67.0,Cc1cc(=O)oc2cc(CNCCC3CCN(Cc4ccccc4)CC3)ccc12
1623,CHEMBL1085858,68.0,O=C(CCC1CCN(Cc2ccccc2)CC1)c1ccc2c(c1)CCN2c1ccccc1
5956,CHEMBL5190569,68.0,COc1cc(/C=C/c2nnc(-c3ccc(C(F)(F)F)cc3)o2)ccc1O
1774,CHEMBL1084366,68.0,CCCCCCNC(=O)Oc1cccc(CN(C)CCCOc2ccc3c(=O)cc(-c4ccccc4)oc3c2)c1
2263,CHEMBL1773485,68.0,CN(Cc1ccccc1)Cc1ccc(C(=O)c2ccc(OCCCN3CCC(n4c(=O)[nH]c5ccccc54)CC3)cc2)cc1
5991,CHEMBL5187436,68.0,CC(=O)N1N=C(c2ccc3ccccc3c2)CC1c1ccc(-c2ccccc2)cc1
5526,CHEMBL4750278,68.02,CCOC(=O)c1c(C)nc(N2CCN(S(=O)(=O)c3ccc(N)cc3)CC2)nc1-c1ccc(OC)c(OC)c1
5523,CHEMBL4797335,68.5,CCOC(=O)c1c(C)nc(N2CCN(S(=O)(=O)c3ccc(N)c(OC)c3)CC2)nc1-c1ccc(OC)cc1
1355,CHEMBL450990,68.9,CCN(CCCCCCN1CCN(CCCCCCN(CC)Cc2ccccc2OC)C(=O)C1=O)Cc1ccccc1OC
138,CHEMBL369661,68.9,Nc1c2c(nc3c(Cl)cccc13)CCCC2
2337,CHEMBL1819169,68.9,c1ccc2c(NCCCCCCN3CCOCC3)c3c(nc2c1)CCCC3
477,CHEMBL286690,69.0,CCN1CC[C@@]2(C)c3cc(OC(=O)NCc4ccccc4)ccc3CC12
5348,CHEMBL4752715,69.0,Fc1ccc(CNC2CCN(Cc3ccccc3)C2)c(F)c1
6956,CHEMBL3416996,69.0,COc1cc(N)c(Cl)cc1C(=O)CCC1CCN(CC2CCCC2)CC1
3377,CHEMBL3416996,69.0,COc1cc(N)c(Cl)cc1C(=O)CCC1CCN(CC2CCCC2)CC1
1693,CHEMBL1085382,69.0,CCN1CC[C@@]2(C)c3cc(OC(=O)NCc4ccccc4)ccc3C[C@@H]12
4449,CHEMBL4159243,69.3,COC(=O)c1ccccc1C[n+]1ccc(CC2Cc3cc(OC)c(OC)cc3C2=O)c(C(=O)Oc2c(Cl)cc(Cl)cc2Cl)c1.[Br-]
1285,CHEMBL270349,69.5,CC(C)(CO[N+](=O)[O-])C(=O)NCCCNc1c2c(nc3ccccc13)CCCC2
4257,CHEMBL4083039,69.7,COc1cc2c(cc1OC)C(=O)/C(=C/c1cc[n+](Cc3ccc(Br)cc3)cc1)C2.[Br-]
5479,CHEMBL4792460,69.8,COc1cc2c(cc1O)CCC(C)(CC(=O)NCCCCCCCCNc1c3c(nc4ccccc14)CCCC3)O2
7247,CHEMBL6189355,70.0,COn1cc(CCNC(=S)NCCCCCNc2c3c(nc4ccccc24)CCCC3)c2ccccc21
2877,CHEMBL2441667,70.0,COc1cccc(CCCCCCc2cccc(OC)[n+]2C)[n+]1C.O=S(=O)([O-])C(F)(F)F.O=S(=O)([O-])C(F)(F)F
1962,CHEMBL224158,70.0,O=C(CCc1c[nH]c2ccccc12)NCCCCCNc1c2c(nc3ccccc13)CCCC2
1779,CHEMBL128452,70.0,CCCCNC(=O)Oc1cccc(CN(CCC)CCCOc2ccc3c(=O)c4ccccc4oc3c2)c1
2584,CHEMBL2088786,70.0,N#Cc1cc(C#N)c(NCCCCC2CCN(Cc3ccccc3)CC2)nc1N
5023,CHEMBL4541558,70.0,Cl.Cl.N[C@@H](Cc1c[nH]c2ccccc12)C(=O)NCCCNc1c2c(nc3cc(Cl)ccc13)CCCC2
2329,CHEMBL1783519,70.0,CC(C)C1=N[C@H]2CC[C@]34C[C@]35C(=O)C[C@]3(C)[C@@H]([C@H](C)N(C)CCN6C(=O)c7ccccc7C6=O)[C@H](O)C[C@@]3(C)[C@@H]5CC[C@H]4[C@]2(C)CS1
2869,CHEMBL2441675,70.0,COc1cc2c(cc1OC)C(=O)C(CCCCCCc1cccc(OC)[n+]1C)C2.O=S(=O)([O-])C(F)(F)F
1188,CHEMBL392324,70.0,CCCCC1=NC2(CCCC2)C(=O)N1Cc1ccc(Br)cc1
2845,CHEMBL2441667,70.0,COc1cccc(CCCCCCc2cccc(OC)[n+]2C)[n+]1C.O=S(=O)([O-])C(F)(F)F.O=S(=O)([O-])C(F)(F)F
2650,CHEMBL128452,70.0,CCCCNC(=O)Oc1cccc(CN(CCC)CCCOc2ccc3c(=O)c4ccccc4oc3c2)c1
51,CHEMBL65585,70.0,CN1CC[C@@]2(C)c3cc(OC(=O)NCCCCCCCCCCCCN4CCOCC4)ccc3N(C)[C@@H]12
2568,CHEMBL2064466,70.3,CN(CCC(=O)N1CCN(CCNc2c3c(nc4ccccc24)CCCC3)CC1)c1ccccc1
1395,CHEMBL490338,71.0,CCOC(=O)C1=C(C)Nc2nc3c(c(N)c2C1c1ccc(-c2ccccc2)cc1)CCCC3
7108,CHEMBL6147891,71.0,O=C(/C=C/c1ccc(-c2ccccc2)cc1)Nc1nc2ccc(O)cc2s1
2523,CHEMBL2018162,71.0,CC[C@H]1C[C@@H]2CN3CCc4c([nH]c5cc([C@H]6C[C@H]7C(C(=O)OC)[C@H](Cc8c6[nH]c6ccccc86)N(C)C[C@H]7CC)ccc45)[C@](C(=O)OC)(C2)[C@H]13
1850,CHEMBL1084095,71.0,CN(C)CCCCCCCCCNc1c2c(nc3ccccc13)CCCC2
4461,CHEMBL4166513,71.0,COc1ccc2c(c1)CCC(Cc1cc[n+](Cc3cccc(Cl)c3)cc1C(C)=O)C2=O.[Br-]
5057,CHEMBL4564320,71.1,COc1ccc(C2SCC(=O)N2c2ccc3oc(=O)ccc3c2)cc1
3166,CHEMBL95,71.5,Nc1c2c(nc3ccccc13)CCCC2
5520,CHEMBL4762860,71.89,CCOC(=O)c1c(C)nc(N2CCN(S(=O)(=O)c3ccc(N)cc3)CC2)nc1-c1ccc(OC)cc1
1167,CHEMBL243274,71.9,CCN(CCCCCCNC1=CC(=O)C(NCCCCCCN(CC)Cc2ccccc2C)=CC1=O)Cc1ccccc1C
811,CHEMBL61274,72.0,CCCCCCNC(=O)Oc1ccc2c(c1)C1CCN(C)C2C1
5744,CHEMBL4858901,72.0,Cc1ccc2c(N)c3c(nc2c1)CCCC3.Cl
1051,CHEMBL384886,72.1,COc1cc(CCC(=O)NCCCC(=O)NNc2c3c(nc4ccccc24)CCCC3)cc(OC)c1OC
5352,CHEMBL95,72.38,Nc1c2c(nc3ccccc13)CCCC2
1352,CHEMBL449941,72.4,CCN(CCCCCCN1CCN(CCCCCCN(CC)Cc2ccccc2OC)C1=O)Cc1ccccc1OC
3143,CHEMBL3353040,72.5,CC1=C[C@H]2Cc3nc4cc(Cl)ccc4c(NCCCCCCCCNc4c5c(nc6cc(Cl)ccc46)C[C@@H]4C=C(C)C[C@H]5C4)c3[C@@H](C1)C2
23,CHEMBL154972,73.0,N#CC(C#N)=C1Nc2ccccc2N1CCNCc1ccc(CN2CCCCC2)o1
3995,CHEMBL3919441,73.0,COc1cc2c(cc1OC)C(=O)C(CC1CCN(Cc3cccc(C)n3)CC1)C2
7172,CHEMBL4752296,73.0,CNC(=O)c1sc(-c2ccnc(NC(=O)C3CC3)c2)nc1OC1CCN(Cc2ccccc2)CC1
6977,CHEMBL6101869,73.28,Cc1ccc2[nH]cc(CCNC(=O)Oc3cccc(C(C)N(C)C)c3)c2c1
1170,CHEMBL218443,73.3,CCN(CCCCCCNC1=CC(=O)C(NCCCCCCN(CC)Cc2ccccc2)=CC1=O)Cc1ccccc1
1034,CHEMBL209392,73.6,N#Cc1ccccc1-c1ccc(CN2CCN(C(c3ccc(F)cc3)c3ccc(F)cc3)CC2)cc1
791,CHEMBL13206,74.0,CN(C)Cc1ccc(CSCCN/C=C(/NCCSCc2ccc(CN(C)C)o2)[N+](=O)[O-])o1
174,CHEMBL1204162,74.0,Cl.O.c1ccc(CN2CCC(CCN=c3cc4c(n[nH]3)-c3ccccc3C4)CC2)cc1
5241,CHEMBL4779999,74.0,Brc1ccc(-c2nnc(N3CCN(c4ccccn4)CC3)o2)cc1
4595,CHEMBL4215217,74.5,COc1ccc(Cn2cc(C(=O)NCCNc3c4c(nc5cc(Cl)ccc35)CCCC4)c(=O)c3ccccc32)cc1
2545,CHEMBL2047528,74.9,CN(CCCOc1ccc2ccc(=O)oc2c1)Cc1cccc(OC(=O)NCCCCCc2ccccc2)c1
2250,CHEMBL188821,75.0,[Br-].[Br-].c1cc(C[n+]2ccc(N3CCCCC3)cc2)ccc1C[n+]1ccc(N2CCCCC2)cc1
1483,CHEMBL576005,75.0,C[C@@H]1CCC[C@H](C)N1S(C)(=O)=O
3555,CHEMBL3604197,75.0,CN(C)c1ccc(C(=O)NCCCCCCCNc2c3c(nc4ccccc24)CCCC3)cc1.Cl
492,CHEMBL95,75.0,Nc1c2c(nc3ccccc13)CCCC2
1910,CHEMBL76014,75.0,c1ccc2c(NCCCCCCCNc3c4c(nc5ccccc35)CCC4)c3c(nc2c1)CCC3
1630,CHEMBL306175,76.0,O=C(CCC1CCN(Cc2ccccc2Cl)CC1)c1ccc2c(c1)CCN2
660,CHEMBL321605,76.0,CN(C)Cc1ccc(CSCCNc2cc(NN)c([N+](=O)[O-])cc2[N+](=O)[O-])o1
2316,CHEMBL1783521,76.0,CN[C@@H](C)[C@H]1[C@H](O)C[C@@]2(C)[C@@H]3CC[C@H]4[C@]5(C)CSC(C(C)C)=N[C@H]5CC[C@@]45C[C@@]35C(=O)C[C@]12C
2322,CHEMBL1783527,76.0,CC(C)C1=N[C@H]2CC[C@]34C[C@]35C(=O)C[C@]3(C)[C@@H]([C@H](C)N(C)CCCc6ccccc6)[C@H](O)C[C@@]3(C)[C@@H]5CC[C@H]4[C@]2(C)CS1
5035,CHEMBL4456435,76.0,Cl.Cl.N[C@@H](Cc1c[nH]c2ccccc12)C(=O)NCCCCCCCCNc1c2c(nc3ccccc13)CCCC2
306,CHEMBL95,76.0,Nc1c2c(nc3ccccc13)CCCC2
5025,CHEMBL4563209,76.0,Cl.Cl.N[C@@H](Cc1c[nH]c2ccccc12)C(=O)NCCCCCNc1c2c(nc3cc(Cl)ccc13)CCCC2
4566,CHEMBL95,76.5,Nc1c2c(nc3ccccc13)CCCC2
5518,CHEMBL4752188,76.52,CCOC(=O)c1c(C)nc(N2CCN(S(=O)(=O)c3ccc(NC(C)=O)c(F)c3)CC2)nc1-c1ccc(OC)c(OC)c1
628,CHEMBL542497,76.9,CCC1=CC2CC(C1)Cc1nc3ccccc3c(N)c12.Cl
3726,CHEMBL3751866,76.9,O=C(NCCCCCCCNc1c2c(nc3ccccc13)CCCC2)c1cc2ccccc2o1
2371,CHEMBL95,77.0,Nc1c2c(nc3ccccc13)CCCC2
3055,CHEMBL3234592,77.0,O/N=C/c1nccc(CCCCCNc2c3c(nc4ccccc24)CCCC3)c1O
4500,CHEMBL4164761,77.0,CNC(=O)c1cc2c(OC(=O)N(C)C)cccc2[n+](C)c1.[I-]
3556,CHEMBL3604198,77.0,CN(C)c1ccc(C(=O)NCCCCCCCCNc2c3c(nc4ccccc24)CCCC3)cc1.Cl
1823,CHEMBL102142,77.0,Cc1ccc(C(=O)NC(=S)NCCOCCN(C)Cc2ccccc2)cc1
471,CHEMBL284938,77.0,CCCCCCNC(=O)Oc1ccc2c(c1)[C@]1(C)CCN(C)C1C2
3577,CHEMBL3623548,77.5,CC(C)n1cc(C(=O)C(F)(F)F)cn1
1172,CHEMBL242191,77.8,COc1ccccc1CN(C)CCCCCCNC1=CC(=O)C(NCCCCCCN(C)Cc2ccccc2OC)=CC1=O
5521,CHEMBL4743674,77.91,CCOC(=O)c1c(C)nc(N2CCN(S(=O)(=O)c3ccc(N)c(Cl)c3)CC2)nc1-c1ccc(OC)cc1
2062,CHEMBL131210,78.0,Cc1cc(C)cc(NC(=O)Oc2ccc3c(c2)[C@]2(C)CCN(C)[C@@H]2N3C)c1
278,CHEMBL131210,78.0,Cc1cc(C)cc(NC(=O)Oc2ccc3c(c2)[C@]2(C)CCN(C)[C@@H]2N3C)c1
491,CHEMBL95,78.0,Nc1c2c(nc3ccccc13)CCCC2
176,CHEMBL132030,78.0,Nc1c2c(nc3cccc(F)c13)CCCC2
4545,CHEMBL4208961,78.1,Cc1cc(=O)oc2cc(OCc3cc[n+](Cc4ccccc4Br)cc3)ccc12.[Br-]
5060,CHEMBL4449161,78.9,O=c1ccc2cc(/N=C/c3ccc(Cl)cc3)ccc2o1
5515,CHEMBL4777023,78.99,CCOC(=O)c1c(C)nc(N2CCN(S(=O)(=O)c3ccc(NC(C)=O)c(OC)c3)CC2)nc1-c1ccccc1
6604,CHEMBL502,79.0,COc1cc2c(cc1OC)C(=O)C(CC1CCN(Cc3ccccc3)CC1)C2
5077,CHEMBL95,79.0,Nc1c2c(nc3ccccc13)CCCC2
129,CHEMBL423313,79.0,COc1cc2cc(C(=O)CCC3CC[N+](C)(CC(=O)OC(C)(C)C)CC3)sc2cc1OC.[Br-]
6105,CHEMBL5208027,79.0,COc1ccccc1/C=C/C=C(\Br)S(=O)(=O)F
881,CHEMBL364585,79.0,COc1cc2cc(C(=O)C3CCC[N+](C)(CC(=O)OC(C)(C)C)CC3)sc2cc1OC
3704,CHEMBL95,79.0,Nc1c2c(nc3ccccc13)CCCC2
1954,CHEMBL191314,79.1,CNC(=O)Oc1cccc(CN(C)CCCCCCCOc2ccc3c(c2)O/C(=C\c2c4ccccc4cc4ccccc24)C3=O)c1
5524,CHEMBL4800558,79.12,CCOC(=O)c1c(C)nc(N2CCN(S(=O)(=O)c3ccc(N)c(Cl)c3)CC2)nc1-c1ccccc1
5519,CHEMBL4785119,79.16,CCOC(=O)c1c(C)nc(N2CCN(S(=O)(=O)c3ccc(NC(C)=O)c(OC)c3)CC2)nc1-c1ccc(OC)c(OC)c1
5511,CHEMBL4756262,79.25,CCOC(=O)c1c(C)nc(N2CCN(S(=O)(=O)c3ccc(NC(C)=O)c(OC)c3)CC2)nc1-c1ccc(OC)cc1
4380,CHEMBL4085450,79.43,O=C1C(=O)N(C(=O)c2ccccc2)c2ccc(CN3CCCCC3)cc21
1895,CHEMBL1086248,79.6,CNC(=O)Oc1cccc(CN(C)CCCOc2ccccc2)c1
330,CHEMBL539045,79.6,CNC(=O)Oc1cccc(CN(C)CCCOc2ccccc2)c1.Cl
3662,CHEMBL3632994,80.0,Cc1c(C)c2c(c(C)c1O)CCC(C)(C(=O)NCCCCCCCCNc1c3c(nc4cc(Cl)ccc14)CCCC3)O2
3861,CHEMBL94,80.0,CNC(=O)Oc1ccc2c(c1)[C@]1(C)CCN(C)[C@@H]1N2C
3661,CHEMBL3632993,80.0,Cc1c(C)c2c(c(C)c1O)CCC(C)(C(=O)NCCCCCCCNc1c3c(nc4cc(Cl)ccc14)CCCC3)O2
5706,CHEMBL94,80.0,CNC(=O)Oc1ccc2c(c1)[C@]1(C)CCN(C)[C@@H]1N2C
4170,CHEMBL3632994,80.0,Cc1c(C)c2c(c(C)c1O)CCC(C)(C(=O)NCCCCCCCCNc1c3c(nc4cc(Cl)ccc14)CCCC3)O2
46,CHEMBL155111,80.0,N#CC(C#N)=C1NCCN1CCNCc1ccc(CN2CCCC2)o1
3657,CHEMBL3632989,80.0,Cc1c(C)c2c(c(C)c1O)CCC(C)(C(=O)NCCCNc1c3c(nc4cc(Cl)ccc14)CCCC3)O2
2185,CHEMBL1761995,80.0,[Br-].[Br-].c1ccc2c(c1)ccc[n+]2CCCCCCCC[n+]1cccc2ccccc21
3417,CHEMBL3577511,80.0,CCN(CCCCOc1ccc(-c2cc(=O)c3c(OC)c(OC)c(OC)cc3o2)cc1)Cc1ccccc1OC
62,CHEMBL65018,80.0,CN1CC[C@@]2(C)c3cc(OC(=O)NCCCCCCCCN4CCOCC4)ccc3N(C)[C@@H]12
5052,CHEMBL4467130,80.0,O=C(CNc1ccc2oc(=O)ccc2c1)N1CCN(c2ccccc2)CC1
7148,CHEMBL6168950,80.0,Nc1ccccc1C(=O)/C=C/c1cccc(Cl)c1Cl
5787,CHEMBL3605356,80.0,c1ccc2c(c1)c1cnccc1n2CCCCCCCCCn1c2ccccc2c2cnccc21
1722,CHEMBL106891,80.0,O=C1c2ccccc2C(=O)N1CCC1CCN(Cc2ccccc2)CC1
6594,CHEMBL502,80.0,COc1cc2c(cc1OC)C(=O)C(CC1CCN(Cc3ccccc3)CC1)C2
2186,CHEMBL105017,80.0,[Br-].[Br-].c1ccc2c(c1)ccc[n+]2CCCCCCCCC[n+]1cccc2ccccc21
3901,CHEMBL3828259,80.5,Cc1cc(=O)oc2cc(OCCCN(C)Cc3cccc(OC(=O)NCCCCCc4ccccc4)c3)ccc12
1645,CHEMBL74747,81.0,CN1CCCCc2ccc(C(=O)CCC3CCN(Cc4ccccc4)CC3)cc21
6220,CHEMBL5219350,81.4,CCN1/C(=C/C(C)=O)Sc2ccc(OC(=O)OCCOCCNC(=O)c3cc4c(OC(=O)N(C)C)cccc4[n+](C)c3)cc21.COS(=O)(=O)[O-]
5852,CHEMBL4867249,81.6,O=C(Nc1cncc(OCC2CCN(Cc3ccccc3Cl)CC2)c1)c1ccnc(NC(=O)C2CC2)c1
6395,CHEMBL5277927,81.65,COc1ccccc1C(=O)N1Cc2ccc(N3C(=O)c4ccccc4C3=O)cc2CC1=O
6396,CHEMBL5289994,81.85,COc1ccc(C(=O)N2Cc3ccc(N4C(=O)c5ccccc5C4=O)cc3CC2=O)cc1
1001,CHEMBL381926,82.0,CCNC(=O)Oc1ccc2c(c1)[C@]1(C)CCO[C@@H]1N2C
7122,CHEMBL6147092,82.0,CCOC(=O)C1=C(C)N=C2SC(c3ccc([N+](=O)[O-])cc3)=NN2C1c1ccc(C=O)cn1
814,CHEMBL367795,82.0,CCNC(=O)Oc1ccc2c(c1)[C@]1(C)CCOC1N2C
1187,CHEMBL332051,82.5,CCCCC1=NC2(CCCC2)C(=O)N1Cc1ccc(-c2ccccc2C#N)cc1
1196,CHEMBL398406,82.5,CCCCC1=NC2(CCCC2)C(=O)N1Cc1cc(OC)c(OC)cc1Br
1894,CHEMBL1086247,82.6,CNC(=O)Oc1cccc(CN(C)CCCOc2ccc3ccccc3c2)c1
321,CHEMBL542220,82.6,CNC(=O)Oc1cccc(CN(C)CCCOc2ccc3ccccc3c2)c1.Cl
5184,CHEMBL1762833,83.0,COc1ccc(C2c3c(nc4c(c3N)CCCC4)Oc3ccc4ccccc4c32)cc1OC
1855,CHEMBL1084530,83.0,c1ccc2c(NCCCCCCCCCNc3ccncc3)c3c(nc2c1)CCCC3
657,CHEMBL107892,83.0,CN(C)Cc1ccc(CSCCNc2cc(N)c([N+](=O)[O-])cc2[N+](=O)[O-])o1
4543,CHEMBL4205520,83.6,Cc1cccc(C[n+]2ccc(COc3ccc4c(C)cc(=O)oc4c3)cc2)c1.[Br-]
5351,CHEMBL95,84.0,Nc1c2c(nc3ccccc13)CCCC2
5069,CHEMBL4540497,84.0,CN(C)c1ccc(/C=C2/S/C(=N/c3ccc4oc(=O)ccc4c3)NC2=O)cc1
1507,CHEMBL593933,84.0,C/C=C1\[C@H]2C=C(C)C[C@]1(/N=C/c1ccc(OC)cc1OC)c1ccc(=O)[nH]c1C2
149,CHEMBL355740,84.3,Nc1c2c(nc3c(Cl)cccc13)C1CCC2C1
4845,CHEMBL4559904,84.4,COc1c(C(=O)CCC2CCN(CC3CCCCC3)CC2)cc(Cl)c2c1ccn2C
5525,CHEMBL4764003,84.65,CCOC(=O)c1c(C)nc(N2CCN(S(=O)(=O)c3ccc(N)c(OC)c3)CC2)nc1-c1ccccc1
2565,CHEMBL2064470,84.8,CN(CCCN1CCN(CCNc2c3c(nc4ccccc24)CCCC3)CC1)c1ccccc1
5529,CHEMBL4746943,85.58,CCOC(=O)c1c(C)nc(N2CCN(S(=O)(=O)c3ccc(N)c(OC)c3)CC2)nc1-c1ccc(OC)c(OC)c1
3601,CHEMBL3623556,85.9,CCC(C)n1cc(C(=O)C(F)F)cn1
5771,CHEMBL4868918,86.6,Cc1ccc(S(=O)(=O)SCc2ccc(C(F)(F)F)cc2)cc1
5992,CHEMBL502,87.0,COc1cc2c(cc1OC)C(=O)C(CC1CCN(Cc3ccccc3)CC1)C2
1934,CHEMBL61533,87.0,Nc1c2c(nc3cc(F)ccc13)CCCC2
373,CHEMBL61533,87.0,Nc1c2c(nc3cc(F)ccc13)CCCC2
7038,CHEMBL6102364,87.1,CCOc1cc(N)ccc1C(=O)CCC1CCN(CC2CCCCC2)CC1
5509,CHEMBL4782471,87.62,CCOC(=O)c1c(C)nc(N2CCN(S(=O)(=O)c3ccc(NC(C)=O)c(Cl)c3)CC2)nc1-c1ccc(OC)cc1
3979,CHEMBL170946,88.0,COc1cc2c(cc1OC)C(=O)C(CC1CCN(Cc3cccc(C)c3)CC1)C2
3923,CHEMBL3828293,88.1,CN(CCCCCOc1ccc2ccc(=O)oc2c1)Cc1cccc(OC(=O)NCCCCCc2ccccc2)c1
5516,CHEMBL4764274,88.79,CCOC(=O)c1c(C)nc(N2CCN(S(=O)(=O)c3ccc(NC(C)=O)cc3)CC2)nc1-c1ccc(OC)c(OC)c1
1629,CHEMBL74832,89.0,O=C(CCC1CCN(Cc2ccc(F)cc2)CC1)c1ccc2c(c1)CCN2
1844,CHEMBL258928,89.0,NCCCCCCCCNc1c2c(nc3ccccc13)CCCC2
5238,CHEMBL4793365,89.0,FC(F)(F)Oc1ccc(-c2nnc(N3CCN(c4ccccn4)CC3)o2)cc1
4376,CHEMBL4100935,89.13,O=C1C(=O)N(Cc2ccc(Br)cc2)c2ccc(Br)cc21
1061,CHEMBL266045,89.2,COc1cc(C(=O)NCCC(=O)NNc2c3c(nc4ccccc24)CCCC3)cc(OC)c1OC
2547,CHEMBL2047530,89.5,CN(CCCOc1ccc2c(=O)c3cccnc3oc2c1)Cc1cccc(OC(=O)NCCCCCc2ccccc2)c1
4593,CHEMBL4215154,89.6,COc1ccc(Cn2cc(C(=O)NCCCCNc3c4c(nc5cc(Cl)ccc35)CCCC4)c(=O)c3ccccc32)cc1
3902,CHEMBL3827734,89.9,CN(CCCOc1ccc2c3c(c(=O)oc2c1)CCCC3)Cc1cccc(OC(=O)NCCCCCc2ccccc2)c1
3971,CHEMBL502,90.0,COc1cc2c(cc1OC)C(=O)C(CC1CCN(Cc3ccccc3)CC1)C2
6265,CHEMBL5272435,90.0,COc1ccc2c(=O)cc(C(=O)NCCN3CCCCC3)oc2c1
843,CHEMBL424984,90.0,COc1ccc(-c2cc3c(c(=O)o2)C[C@@]2(O)[C@@]4(C)C=CC(=O)C(C)(C)[C@@]4(O)CC[C@@]2(C)O3)cc1
2184,CHEMBL1761994,90.0,[Br-].[Br-].c1ccc2c(c1)ccc[n+]2CCCCCCC[n+]1cccc2ccccc21
484,CHEMBL32452,90.0,CCCCNC(=O)Oc1ccc2c(c1)[C@]1(C)CCN(CC)C1C2
2061,CHEMBL502,90.0,COc1cc2c(cc1OC)C(=O)C(CC1CCN(Cc3ccccc3)CC1)C2
1687,CHEMBL1085125,90.0,CCCCNC(=O)Oc1ccc2c(c1)[C@]1(C)CCN(CC)[C@@H]1C2
6070,CHEMBL5190969,90.0,Cc1cc(Br)cc(C)c1OCC(=O)NCCN1CCN(Cc2ccccc2)CC1
846,CHEMBL95,90.0,Nc1c2c(nc3ccccc13)CCCC2
6688,CHEMBL95,90.0,Nc1c2c(nc3ccccc13)CCCC2
105,CHEMBL83005,90.0,COc1cc2cc(C(=O)CC3(O)CC[N+](C)(Cc4ccccc4)CC3)sc2cc1OC.[Br-]
4213,CHEMBL4075061,90.0,Clc1ccc2c(NCc3ccccn3)c3c(nc2c1)CCCC3
7024,CHEMBL442287,90.0,C=C(C)CN1CC[C@@]23C=C[C@H](O)C[C@@H]2Oc2c(OC)ccc(c23)C1
908,CHEMBL360832,90.0,COc1cc2c(cc1OC)SC(C(=O)CC1(O)CC[N+](C)(Cc3ccccc3)CC1)C2
1488,CHEMBL582883,90.0,C[C@@H]1CCC[C@H](C)N1S(=O)(=O)c1cc(Cl)ccc1Cl
5183,CHEMBL4641865,90.4,COc1ccccc1-c1ccc(/C=N/N2CC(=O)N(CCC3CCN(Cc4ccccc4)CC3)C2=O)o1
4198,CHEMBL4072999,91.0,CC(=O)c1c[n+](Cc2ccccc2C)ccc1CC1Cc2cc(C)ccc2C1=O.[Br-]
7000,CHEMBL6091840,91.0,COc1cccc2cc(-c3ccc(NC(=O)c4ccc(CCl)cc4)cc3)c(=O)oc12
303,CHEMBL54126,91.0,CN(C)C(=O)Oc1cccc([N+](C)(C)C)c1.[Br-]
4744,CHEMBL4291296,91.0,O=C(NCCC1CCN(Cc2ccccc2)CC1)c1cc(=O)c2cc(O)ccc2o1
4836,CHEMBL4537101,91.4,COc1c(C(=O)CCC2CCN(CC3CCCCC3)CC2)cc(Cl)c2[nH]ccc12
3292,CHEMBL3343922,91.8,O=C(NCCCCCCNc1c2c(nc3ccccc13)CCCC2)c1cc2c(cn1)[nH]c1ccccc12
5510,CHEMBL4797974,91.9,CCOC(=O)c1c(C)nc(N2CCN(S(=O)(=O)c3ccc(NC(C)=O)c(F)c3)CC2)nc1-c1ccc(OC)cc1
6902,CHEMBL5631356,92.0,Brc1ccc(Cn2cc(CNC34CC5CC(CC(C5)C3)C4)nn2)cc1
5957,CHEMBL5197518,92.0,COc1cc(/C=C/c2nnc(-c3ccc(OC(F)(F)F)cc3)o2)ccc1O
3203,CHEMBL2391486,92.0,Cc1cc(=O)oc2cc(OCCN3CCN(CC(=O)Nc4c5c(nc6ccccc46)CCCC5)CC3)ccc12
3290,CHEMBL3343885,92.6,Cc1nc(C(=O)NCCCCCCNc2c3c(nc4ccccc24)CCCC3)cc2c1[nH]c1ccccc12
3591,CHEMBL3137700,92.9,C[Si](C)(C)c1cccc(C(=O)C(F)(F)F)c1
6175,CHEMBL5169560,93.0,c1ccc2c(NCCN3CCOCC3)c3c(nc2c1)CCCC3
485,CHEMBL33642,93.0,CCCCCCCNC(=O)Oc1ccc2c(c1)[C@]1(C)CCN(CCC)C1C2
2672,CHEMBL2297280,93.0,COc1cc2occ(-c3ccc(OC4CCN(Cc5ccccc5)CC4)cc3)c(=O)c2cc1OC
4498,CHEMBL4168198,93.0,COC(=O)CNC(=O)c1cc2c(OC(=O)N(C)C)cccc2[n+](C)c1.[I-]
1296,CHEMBL269863,93.0,O=C(CCO[N+](=O)[O-])NCCCNc1c2c(nc3ccccc13)CCCC2
1694,CHEMBL1085383,93.0,CCCCCCCNC(=O)Oc1ccc2c(c1)[C@]1(C)CCN(CCC)[C@@H]1C2
2204,CHEMBL1677,93.0,Cl.Nc1c2c(nc3ccccc13)CCCC2
5973,CHEMBL95,93.0,Nc1c2c(nc3ccccc13)CCCC2
1007,CHEMBL205340,94.0,CCNC(=O)Oc1ccc2c(c1)[C@]1(C)CCN(C)[C@@H]1N2C
2060,CHEMBL205340,94.0,CCNC(=O)Oc1ccc2c(c1)[C@]1(C)CCN(C)[C@@H]1N2C
4842,CHEMBL4562793,94.0,O=C(CCC1CCN(CC2CCCC2)CC1)c1ccc2[nH]ccc2c1
242,CHEMBL156157,94.0,CN1CCN(CC2Cc3ccccc3C2=O)CC1
818,CHEMBL361409,94.0,CCNC(=O)Oc1ccc2c(c1)[C@]1(C)CCN(C)C1N2C
6787,CHEMBL5573558,94.0,CC(CCCCn1c(=O)c2c(ncn2C)n(C)c1=O)=NNC(=O)COc1ccccc1-c1nc(-c2ccccc2)no1
6784,CHEMBL5569585,94.0,Cc1cc(NS(=O)(=O)c2ccc(NC(=O)COc3ccccc3-c3nc(-c4ccccc4)no3)cc2)no1
4591,CHEMBL4217346,94.1,COc1ccc(Cn2cc(C(=O)NCCCCCCNc3c4c(nc5cc(Cl)ccc35)CCCC4)c(=O)c3ccccc32)cc1
5050,CHEMBL4451686,94.1,O=C1N/C(=N\c2ccc3oc(=O)ccc3c2)S/C1=C/c1ccccc1
3171,CHEMBL3322142,94.2,CCN(CCC(=O)NCCCCNc1c2c(nc3ccccc13)CCCC2)C1CCCCC1
294,CHEMBL95,95.0,Nc1c2c(nc3ccccc13)CCCC2
1982,CHEMBL388615,95.0,O=C(NCCCCCCCNc1c2c(nc3cc(Cl)ccc13)CCCC2)c1n[nH]c2ccccc12
47,CHEMBL1203534,95.0,Cl.N#CC(C#N)=C1NCCN1CCNCc1ccc(CN2CC=CCC2)o1
170,CHEMBL95,95.0,Nc1c2c(nc3ccccc13)CCCC2
4047,CHEMBL3900968,96.0,O=[N+]([O-])c1ccc2nc(NCCc3cc[n+](Cc4ccc(F)cc4)cc3)sc2c1
3325,CHEMBL3356953,96.1,O=C1C(Cl)=C(NCCNc2c3c(nc4ccccc24)CCCC3)C(=O)c2ccccc21
3302,CHEMBL3343931,96.3,N[C@@H](Cc1c[nH]c2ccccc12)C(=O)NCCCCCCNc1c2c(nc3ccccc13)CCCC2
3984,CHEMBL3933395,97.0,COc1cc2c(cc1OC)C(=O)C(CC1CCN(Cc3ccccc3Cl)CC1)C2
1011,CHEMBL207777,97.0,Cc1ccccc1NC(=O)Oc1ccc2c(c1)[C@]1(C)CO[C@@H](C1)O2
2901,CHEMBL3086276,97.0,COc1cc2[se]n(CCC3CCN(Cc4ccccc4)CC3)c(=O)c2cc1OC
954,CHEMBL192682,97.0,O=C(CCCCC1CCSS1)NCCNc1c2c(nc3ccccc13)CCCC2
5423,CHEMBL4749327,97.4,CNC(=O)c1sc(-c2ccnc(NC(=O)CNCCNc3c4c(nc5ccccc35)CCCC4)c2)nc1OC
5514,CHEMBL4752521,97.43,CCOC(=O)c1c(C)nc(N2CCN(S(=O)(=O)c3ccc(NC(C)=O)c(F)c3)CC2)nc1-c1ccccc1
1721,CHEMBL333909,98.0,O=C1c2ccccc2CN1CCC1CCN(Cc2ccccc2)CC1
1042,CHEMBL384563,98.0,CC1=CC2Cc3nc4cc(Cl)ccc4c(N)c3C(C1)C2NC=O
2906,CHEMBL3093173,98.0,COc1ccc(/C=C2\COc3cc(OCCCCCNc4c5c(nc6ccccc46)CCCC5)ccc3C2=O)cc1
3293,CHEMBL3343882,98.2,CCc1nc(C(=O)NCCCCCCNc2c3c(nc4ccccc24)CCCC3)cc2c1[nH]c1ccccc12
5354,CHEMBL4781157,98.3,O=C(CCCCN1CCC2c3ccccc3NC2C1)Nc1ccc(/C=C2\CCn3c2nc2ccccc2c3=O)cc1
449,CHEMBL328102,99.0,c1ccc(CN2CCC(CCc3nsc4ccccc34)CC2)cc1
6174,CHEMBL95,99.0,Nc1c2c(nc3ccccc13)CCCC2
173,CHEMBL133906,99.0,Cc1cccc2nc3c(c(N)c12)CCCC3
862,CHEMBL328102,99.0,c1ccc(CN2CCC(CCc3nsc4ccccc34)CC2)cc1
1678,CHEMBL1084703,99.0,c1ccc(CN2CCC(CNc3nsc4ccccc34)CC2)cc1
7036,CHEMBL5905385,99.0,COc1cc(N)c(Br)cc1C(=O)CCC1CCN(CC2CCCCC2)CC1
6962,CHEMBL5905385,99.0,COc1cc(N)c(Br)cc1C(=O)CCC1CCN(CC2CCCCC2)CC1
1226,CHEMBL1524,100.0,CN1CC[C@@]23C=C[C@H](O)C[C@@H]2Oc2c(O)ccc(c23)C1
1589,CHEMBL95,100.0,Nc1c2c(nc3ccccc13)CCCC2
2647,CHEMBL128780,100.0,CCCCCCCNC(=O)Oc1cccc(CN(C)CCCCOc2ccc3c(=O)c4ccccc4oc3c2)c1
7183,CHEMBL6172404,100.0,COC(=O)c1ccc(/C=N/NC(=O)c2ccc(Cl)nc2)cc1
6451,CHEMBL5282182,100.0,CCC(=O)CNC(=O)Nc1nc2ccc(-c3oc4c(OC)c(O)c(O)c(OC)c4c(=O)c3O)cc2s1
1782,CHEMBL131411,100.0,CCCCNC(=O)Oc1cccc(CN(CCCOc2ccc3c(=O)c4ccccc4oc3c2)C(C)C)c1
6453,CHEMBL5286597,100.0,CCN(CC)CCCCOc1cc(O)c2c(=O)c(-c3ccc(O)cc3)coc2c1
6239,CHEMBL5220742,100.0,O=C1CCOc2cc(OCCCCCSC(=S)N3CCCCC3)ccc21
2059,CHEMBL295462,100.0,CNC(=O)Oc1ccc2c(c1)c(C)cn2Nc1ccncc1F
589,CHEMBL54014,100.0,Cc1ccccc1NC(=O)Oc1ccc2c(c1)[C@]1(C)CCN(C)C1N2Cc1ccccc1
3660,CHEMBL3632992,100.0,Cc1c(C)c2c(c(C)c1O)CCC(C)(C(=O)NCCCCCCNc1c3c(nc4cc(Cl)ccc14)CCCC3)O2
4969,CHEMBL4535585,100.0,Oc1ccc(CNc2c3c(nc4ccccc24)CCCC3)cc1O
1758,CHEMBL1083379,100.0,CCCCCCNC(=O)Oc1cccc(CN(C)CCCCCOc2ccc3c(=O)c4ccccc4oc3c2)c1
1756,CHEMBL1083070,100.0,CCCCCCNC(=O)Oc1cccc(CN(C)CCCCOc2ccc3c(=O)c4ccccc4oc3c2)c1
2427,CHEMBL1618217,100.0,CCCCCCNc1c2c(nc3ccc(OC)cc13)CCCC2
2069,CHEMBL1257885,100.0,CCCCCCNc1c2c(nc3ccc(OC)cc13)CCCC2.Cl
2837,CHEMBL2441675,100.0,COc1cc2c(cc1OC)C(=O)C(CCCCCCc1cccc(OC)[n+]1C)C2.O=S(=O)([O-])C(F)(F)F
603,CHEMBL659,100.0,COc1ccc2c3c1O[C@H]1C[C@@H](O)C=C[C@@]31CCN(C)C2
681,CHEMBL86031,100.0,C[N+]1(Cc2ccccc2)CCC(CCC(=O)c2ccc3c(c2)OCCO3)CC1
1644,CHEMBL75013,100.0,O=C(CCC1CCN(Cc2ccccc2)CC1)c1ccc2c(c1)NCCCC2
2878,CHEMBL2441666,100.0,COc1cccc(CCCCCc2cccc(OC)[n+]2C)[n+]1C.O=S(=O)([O-])C(F)(F)F.O=S(=O)([O-])C(F)(F)F
6872,CHEMBL1201196,100.0,Clc1ccc(C(Cn2ccnc2)OCc2csc3c(Cl)cccc23)c(Cl)c1
5215,CHEMBL95,100.0,Nc1c2c(nc3ccccc13)CCCC2
1829,CHEMBL100510,100.0,CN(CCOCCNC(=S)NC(=O)c1ccc2ccccc2c1)Cc1ccccc1
419,CHEMBL538852,100.0,CNC(=O)Oc1ccc2c(c1)[C@]1(C)CC[N@@+](C)([O-])[C@@H]1N2C.Cl
1,CHEMBL336398,100.0,O=C(N1CCCCC1)n1nc(-c2ccc(Cl)cc2)nc1SCC1CC1
894,CHEMBL86031,100.0,C[N+]1(Cc2ccccc2)CCC(CCC(=O)c2ccc3c(c2)OCCO3)CC1
2678,CHEMBL95,100.0,Nc1c2c(nc3ccccc13)CCCC2
6732,CHEMBL5208951,100.0,COc1cc2c(Nc3ccc(C(=O)/C=C/c4nc(C)c(C)nc4C)cc3)ncnc2c(OC)c1OC
6289,CHEMBL1524,100.0,CN1CC[C@@]23C=C[C@H](O)C[C@@H]2Oc2c(O)ccc(c23)C1
997,CHEMBL204895,100.0,CCNC(=O)Oc1ccc2c(c1)[C@]1(C)CCO[C@@H]1O2
1928,CHEMBL60119,100.0,Cc1ccc2c(N)c3c(nc2c1)CCCC3
1571,CHEMBL1076243,100.0,CCCCCCOC(=O)[C@H](CCC(=O)NCCC1CCN(Cc2ccccc2)CC1)NC(=O)Cc1cc2ccc(Cl)cc2s1
917,CHEMBL188274,100.0,CNC(=O)Oc1cccc(C(C)N(C)C)c1.Cl
2165,CHEMBL104613,100.0,[Br-].[Br-].c1ccc2c[n+](CCCCCCCCCCC[n+]3ccc4ccccc4c3)ccc2c1
5,CHEMBL130098,100.0,CSc1nc(-c2ccc(Cl)cc2)nn1C(=O)N(C)C
6079,CHEMBL5208951,100.0,COc1cc2c(Nc3ccc(C(=O)/C=C/c4nc(C)c(C)nc4C)cc3)ncnc2c(OC)c1OC
1552,CHEMBL54126,100.0,CN(C)C(=O)Oc1cccc([N+](C)(C)C)c1.[Br-]
356,CHEMBL60119,100.0,Cc1ccc2c(N)c3c(nc2c1)CCCC3
1495,CHEMBL572480,100.0,CCN(CCCCCCNC1=CC(=O)C(NCCCCCCNC(=O)CCCCC2CCSS2)=CC1=O)Cc1ccccc1OC
3482,CHEMBL295124,100.0,COc1ccc2cc3[n+](cc2c1OC)CCc1cc2c(cc1-3)OCO2
6266,CHEMBL5266377,100.0,CCOP(=O)(OCC)C(NCCc1ccc(OC)cc1)c1coc2ccccc2c1=O
5522,CHEMBL4779365,100.6,CCOC(=O)c1c(C)nc(N2CCN(S(=O)(=O)c3ccc(N)c(F)c3)CC2)nc1-c1ccc(OC)cc1
1672,CHEMBL92775,101.0,N#Cc1ccc2c(CCC3CCN(Cc4ccccc4)CC3)noc2c1
1243,CHEMBL194372,101.0,CN[C@@H](CCOc1ccc([N+](=O)[O-])cc1)c1ccc(OC(=O)N(C)C)cc1
857,CHEMBL92775,101.0,N#Cc1ccc2c(CCC3CCN(Cc4ccccc4)CC3)noc2c1
458,CHEMBL92775,101.0,N#Cc1ccc2c(CCC3CCN(Cc4ccccc4)CC3)noc2c1
6285,CHEMBL5269984,101.0,CCN(C)C(=O)Oc1ccc(C(CCOc2ccc([N+](=O)[O-])cc2)NC)cc1
987,CHEMBL194372,101.0,CN[C@@H](CCOc1ccc([N+](=O)[O-])cc1)c1ccc(OC(=O)N(C)C)cc1
6199,CHEMBL5190129,101.2,CCCCN(CCC1CCCCCC1)Cc1ccc(OC(=O)N(C)C)c2ccccc12
5239,CHEMBL4756730,102.0,Clc1ccc(-c2nnc(N3CCN(c4ccccn4)CC3)o2)cc1
5056,CHEMBL4444516,102.0,O=C1CSC(c2ccc(F)cc2)N1c1ccc2oc(=O)ccc2c1
2245,CHEMBL1770549,102.0,COc1cc(CNCCCCCCNC2=CC(=O)C(NCCCCCCNCc3ccc(O)c(OC)c3)=CC2=O)ccc1O
6778,CHEMBL5574783,102.0,CCCNC(C)C(=O)Nc1c(C)csc1-c1nc(-c2ccccc2)no1
5425,CHEMBL4759230,102.9,CNC(=O)c1sc(-c2ccnc(NC(=O)CNCCNc3c4c(nc5ccccc35)CCCC4)c2)nc1OCC(C)(C)C
6785,CHEMBL5570881,103.0,Cc1cc(NS(=O)(=O)c2ccc(-n3cc(COc4ccccc4-c4nc(Cc5ccccc5)no4)nn3)cc2)no1
6057,CHEMBL5195980,103.0,O=C(COc1cc(F)ccc1[N+](=O)[O-])NCC1CCN(Cc2ccccc2)CC1
3316,CHEMBL3356535,103.0,O=C1C(NCCCNc2c3c(nc4ccccc24)CCCC3)=CC(=O)c2c(O)cccc21
2899,CHEMBL3086278,103.0,COc1cc2[se]n(CCCCC3CCN(Cc4ccccc4)CC3)c(=O)c2cc1OC
3835,CHEMBL3785207,103.3,CN(C)C(=O)N[C@H]1CCc2ccc(O)cc2C1
2005,CHEMBL11805,104.0,COc1ccccc1CN(C)CCCCCC(=O)N(C)CCCCCCCCN(C)C(=O)CCCCCN(C)Cc1ccccc1OC
6786,CHEMBL5566520,104.0,Cc1cc(NS(=O)(=O)c2ccc(-n3cc(COc4ccccc4-c4nc(-c5ccccc5)no4)nn3)cc2)no1
6780,CHEMBL5572120,104.0,Cc1noc(-c2ccc(N)cc2)n1
5745,CHEMBL4845734,104.0,Cc1ccc2c(N)c3c(nc2c1)CCCCC3.Cl
3168,CHEMBL3322157,104.0,CN(CCC(=O)NCCCCNc1c2c(nc3ccccc13)CCCC2)C1CCCCC1
6241,CHEMBL5220375,104.0,CN(CCCOc1ccc2ccc(=O)oc2c1)Cc1cccc(OC(=O)NC2CCCCC2)c1
6450,CHEMBL5285784,104.8,COc1ccc(-c2cc(=O)c3ccc(OCCN4CCCC4)cc3o2)cc1
1064,CHEMBL374184,105.0,CCOC(=O)C1=C(C)Nc2nc3c(c(N)c2C1c1ccc(OC)cc1)CCCC3
1392,CHEMBL374184,105.0,CCOC(=O)C1=C(C)Nc2nc3c(c(N)c2C1c1ccc(OC)cc1)CCCC3
2903,CHEMBL3093180,105.3,O=C1/C(=C/c2ccc(F)cc2)COc2cc(OCCCCCCNc3c4c(nc5ccccc35)CCCC4)ccc21
604,CHEMBL341658,106.0,CCC1=CC2Cc3nc4cc(F)ccc4c(N)c3C(C1)C2
2262,CHEMBL1773484,107.0,CN(Cc1ccccc1)Cc1ccc(C(=O)c2ccc(OCCCN3CCOCC3)cc2)cc1
5181,CHEMBL4639168,108.0,COc1ccc(-c2ccc(/C=N/N3CC(=O)N(CCC4CCN(Cc5ccccc5)CC4)C3=O)o2)cc1
1719,CHEMBL141352,108.0,CC(=O)N(CCC1CCN(Cc2ccccc2)CC1)c1ccncc1
4586,CHEMBL4209795,108.4,COc1cc(/C=C/C(=O)NCCCCCCNc2c3c(nc4ccccc24)CCCC3)cc(OC)c1OCc1nc(C)c(C)nc1C
6839,CHEMBL95,109.0,Nc1c2c(nc3ccccc13)CCCC2
3922,CHEMBL3827432,109.0,CN(CCCOc1ccc2ccc(=O)oc2c1)Cc1cccc(OC(=O)NCCCCCCc2ccccc2)c1
4120,CHEMBL4089082,110.0,CC(C)c1ccc(NC(=O)Oc2ccc3c(c2)[C@]2(C)CCN[C@@H]2N3)cc1
4820,CHEMBL54470,110.0,CC(C)c1ccc(NC(=O)Oc2ccc3c(c2)[C@]2(C)CCNC2N3)cc1
6322,CHEMBL5267519,110.0,Cn1c2ccccc2c2cc[n+](-c3ccc(Br)cc3Br)cc21
1420,CHEMBL374184,110.0,CCOC(=O)C1=C(C)Nc2nc3c(c(N)c2C1c1ccc(OC)cc1)CCCC3
2269,CHEMBL1773491,110.0,CN(Cc1ccccc1)Cc1ccc(C(=O)c2ccc(OCCCCCCCN3CCCCC3)cc2)cc1
3625,CHEMBL3628067,110.0,COc1ccc2[nH]cc(CCNC(=O)/C=C/c3cc[n+](Cc4cccc(F)c4)cc3)c2c1.[Br-]
103,CHEMBL87373,110.0,COc1cc2cc(C(=O)CCc3cc[n+](CC4CC4)cc3)sc2cc1OC.[Br-]
6330,CHEMBL5267519,110.0,Cn1c2ccccc2c2cc[n+](-c3ccc(Br)cc3Br)cc21
3569,CHEMBL3623556,110.0,CCC(C)n1cc(C(=O)C(F)F)cn1
4747,CHEMBL4286799,110.0,O=C(NCCC1CCN(Cc2ccccc2)CC1)c1cc(=O)c2ccccc2o1
785,CHEMBL433041,110.0,CCCCCCCNC(=O)Oc1ccc2c(c1)[C@]1(C)CCN(C)[C@@H]1N2C
312,CHEMBL609150,110.0,CCCCCCCCNC(=O)Oc1ccc2c(c1)[C@]1(C)CCN(C)C1N2C
5097,CHEMBL4583534,110.0,FC(F)(F)c1ccc(CNC2CCN(Cc3ccccc3)CC2)cc1
3285,CHEMBL3338388,110.0,C/C=C1\[C@H]2C=C(C)C[C@]1(NC1OCC3=C4CC(C)(C)C[C@H]4[C@@H](C)[C@H](O)CC31O)c1ccc(=O)[nH]c1C2
4734,CHEMBL4294783,110.0,COc1cc2oc(C(=O)NCCCC3CCN(Cc4ccccc4)CC3)cc(=O)c2cc1OC
2255,CHEMBL95,110.0,Nc1c2c(nc3ccccc13)CCCC2
2058,CHEMBL129837,110.0,CC(C)c1ccc(NC(=O)Oc2ccc3c(c2)[C@]2(C)CCN(C)[C@@H]2N3C)cc1
92,CHEMBL88049,110.0,COc1cc2cc(C(=O)CCCCC3CC[N+](C)(Cc4ccccc4)CC3)sc2cc1OC.[Br-]
2846,CHEMBL2441666,110.0,COc1cccc(CCCCCc2cccc(OC)[n+]2C)[n+]1C.O=S(=O)([O-])C(F)(F)F.O=S(=O)([O-])C(F)(F)F
2839,CHEMBL2441673,110.0,COc1cc2c(cc1OC)C[N+](C)(CCCCCCCc1cccc(OC)[n+]1C)CC2.O=S(=O)([O-])C(F)(F)F.O=S(=O)([O-])C(F)(F)F
1531,CHEMBL597794,110.0,COc1ccc2c(c1)CC/C(=C\c1ccc(CN(C)Cc3ccccc3)cc1)C2=O
576,CHEMBL54470,110.0,CC(C)c1ccc(NC(=O)Oc2ccc3c(c2)[C@]2(C)CCNC2N3)cc1
486,CHEMBL433041,110.0,CCCCCCCNC(=O)Oc1ccc2c(c1)[C@]1(C)CCN(C)[C@@H]1N2C
6210,CHEMBL4089082,110.0,CC(C)c1ccc(NC(=O)Oc2ccc3c(c2)[C@]2(C)CCN[C@@H]2N3)cc1
873,CHEMBL362711,110.0,COc1cc2cc(C(=O)CC3CCCC[N+](C)(Cc4ccccc4)CC3)sc2cc1OC
887,CHEMBL189517,110.0,COc1cc2c(cc1OC)SC(C(=O)CCc1cc[n+](CC3CC3)cc1)C2
4456,CHEMBL4168987,110.5,COc1ccc2c(c1)CCC(Cc1cc[n+](Cc3cccc(C)c3)cc1C(C)=O)C2=O.[Br-]
5893,CHEMBL95,111.0,Nc1c2c(nc3ccccc13)CCCC2
5480,CHEMBL4794549,111.0,COc1cc2c(cc1O)CCC(C)(CC(=O)NCCCCCCCNc1c3c(nc4ccccc14)CCCC3)O2
7252,CHEMBL6189555,113.0,C[Si]1(Cl)C=CC(=O)C1=P(c1ccccc1)(c1ccccc1)c1ccccc1
7254,CHEMBL6192606,113.0,C[Si](C)(C)c1c([Si](C)(C)C)c(=P(c2ccccc2)(c2ccccc2)c2ccccc2)c1=O
7253,CHEMBL6192506,113.0,C[Si]1(Cl)C=C/C(=N\c2ccccc2)C1=P(c1ccccc1)(c1ccccc1)c1ccccc1
3994,CHEMBL3891369,113.0,COc1cc2c(cc1OC)C(=O)C(CC1CCN(Cc3ncccc3C)CC1)C2
1635,CHEMBL74359,113.0,O=C(CCC1CCN(Cc2ccccc2)CC1)c1ccc2c(c1)NCC2
5967,CHEMBL5207442,113.0,CCN(CC)Cc1ccc(/C=C2\Cc3cc(OC)ccc3C2=O)cc1
6765,CHEMBL5594287,113.11,O=C(NCCCCCCNc1c2c(nc3cc(Br)ccc13)CCCC2)Oc1ccc2cc[nH]c2c1
472,CHEMBL32966,114.0,CCCCCCCNC(=O)Oc1ccc2c(c1)[C@]1(C)CCN(C)C1C2
3985,CHEMBL3960861,114.0,COc1cc2c(cc1OC)C(=O)C(CC1CCN(Cc3cccc(Cl)c3)CC1)C2
1683,CHEMBL1083066,114.0,CCCCCCCNC(=O)Oc1ccc2c(c1)[C@]1(C)CCN(C)[C@@H]1C2
6243,CHEMBL5219483,114.0,Cc1c(Cl)c(=O)oc2cc(OCCCCSC(=S)N3C(C)CCCC3C)ccc12
5064,CHEMBL4537886,114.4,O=c1ccc2cc(/N=C/c3ccccc3)ccc2o1
4759,CHEMBL95,114.8,Nc1c2c(nc3ccccc13)CCCC2
1909,CHEMBL421501,115.0,c1ccc2c(NCCCCCCNc3c4c(nc5ccccc35)CCC4)c3c(nc2c1)CCC3
6914,CHEMBL5646469,115.0,COc1ccc2c3c1O[C@H]1C[C@@H](O)C=C[C@@]31CCN(C/C=C/CNC13CC4CC(C)(CC(C)(C4)C1)C3)C2
3301,CHEMBL3343930,116.0,CC(C)(C)OC(=O)N[C@@H](Cc1c[nH]c2ccccc12)C(=O)NCCCCCCNc1c2c(nc3ccccc13)CCCC2
4464,CHEMBL4170331,116.5,CC(=O)c1c[n+](Cc2cccc(Cl)c2)ccc1CC1Cc2cc(O)ccc2C1=O.[Br-]
4588,CHEMBL95,116.8,Nc1c2c(nc3ccccc13)CCCC2
3721,CHEMBL3753360,117.0,c1ccc2oc(CN(CCCCCCCNc3c4c(nc5ccccc35)CCCC4)Cc3cc4ccccc4o3)cc2c1
6747,CHEMBL5567590,117.15,C[C@@H](c1cccc(OC(=O)NCCCCCNc2c3c(nc4ccccc24)CCCC3)c1)N(C)C
5512,CHEMBL4759625,117.8,CCOC(=O)c1c(C)nc(N2CCN(S(=O)(=O)c3ccc(NC(C)=O)cc3)CC2)nc1-c1ccccc1
6154,CHEMBL5197114,118.0,Cc1ccc2nc3c(c(N4CCCCC4)c2c1)CCCC3
6961,CHEMBL3546835,118.0,COc1cc(N)c(Cl)cc1C(=O)CCC1CCN(CC2CCNCC2)CC1
3379,CHEMBL3416998,118.0,COc1cc(N)c(Cl)cc1C(=O)CCC1CCN(CC2CCNCC2)CC1.Cl
6748,CHEMBL5575737,118.56,C[C@@H](c1cccc(OC(=O)NCCCCCCNc2c3c(nc4ccccc24)CCCC3)c1)N(C)C
2546,CHEMBL2047529,119.0,CN(CCCOc1ccc2ccc(=O)oc2c1)Cc1cccc(OC(=O)NCCCCCCCN2CCOCC2)c1
4589,CHEMBL4203672,119.0,COc1ccc(Cn2cc(C(=O)NCCCCCCCCNc3c4c(nc5cc(Cl)ccc35)CCCC4)c(=O)c3ccccc32)cc1
4571,CHEMBL4210517,119.0,Cc1ccccc1CNCC(=O)Nc1ccc2nc3n(c(=O)c2c1)CCC3
864,CHEMBL92958,120.0,c1ccc(CN2CCC(CCc3n[nH]c4ccccc34)CC2)cc1
4221,CHEMBL1678,120.0,COc1cc2c(cc1OC)C(=O)C(CC1CCN(Cc3ccccc3)CC1)C2.Cl
2844,CHEMBL2441668,120.0,COc1cccc(CCCCCCCc2cccc(OC)[n+]2C)[n+]1C.O=S(=O)([O-])C(F)(F)F.O=S(=O)([O-])C(F)(F)F
3473,CHEMBL3586608,120.0,CN(Cc1ccccc1)Cc1ccc(COc2ccc3c(CO)cc(=O)oc3c2)cc1.Cl
1525,CHEMBL1025,120.0,CC(C)OP(=O)(F)OC(C)C
2876,CHEMBL2441668,120.0,COc1cccc(CCCCCCCc2cccc(OC)[n+]2C)[n+]1C.O=S(=O)([O-])C(F)(F)F.O=S(=O)([O-])C(F)(F)F
5034,CHEMBL4559477,120.0,Cl.Cl.N[C@@H](Cc1c[nH]c2ccccc12)C(=O)NCCCCCCCNc1c2c(nc3ccccc13)CCCC2
874,CHEMBL185976,120.0,COc1cc2cc(C(=O)C3CC[N+](C)(Cc4ccccc4)CCC3OC)sc2cc1OC
2106,CHEMBL502,120.0,COc1cc2c(cc1OC)C(=O)C(CC1CCN(Cc3ccccc3)CC1)C2
6123,CHEMBL3586608,120.0,CN(Cc1ccccc1)Cc1ccc(COc2ccc3c(CO)cc(=O)oc3c2)cc1.Cl
3899,CHEMBL502,120.0,COc1cc2c(cc1OC)C(=O)C(CC1CCN(Cc3ccccc3)CC1)C2
2580,CHEMBL2088782,120.0,N#Cc1c(N)nc(NCCCCC2CCN(Cc3ccccc3)CC2)c(C#N)c1-c1ccccc1
442,CHEMBL92958,120.0,c1ccc(CN2CCC(CCc3n[nH]c4ccccc34)CC2)cc1
7169,CHEMBL4783624,120.0,O=c1c2cc(Cl)ccc2oc2ccc(OCCCCCN3CCCCCC3)cc12
67,CHEMBL1203538,120.0,Cl.N#CC(C#N)=C1NCCN1CCNCc1ccc(CN2CCCCCC2)o1
102,CHEMBL314398,120.0,COc1cc2cc(C(=O)CC(OC)C3CC[N+](C)(Cc4ccccc4)CC3)sc2cc1OC.[Br-]
1822,CHEMBL100334,120.0,CN(CCOCCNC(=S)NC(=O)c1ccccc1)Cc1ccccc1
6825,CHEMBL3586771,120.0,CN(Cc1ccccc1)Cc1ccc(COc2ccc3c(CO)cc(=O)oc3c2)cc1
5868,CHEMBL4855760,120.0,COc1ccc2c3c1O[C@H]1C[C@@H](O)C=C[C@@]31CCN(CCCCc1cn(CCCC(=O)NCCc3c[nH]c4ccccc34)nn1)C2
5398,CHEMBL4783624,120.0,O=c1c2cc(Cl)ccc2oc2ccc(OCCCCCN3CCCCCC3)cc12
167,CHEMBL1202865,120.0,Cl.Cl.O.c1ccc(CN2CCC(CCNc3cc4c(nn3)-c3ccccc3CCC4)CC2)cc1
656,CHEMBL104681,120.0,CN(C)Cc1ccc(CSCCNc2cc(F)c([N+](=O)[O-])cc2[N+](=O)[O-])o1
659,CHEMBL432376,120.0,COc1cc2cc(C(=O)CCC3CC[N+](C)(Cc4ccccc4)CC3)n(C)c2cc1OC
6739,CHEMBL4861956,120.0,COc1ccc2[nH]c(C(=O)Nc3ccc4nc5n(c(=O)c4c3)CCC5)cc2c1
5033,CHEMBL4540429,120.0,Cl.Cl.N[C@@H](Cc1c[nH]c2ccccc12)C(=O)NCCCCCCNc1c2c(nc3ccccc13)CCCC2
1808,CHEMBL25412,120.0,c1ccc(CN2CCC(CCNc3ccc(-c4ccccc4)nn3)CC2)cc1
2913,CHEMBL3093801,120.0,[Br-].[Br-].c1cc[n+](CCCCCCCCC[n+]2cccc3ccccc32)cc1
1681,CHEMBL1085285,120.0,c1ccc(CN2CCC(CNc3n[nH]c4ccccc34)CC2)cc1
5921,CHEMBL3586771,120.0,CN(Cc1ccccc1)Cc1ccc(COc2ccc3c(CO)cc(=O)oc3c2)cc1
2870,CHEMBL2441674,120.0,COc1cc2c(cc1OC)C(=O)C(CCCCCc1cccc(OC)[n+]1C)C2.O=S(=O)([O-])C(F)(F)F
898,CHEMBL432376,120.0,COc1cc2cc(C(=O)CCC3CC[N+](C)(Cc4ccccc4)CC3)n(C)c2cc1OC
3659,CHEMBL3632991,120.0,Cc1c(C)c2c(c(C)c1O)CCC(C)(C(=O)NCCCCCNc1c3c(nc4cc(Cl)ccc14)CCCC3)O2
1423,CHEMBL218939,120.0,CCOC(=O)C1=C(C)Nc2nc3c(c(N)c2C1c1ccccc1)CCCC3
5497,CHEMBL4750190,120.0,COCCn1cnc2cc(NC(=O)c3ccccc3)cc(C(=O)NCc3cc(F)cc(F)c3)c21
6501,CHEMBL5417392,121.0,Cc1cc(=O)[nH]c2c1C(=O)C(NCCNc1c3c(nc4cc(Cl)ccc14)CCCC3)=CC2=O
6779,CHEMBL5568989,121.0,CCCNC(C)C(=O)Nc1c(C)csc1-c1nc(-c2ccccc2N)no1
3384,CHEMBL3417003,121.0,COc1cc(N)c(Cl)cc1C(=O)CCC1CCN(Cc2ccncc2)CC1
3589,CHEMBL3623548,121.0,CC(C)n1cc(C(=O)C(F)(F)F)cn1
2904,CHEMBL3093175,121.6,COc1ccc(/C=C2\COc3cc(OCCCCCCCCNc4c5c(nc6ccccc46)CCCC5)ccc3C2=O)cc1
1072,CHEMBL218939,122.0,CCOC(=O)C1=C(C)Nc2nc3c(c(N)c2C1c1ccccc1)CCCC3
1402,CHEMBL218939,122.0,CCOC(=O)C1=C(C)Nc2nc3c(c(N)c2C1c1ccccc1)CCCC3
6056,CHEMBL5207120,122.0,O=C(COc1ccc(Cl)cc1[N+](=O)[O-])NCC1CCN(Cc2ccccc2)CC1
2454,CHEMBL95,122.0,Nc1c2c(nc3ccccc13)CCCC2
1143,CHEMBL427865,122.0,COc1cc2cc(-c3ccc(CN(C)Cc4cccc(C)c4)cc3)c(=O)oc2cc1OC
4911,CHEMBL140476,123.0,CC1=CC2Cc3nc4cc(Cl)ccc4c(N)c3C(C1)C2
639,CHEMBL140476,123.0,CC1=CC2Cc3nc4cc(Cl)ccc4c(N)c3C(C1)C2
6788,CHEMBL1678,123.0,COc1cc2c(cc1OC)C(=O)C(CC1CCN(Cc3ccccc3)CC1)C2.Cl
1182,CHEMBL396050,123.0,CCN(CCCCCCNC1=C(c2ccccc2)C(=O)C(NCCCCCCN(CC)Cc2ccccc2OC)=C(c2ccccc2)C1=O)Cc1ccccc1OC
1173,CHEMBL243044,123.0,COc1ccccc1CNCCCCCCNC1=CC(=O)C(NCCCCCCNCc2ccccc2OC)=CC1=O
6521,CHEMBL5394478,123.2,C#CCCCCCCCCCN(C)C(=O)Oc1cccc2c(CN(C)CCC3CCCCCC3)c[nH]c12
623,CHEMBL433041,125.0,CCCCCCCNC(=O)Oc1ccc2c(c1)[C@]1(C)CCN(C)[C@@H]1N2C
3904,CHEMBL3828631,125.0,CN(CCCOc1ccc2cc(-c3ccccc3)c(=O)oc2c1)Cc1cccc(OC(=O)NCCCCCc2ccccc2)c1
2773,CHEMBL395280,125.0,C/C=C1\[C@H]2C=C(C)C[C@]1(N)c1ccc(=O)[nH]c1C2
5747,CHEMBL4873501,125.0,Cc1cccc2nc3c(c(N)c12)CCCC3.Cl
832,CHEMBL539624,125.0,CCc1ccccc1NC(=O)Oc1ccc2c(c1)[C@]1(C)CC[N+](C)([O-])[C@@H]1N2C.Cl
417,CHEMBL538109,125.0,CCc1ccccc1NC(=O)Oc1ccc2c(c1)[C@]1(C)CC[N@@+](C)([O-])[C@@H]1N2C.Cl
2057,CHEMBL519475,125.0,CCc1ccccc1NC(=O)Oc1ccc2c(c1)[C@]1(C)CC[N+](C)([O-])[C@@H]1N2C
1162,CHEMBL244762,125.0,CCN(CCCCCCNC1=CC(=O)C(NCCCCCCN(CC)Cc2ccccn2)=CC1=O)Cc1ccccn1
1643,CHEMBL75157,125.0,O=C(CCC1CCN(Cc2ccccc2)CC1)c1ccc2c(c1)CCCCN2
807,CHEMBL413549,125.0,CCCCCCNC(=O)Oc1ccc2c(c1)C1CCN(CC)C2C1
3557,CHEMBL3604199,125.0,CN(C)c1ccc(C(=O)NCCCCCCCCCNc2c3c(nc4ccccc24)CCCC3)cc1.Cl
1040,CHEMBL211520,126.3,Fc1ccc(C(c2ccc(F)cc2)N2CCN(CCN3CCCCC3)CC2)cc1
3980,CHEMBL354848,127.0,COc1cc2c(cc1OC)C(=O)C(CC1CCN(Cc3ccc(C)cc3)CC1)C2
1658,CHEMBL74698,127.0,O=C(CCC1CCN(Cc2ccccc2)CC1)c1ccc2c(c1)NCCCCC2
296,CHEMBL94,128.0,CNC(=O)Oc1ccc2c(c1)[C@]1(C)CCN(C)[C@@H]1N2C
5343,CHEMBL4761542,128.0,FC(F)(F)c1ccc(CNC2CCN(Cc3ccccc3)C2)cc1
784,CHEMBL94,128.0,CNC(=O)Oc1ccc2c(c1)[C@]1(C)CCN(C)[C@@H]1N2C
1516,CHEMBL95,128.0,Nc1c2c(nc3ccccc13)CCCC2
490,CHEMBL94,128.0,CNC(=O)Oc1ccc2c(c1)[C@]1(C)CCN(C)[C@@H]1N2C
4546,CHEMBL4218281,128.6,Cc1cc(=O)oc2cc(OCc3cc[n+](Cc4cccc(Br)c4)cc3)ccc12.[Br-]
4601,CHEMBL4214668,129.0,COc1ccc(Cn2cc(C(=O)NCCCNc3c4c(nc5ccccc35)CCCC4)c(=O)c3ccccc32)cc1
5772,CHEMBL4860610,129.4,Cc1ccc(S(=O)(=O)SCc2ccc(OC(F)(F)F)cc2)cc1
2780,CHEMBL2413743,130.0,Clc1ccc2[nH]c(-c3ccc(OCCN4CCCCC4)cc3)nc2c1
6550,CHEMBL5433193,130.0,Cc1ccc(S(=O)(=O)NCCCCCNc2c3c(nc4ccccc24)CCCC3)cc1
2270,CHEMBL1773492,130.0,CCN(CC)CCc1ccc(Oc2ccc(C(=O)c3ccc(CN(C)Cc4ccccc4)cc3)cc2)cc1
3563,CHEMBL3621334,130.0,CC[N+]1(Cc2ccccc2[N+](=O)[O-])CCCCCn2c(C)cc(=O)n(c2=O)CCCCC[N+](CC)(Cc2ccccc2[N+](=O)[O-])CCCCCn2c(=O)cc(C)n(c2=O)CCCCC1.[Br-].[Br-]
1880,CHEMBL41,130.0,CNCCC(Oc1ccc(C(F)(F)F)cc1)c1ccccc1
357,CHEMBL61221,130.0,CCCCCCCNc1c2c(nc3cc(C)ccc13)CCCC2
4114,CHEMBL95,130.0,Nc1c2c(nc3ccccc13)CCCC2
2838,CHEMBL2441674,130.0,COc1cc2c(cc1OC)C(=O)C(CCCCCc1cccc(OC)[n+]1C)C2.O=S(=O)([O-])C(F)(F)F
6496,CHEMBL2238280,130.0,Cc1ccc(C(=O)/C=C/c2ccc(N3CCCCC3)cc2)s1
432,CHEMBL123831,130.0,CN1CC[C@@]2(C)c3cc(OC(=O)Nc4ccccc4)ccc3N(C)[C@H]2O1
1943,CHEMBL61221,130.0,CCCCCCCNc1c2c(nc3cc(C)ccc13)CCCC2
4649,CHEMBL4278164,130.0,COC(=O)c1sc(-c2ccnc(NC(=O)C3CC3)c2)nc1OCCNc1c2c(nc3ccccc13)CCCC2
4027,CHEMBL95,131.0,Nc1c2c(nc3ccccc13)CCCC2
5399,CHEMBL95,131.0,Nc1c2c(nc3ccccc13)CCCC2
6165,CHEMBL5199187,131.0,Cc1ccc2nc3c(c(NCCN4CCOCC4)c2c1)CCCC3
3353,CHEMBL95,131.0,Nc1c2c(nc3ccccc13)CCCC2
1845,CHEMBL1083790,131.0,NCCCCCCCCCNc1c2c(nc3ccccc13)CCCC2
3409,CHEMBL95,131.0,Nc1c2c(nc3ccccc13)CCCC2
4988,CHEMBL95,131.0,Nc1c2c(nc3ccccc13)CCCC2
2308,CHEMBL1784955,131.0,C[C@@H](c1cccc(OC(=O)N(C)[C@@H](C)Cc2ccccc2)c1)N(C)C.Cl
3833,CHEMBL3786937,132.03,CN(C)C(=O)N[C@H]1CCc2c(O)cccc2C1
5508,CHEMBL4742830,132.05,CCOC(=O)c1c(C)nc(N2CCN(S(=O)(=O)c3ccc(NC(C)=O)cc3)CC2)nc1-c1ccc(OC)cc1
782,CHEMBL64633,133.0,CCCCCCNC(=O)Oc1ccc2c(c1)C1(C)CCN(CC)C2C1
5000,CHEMBL4537026,133.0,O=C(Nc1cccc(-c2cn(CCNc3c4c(nc5ccccc35)CCCC4)nn2)n1)Nc1cccc2c1C1CCCCN1C2=O
4848,CHEMBL4578844,133.0,O=C(CCC1CCN(CC2CCCCC2)CC1)c1ccc2c(ccn2Cc2ccccc2)c1
5347,CHEMBL4741398,133.0,Brc1ccc(CNC2CCN(Cc3ccccc3)C2)cc1
6903,CHEMBL5633239,133.0,Clc1ccc(Cn2cc(CNC34CC5CC(CC(C5)C3)C4)nn2)cc1
1161,CHEMBL241974,133.0,CCN(CCCCCCNC1=CC(=O)C(NCCCCCCN(CC)Cc2cccnc2)=CC1=O)Cc1cccnc1
1052,CHEMBL220141,135.0,COc1cc(CCC(=O)NCCC(=O)NNc2c3c(nc4ccccc24)CCCC3)cc(OC)c1OC
6062,CHEMBL5182803,135.0,O=C(COc1ccc(CCc2ccccc2)cc1)NCC1CCN(Cc2ccccc2)CC1
3426,CHEMBL3582202,135.0,C[C@@H]1CCC[C@H](C)N1Cc1ccc(-c2cnc3[nH]c4cnc(C#N)cc4c3c2)cc1
5063,CHEMBL4520782,135.1,COc1ccc(/C=N/c2ccc3oc(=O)ccc3c2)cc1
1195,CHEMBL240792,135.4,CCCCC1=NC2(CCCC2)C(=O)N1Cc1ccc([N+](=O)[O-])cc1
6856,CHEMBL5583846,136.0,Cc1ccc(C(C)C)cc1OCC(O)CNC(C)(C)C
6854,CHEMBL5589962,136.0,C=CCNCC(O)COc1cc(C(C)C)ccc1C
6857,CHEMBL5592917,136.0,Cc1ccc(C(C)C)cc1OCC(O)CNCc1cccnc1
5240,CHEMBL4761911,136.0,Fc1ccc(-c2nnc(N3CCN(c4ccccn4)CC3)o2)cc1
6855,CHEMBL5590702,136.0,CCN(CC)CC(O)COc1cc(C(C)C)ccc1C
6858,CHEMBL5590201,136.0,Cc1ccc(C(C)C)cc1OCC(O)CNCCC1=CCCCC1
6069,CHEMBL5209013,136.0,O=C(COc1ccccc1C(F)(F)F)NCCN1CCN(Cc2ccccc2)CC1
4067,CHEMBL3891315,136.0,CC1=C(C(=O)OCCN(C)C)C(c2ccccc2)c2c(nc3c(c2N)CC(F)(F)CC3)N1
1209,CHEMBL1677,136.0,Cl.Nc1c2c(nc3ccccc13)CCCC2
4979,CHEMBL4526049,137.9,COc1cc(N)c(Cl)cc1C(=O)CCC1CCN(Cc2ccc(O)c(O)c2)CC1
5867,CHEMBL4871815,138.0,COc1ccc2c3c1O[C@H]1C[C@@H](O)C=C[C@@]31CCN(CCCCc1cn(CC(=O)NCCc3c[nH]c4ccccc34)nn1)C2
896,CHEMBL313582,139.0,C[N+]1(Cc2ccccc2)CCC(CCC(=O)c2ccc3c(c2)CCCCO3)CC1
684,CHEMBL313582,139.0,C[N+]1(Cc2ccccc2)CCC(CCC(=O)c2ccc3c(c2)CCCCO3)CC1
2548,CHEMBL2047531,139.0,CN(CCCOc1ccc2c(=O)c3cccnc3oc2c1)Cc1cccc(OC(=O)NCCCCCCCN2CCOCC2)c1
4827,CHEMBL4453954,140.0,Cc1cc(C)c(S(=O)(=O)Nc2ccc(C3C4=C(CC(C)(C)CC4=O)N(c4ccc(Br)cc4)C4=C3C(=O)CC(C)(C)C4)cc2)c(C)c1
5670,CHEMBL4797670,140.0,COc1ccc(-[n+]2ccc3cccc(OC)c3c2)cc1.[Br-]
272,CHEMBL130956,140.0,Cc1ccc(NC(=O)Oc2ccc3c(c2)[C@]2(C)CCN(C)[C@@H]2N3C)cc1
166,CHEMBL3215535,140.0,Cl.Cl.c1ccc(CN2CCC(CCNc3ccc(-c4ccccc4)nn3)CC2)cc1
2891,CHEMBL3085881,140.0,CCn1c(=O)n(C)s/c1=N\CCC1CCN(Cc2ccccc2)CC1
4939,CHEMBL4453954,140.0,Cc1cc(C)c(S(=O)(=O)Nc2ccc(C3C4=C(CC(C)(C)CC4=O)N(c4ccc(Br)cc4)C4=C3C(=O)CC(C)(C)C4)cc2)c(C)c1
111,CHEMBL160836,140.0,CC/N=C1/CCc2c1n(C)c1ccc(OC(=O)NC)c(Br)c21
2919,CHEMBL3093795,140.0,[Br-].[Br-].c1cc[n+](CCCCCCCC[n+]2ccc3ccccc3c2)cc1
6457,CHEMBL5290033,140.0,Cc1ccc(NCC[C@@H]2CCCN3CCCC[C@H]23)c2c(=O)c3ccccc3oc12
295,CHEMBL3215535,140.0,Cl.Cl.c1ccc(CN2CCC(CCNc3ccc(-c4ccccc4)nn3)CC2)cc1
2635,CHEMBL95,140.0,Nc1c2c(nc3ccccc13)CCCC2
3165,CHEMBL3323036,142.0,O=c1c2cc(OCCCN3CCCCC3)ccc2nc2n1Cc1ccccc1-2
999,CHEMBL205335,142.0,Cc1ccccc1NC(=O)Oc1ccc2c(c1)[C@@]1(C)CCO[C@H]1N2C
3550,CHEMBL3604192,142.0,CN(C)c1ccc(C(=O)NCCNc2c3c(nc4ccccc24)CCCC3)cc1.Cl
4976,CHEMBL4531167,142.0,Oc1ccc(CCOCCCCCNc2c3c(nc4ccccc24)CCCC3)cc1
6088,CHEMBL5208529,142.0,c1ccc2c(c1)CN1Cc3cc(OCCCN4CCCCC4)ccc3N=C21
793,CHEMBL64529,143.0,CCCCCCCNC(=O)Oc1ccc2c(c1)C1CCN(C)C2C1
161,CHEMBL95,143.0,Nc1c2c(nc3ccccc13)CCCC2
2265,CHEMBL1773487,143.0,CN(Cc1ccccc1)Cc1ccc(C(=O)c2ccc(OCCCCCN3CCCCC3)cc2)cc1
4451,CHEMBL4165562,143.5,COc1ccc(C(=O)CCc2cc[n+](Cc3cccc(Cl)c3)cc2C(C)=O)cc1OC.[Br-]
5513,CHEMBL4749805,143.51,CCOC(=O)c1c(C)nc(N2CCN(S(=O)(=O)c3ccc(NC(C)=O)c(Cl)c3)CC2)nc1-c1ccccc1
3367,CHEMBL3410955,143.7,Cc1c(C)c2c(c(C)c1O)CCC(C)(C(=O)NCCCCCCCNc1c3c(nc4ccccc14)CCCC3)O2
1164,CHEMBL276444,144.0,CCN(CCCCCCNC1=CC(=O)C(NCCCCCCN(CC)Cc2ccco2)=CC1=O)Cc1ccco1
2264,CHEMBL1773486,144.0,CCN(CC)CCCCCOc1ccc(C(=O)c2ccc(CN(C)Cc3ccccc3)cc2)cc1
4373,CHEMBL4100407,144.5,Cc1ccc2c(c1)C(=O)C(=O)N2C(=O)N(C)C
6378,CHEMBL5287982,145.0,COc1ccc(NCC2CCN(Cc3ccccc3)CC2)cc1OC
1653,CHEMBL308093,145.0,O=C(CCC1CCN(Cc2cccc(F)c2)CC1)c1ccc2c(c1)NCCCC2
7177,CHEMBL6161618,145.0,COc1ccc(NC(=O)C2CCN(Cc3ccccc3)CC2)cc1OC
2023,CHEMBL1173624,145.0,CC(C)c1ccc(NC(=O)Oc2ccc3c(c2)[C@]2(C)CC[N+](C)(C)C2N3C)cc1.[Br-]
1846,CHEMBL1084092,147.0,NCCCCCCCCCCNc1c2c(nc3ccccc13)CCCC2
1969,CHEMBL224336,147.0,CN(CCCNC(=O)CCc1c[nH]c2ccccc12)CCCNc1c2c(nc3ccccc13)CCCC2
1063,CHEMBL95,147.0,Nc1c2c(nc3ccccc13)CCCC2
1388,CHEMBL95,147.0,Nc1c2c(nc3ccccc13)CCCC2
3993,CHEMBL3910513,147.0,COc1cc2c(cc1OC)C(=O)C(CC1CCN(Cc3ccccn3)CC1)C2
1136,CHEMBL244619,148.0,CN(Cc1ccccc1)Cc1ccc(-c2cc3cc([N+](=O)[O-])ccc3oc2=O)cc1
2056,CHEMBL1243298,148.0,CN1CC[C@@]2(C)c3cc(OC(=O)N4CCc5ccccc5C4)ccc3N(C)[C@@H]12
5054,CHEMBL4445907,148.0,O=C(CNc1ccc2oc(=O)ccc2c1)c1ccccc1
6438,CHEMBL95,148.0,Nc1c2c(nc3ccccc13)CCCC2
3296,CHEMBL3343925,149.0,COc1ccc(-c2nc(C(=O)NCCCCCCNc3c4c(nc5ccccc35)CCCC4)cc3c2[nH]c2ccccc23)cc1
5346,CHEMBL4749704,149.0,Fc1ccc(CNC2CCN(Cc3ccccc3)C2)cc1
3568,CHEMBL3623557,149.0,CCCC(C)n1cc(C(=O)C(F)F)cn1
6892,CHEMBL4435044,150.0,O=C1[C@H]2Cc3c([nH]c4ccccc34)[C@@H](c3ccc4c(c3)OCO4)N2C(=O)CN1CCC1CCN(Cc2ccccc2)CC1
3658,CHEMBL3632990,150.0,Cc1c(C)c2c(c(C)c1O)CCC(C)(C(=O)NCCCCNc1c3c(nc4cc(Cl)ccc14)CCCC3)O2
6495,CHEMBL2236142,150.0,Cc1ccc2cc(C3CC(c4cc(Cl)sc4Cl)=NN3)c(Cl)nc2c1
2495,CHEMBL94,150.0,CNC(=O)Oc1ccc2c(c1)[C@]1(C)CCN(C)[C@@H]1N2C
190,CHEMBL132619,150.0,Cc1cccc2nc3c(c(N)c12)CCCO3
2872,CHEMBL2441672,150.0,COc1cc2c(cc1OC)C[N+](C)(CCCCCCc1cccc(OC)[n+]1C)CC2.O=S(=O)([O-])C(F)(F)F.O=S(=O)([O-])C(F)(F)F
1428,CHEMBL95,150.0,Nc1c2c(nc3ccccc13)CCCC2
1496,CHEMBL572532,150.0,CCN(CCCCCCNC1=CC(=O)C(NCCCNC(=O)CCCCC2CCSS2)=CC1=O)Cc1ccccc1OC
6735,CHEMBL5566339,150.0,CCCCCCCCCCCC1=C(O)C(=O)C=C(NCCC2CCN(Cc3ccccc3)CC2)C1=O
1881,CHEMBL1085276,150.0,O=C1c2ccccc2CC1CC1CCN(c2ccccc2)CC1
6271,CHEMBL5284423,150.0,COc1ccc2cc([C@H](C)C(=O)N/N=C3\c4cc(OC)c(OC)cc4CC3CC3CCN(Cc4ccccc4)CC3)ccc2c1
414,CHEMBL123248,150.0,CNC(=O)Oc1ccc2c(c1)[C@]1(C)CCN(C)O[C@@H]1N2C
3007,CHEMBL95,150.0,Nc1c2c(nc3ccccc13)CCCC2
637,CHEMBL395280,150.0,C/C=C1\[C@H]2C=C(C)C[C@]1(N)c1ccc(=O)[nH]c1C2
3060,CHEMBL3234593,150.0,c1ccc(CCCCCNc2c3c(nc4ccccc24)CCCC3)nc1
210,CHEMBL75729,150.0,CNC(=O)Oc1ccc2c(c1)[C@]1(C)CCN(CCc3ccccc3)[C@@H]1N2C
5067,CHEMBL4449791,150.7,CSc1ccc(/C=C2/S/C(=N/c3ccc4oc(=O)ccc4c3)NC2=O)cc1
6770,CHEMBL5567396,151.7,O=C(NCCCCCNc1c2c(nc3cc(F)ccc13)CCCC2)Oc1ccc(-c2cc3cccnc3[nH]2)cc1
6202,CHEMBL5192664,151.9,CCCCN(CCC1CCCCCC1)Cc1cn(OC(=O)N(C)C)c2ccccc12
299,CHEMBL609671,152.0,CCCCNC(=O)Oc1ccc2c(c1)[C@]1(C)CCN(C)C1N2C
6559,CHEMBL95,152.0,Nc1c2c(nc3ccccc13)CCCC2
6768,CHEMBL5564010,152.6,O=C(NCCCCCNc1c2c(nc3ccccc13)CCCC2)Oc1ccc(-c2cc3cccnc3[nH]2)cc1
6763,CHEMBL5563760,152.72,O=C(NCCCCCCNc1c2c(nc3cc(Cl)ccc13)CCCC2)Oc1ccc2cc[nH]c2c1
3303,CHEMBL3343932,153.0,CC(=O)N[C@@H](Cc1c[nH]c2ccccc12)C(=O)NCCCCCCNc1c2c(nc3ccccc13)CCCC2
4425,CHEMBL4164524,153.0,O=C(Nc1cc(Cl)nc(Cl)c1)OCCCCCNCc1ccccc1
3291,CHEMBL3343920,153.0,Cc1nc(C(=O)NCCCCCCCCNc2c3c(nc4ccccc24)CCCC3)cc2c1[nH]c1ccccc12
5353,CHEMBL4763981,153.25,O=C(CCCCCN1CCC2c3ccccc3NC2C1)Nc1ccc(/C=C2\CCn3c2nc2ccccc2c3=O)cc1
466,CHEMBL32964,154.0,CCCNC(=O)Oc1ccc2c(c1)[C@]1(C)CCN(CC)C1C2
1689,CHEMBL1085127,154.0,CCCNC(=O)Oc1ccc2c(c1)[C@]1(C)CCN(CC)[C@@H]1C2
4494,CHEMBL4177075,154.0,CN(C)C(=O)Oc1cccc2c1cc(C(=O)N(C)C)c[n+]2C.[I-]
5424,CHEMBL4749678,155.3,CNC(=O)c1sc(-c2ccnc(NC(=O)CNCCNc3c4c(nc5ccccc35)CCCC4)c2)nc1OCC1CCC1
2905,CHEMBL3093174,156.8,COc1ccc(/C=C2\COc3cc(OCCCCCCNc4c5c(nc6ccccc46)CCCC5)ccc3C2=O)cc1
7178,CHEMBL6144349,157.0,COc1ccccc1NC(=O)C1CCN(Cc2ccccc2)CC1
6377,CHEMBL5274016,157.0,COc1ccccc1NCC1CCN(Cc2ccccc2)CC1
1390,CHEMBL491359,158.0,CCOC(=O)C1=C(C)Nc2nc3c(c(N)c2C1c1cccnc1)CCCC3
3602,CHEMBL3623557,158.0,CCCC(C)n1cc(C(=O)C(F)F)cn1
630,CHEMBL445130,158.0,Clc1ccc2c(c1)N=C1CCCCCN1C2
5198,CHEMBL4633613,158.0,COc1ccc([C@H]2OC(=O)[C@H]3[C@@H]2C(=O)O[C@@H]3c2ccc3c(c2)OCO3)cc1OC
2319,CHEMBL1783524,159.0,CC(C)C1=N[C@H]2CC[C@]34C[C@]35C(=O)C[C@]3(C)[C@@H]([C@H](C)N(C)C(=O)OC(C)(C)C)[C@H](O)C[C@@]3(C)[C@@H]5CC[C@H]4[C@]2(C)CS1
3294,CHEMBL3343923,159.0,O=C(NCCCCCCNc1c2c(nc3ccccc13)CCCC2)c1cc2c([nH]c3ccccc32)c(-c2ccccc2)n1
809,CHEMBL302168,159.0,CCCCCCCNC(=O)Oc1ccc2c(c1)C1(C)CCN(CC)C2C1
6595,CHEMBL5432462,160.0,O=C1Cc2cc(OCc3ccc(F)cc3)ccc2C=C1C(=O)NCCc1c[nH]c2ccccc12
117,CHEMBL155350,160.0,CC/N=C1/CCc2c1n(C)c1ccc(OC(=O)NC)c(Cl)c21
255,CHEMBL347354,160.0,CC1CCN(Cc2ccccc2[N+](=O)[O-])CC1
3404,CHEMBL3415578,160.0,O=C1c2ccccc2C(=O)N1CCCCCNCc1cccc(Cl)c1
6497,CHEMBL2238282,160.0,O=C(/C=C/c1ccc(N2CCCCC2)cc1)c1sccc1Cl
3008,CHEMBL94,160.0,CNC(=O)Oc1ccc2c(c1)[C@]1(C)CCN(C)[C@@H]1N2C
2768,CHEMBL95,160.0,Nc1c2c(nc3ccccc13)CCCC2
94,CHEMBL160219,160.0,CNC(=O)Oc1ccc2c(c1)c1c(n2C)/C(=N\CCc2ccccc2)CC1
5022,CHEMBL4444822,160.0,Cl.Cl.N[C@@H](Cc1c[nH]c2ccccc12)C(=O)NCCNc1c2c(nc3cc(Cl)ccc13)CCCC2
6252,CHEMBL3416669,160.0,COc1ccc2c(c1)O/C(=C\c1ccc(OCCN3CCCCC3)c(Cl)c1)C2=O
6860,CHEMBL95,160.0,Nc1c2c(nc3ccccc13)CCCC2
4564,CHEMBL502,160.0,COc1cc2c(cc1OC)C(=O)C(CC1CCN(Cc3ccccc3)CC1)C2
6121,CHEMBL5187561,160.0,CN1c2ccccc2C(NCCCCCCC(=O)CCCCNc2c3c(nc4ccccc24)CCCC3)c2ccc(Cl)cc2S1(=O)=O
1777,CHEMBL1082419,160.0,CCCCCCNC(=O)Oc1cccc(CN(CC)CCCOc2ccc3c(=O)c4ccccc4oc3c2)c1
665,CHEMBL320291,160.0,CNc1cc(NCCSCc2ccc(CN(C)C)o2)c([N+](=O)[O-])cc1[N+](=O)[O-]
1497,CHEMBL572453,160.0,CCN(CCCNC1=CC(=O)C(NCCCCCCNC(=O)CCCCC2CCSS2)=CC1=O)Cc1ccccc1OC
6927,CHEMBL5646721,160.0,COc1ccc(-c2cc(-c3ccc(Br)cc3)nc3[nH]nc(N)c23)cc1OC
4165,CHEMBL1677,160.0,Cl.Nc1c2c(nc3ccccc13)CCCC2
745,CHEMBL151368,160.0,CN(C)CCc1cccc(OC(=O)N(C)C)c1
3439,CHEMBL3582215,160.0,CCN1CCc2cc(-c3cnc4[nH]c5cnc(C#N)cc5c4c3)ccc2C1
1298,CHEMBL502,160.0,COc1cc2c(cc1OC)C(=O)C(CC1CCN(Cc3ccccc3)CC1)C2
3151,CHEMBL3361270,160.0,O=S(=O)(CCCN1CCN(Cc2ccccc2)CC1)NCCNc1cccc2ccccc12
3775,CHEMBL95,160.0,Nc1c2c(nc3ccccc13)CCCC2
7224,CHEMBL6142020,160.0,Cc1ccc(-c2ccc3nc4c(c(N)c3c2)CCCC4)o1
2055,CHEMBL1243076,160.8,CNC(=O)Oc1ccc2c(c1)[C@]1(C)CCN(C)[C@@H]1N2Cc1ccccc1
338,CHEMBL80221,160.8,CNC(=O)Oc1ccc2c(c1)[C@]1(C)CCN(C)C1N2Cc1ccccc1
132,CHEMBL80221,161.0,CNC(=O)Oc1ccc2c(c1)[C@]1(C)CCN(C)C1N2Cc1ccccc1
3058,CHEMBL3234589,163.0,O/N=C/c1ncc(CCCCCNc2c3c(nc4ccccc24)CCCC3)cc1O
2898,CHEMBL3086279,163.0,COc1cc2c(cc1OC)[Se](=O)N(CCC1CCN(Cc3ccccc3)CC1)C2=O
1148,CHEMBL243532,163.0,COc1ccc2oc(=O)c(-c3ccc(CN(C)Cc4ccccc4)cc3)cc2c1
1639,CHEMBL73593,164.0,O=C(CCC1CCN(Cc2ccccc2)CC1)c1ccc2c(c1)NCCC2
146,CHEMBL51934,164.0,Nc1c2c(nc3ccccc13)CCCC2O
6376,CHEMBL5268811,165.0,COc1ccc(NCC2CCN(Cc3ccccc3)CC2)cc1
7179,CHEMBL6173795,165.0,COc1ccc(NC(=O)C2CCN(Cc3ccccc3)CC2)cc1
7041,CHEMBL6142005,166.0,COc1ccccc1C(=O)CCC1CCN(CC2CCCCC2)CC1
5407,CHEMBL4760288,168.0,CNC(=O)c1sc(-c2ccnc(NC(=O)C3CC3)c2)nc1OCCCc1cn(CCNc2c3c(nc4ccccc24)CCCC3)nn1
4973,CHEMBL4555120,168.0,COc1ccc(CCOCCCCCNc2c3c(nc4ccccc24)CCCC3)cc1OC
3393,CHEMBL3415563,168.0,O=C1c2ccccc2C(=O)N1CCCCCNCc1ccccc1F
1396,CHEMBL219406,169.0,CCOC(=O)C1=C(C)Nc2nc3c(c(N)c2C1c1ccc(C)cc1)CCCC3
1067,CHEMBL219406,169.0,CCOC(=O)C1=C(C)Nc2nc3c(c(N)c2C1c1ccc(C)cc1)CCCC3
798,CHEMBL292421,169.0,CCCCCCCNC(=O)Oc1ccc2c(c1)C1CCN(CC)C2C1
4378,CHEMBL4062800,169.8,COc1ccc(NCc2ccc3c(c2)C(=O)C(=O)N3C(=O)c2ccccc2)cc1
4728,CHEMBL4293801,170.0,COc1cc2[nH]c(C(=O)NCCC3CCN(Cc4ccccc4)CC3)cc(=O)c2cc1OC
5404,CHEMBL4790545,170.0,COc1ccc2cc(C(=O)NCCC3CCN(Cc4ccccc4)CC3)ccc2c1
5657,CHEMBL4781509,170.0,COc1cccc2cc[n+](-c3ccc(Cl)cc3)cc12.[Br-]
1939,CHEMBL1084777,170.0,Clc1ccc2c(Nc3ccccc3)c3c(nc2c1)CCCC3
4745,CHEMBL4283450,170.0,COc1ccc2oc(C(=O)NCCC3CCN(Cc4ccccc4)CC3)cc(=O)c2c1
6575,CHEMBL95,170.0,Nc1c2c(nc3ccccc13)CCCC2
769,CHEMBL151861,170.0,C#CC(C)NCCc1cccc(OC(=O)N(C)C)c1
1363,CHEMBL11805,170.0,COc1ccccc1CN(C)CCCCCC(=O)N(C)CCCCCCCCN(C)C(=O)CCCCCN(C)Cc1ccccc1OC
1783,CHEMBL1083977,170.0,CCCCCCNC(=O)Oc1cccc(CN(CCCOc2ccc3c(=O)c4ccccc4oc3c2)C(C)C)c1
1154,CHEMBL557586,170.0,COc1ccccc1CN(C)CCCCCC(=O)N(C)CCCCCCCCN(C)C(=O)CCCCCN(C)Cc1ccccc1OC.Cl.Cl
6467,CHEMBL5283494,170.0,O=C1CC2CCc3ccsc3C2=NN1CCN1CCN(Cc2ccccc2)CC1
383,CHEMBL59628,170.0,Clc1ccc2c(NCc3ccccc3)c3c(nc2c1)CCCC3
1421,CHEMBL219406,170.0,CCOC(=O)C1=C(C)Nc2nc3c(c(N)c2C1c1ccc(C)cc1)CCCC3
1261,CHEMBL11805,170.0,COc1ccccc1CN(C)CCCCCC(=O)N(C)CCCCCCCCN(C)C(=O)CCCCCN(C)Cc1ccccc1OC
6925,CHEMBL5639827,170.0,Nc1n[nH]c2nc(-c3ccc(Br)cc3)cc(-c3ccc(Br)cc3)c12
1705,CHEMBL56470,170.0,CN(CCC1CCN(Cc2ccccc2)CC1)C(=O)c1ccccc1
378,CHEMBL95,170.0,Nc1c2c(nc3ccccc13)CCCC2
2648,CHEMBL129577,170.0,CCCCCCCNC(=O)Oc1cccc(CN(CCCOc2ccc3c(=O)c4ccccc4oc3c2)C(C)C)c1
837,CHEMBL11805,170.0,COc1ccccc1CN(C)CCCCCC(=O)N(C)CCCCCCCCN(C)C(=O)CCCCCN(C)Cc1ccccc1OC
789,CHEMBL60379,171.0,CCN1CCC2CC1c1ccc(OC(=O)NC)cc12
4469,CHEMBL4171568,171.0,COC(=O)c1c[n+](Cc2cccc(Cl)c2)ccc1CCC(=O)c1ccc(OC)c(OC)c1.[Br-]
5410,CHEMBL95,171.9,Nc1c2c(nc3ccccc13)CCCC2
5061,CHEMBL4437163,172.1,CSc1ccc(/C=N/c2ccc3oc(=O)ccc3c2)cc1
4473,CHEMBL4160696,173.0,COc1cc2c(cc1OC)C(=O)C(CC1C=CN(Cc3ccccc3)C=C1C(C)=O)CC2
5068,CHEMBL4465315,173.5,O=C1N/C(=N\c2ccc3oc(=O)ccc3c2)S/C1=C/c1ccc(Cl)cc1
6000,CHEMBL5179658,175.0,CCCCCCCNC(=O)Oc1ccc(Cc2nc3cc(C(=O)N(CC)CC)ccc3n2CCC(C)C)cc1
411,CHEMBL124054,175.0,Cc1ccccc1NC(=O)Oc1ccc2c(c1)[C@]1(C)CCN(C)O[C@@H]1N2C
2404,CHEMBL94,175.0,CNC(=O)Oc1ccc2c(c1)[C@]1(C)CCN(C)[C@@H]1N2C
1691,CHEMBL1084880,176.0,CCN1CC[C@@]2(C)c3cc(OC(=O)Nc4ccccc4)ccc3C[C@@H]12
483,CHEMBL33161,176.0,CCN1CC[C@@]2(C)c3cc(OC(=O)Nc4ccccc4)ccc3CC12
1856,CHEMBL1084531,176.0,c1ccc2c(NCCCCCCCCCCNc3ccncc3)c3c(nc2c1)CCCC3
5775,CHEMBL4852721,176.6,Cc1ccc(S(=O)(=O)SCc2ccc(C(C)(C)C)cc2)cc1
5345,CHEMBL4760651,178.0,Clc1ccc(CNC2CCN(Cc3ccccc3)C2)cc1
4066,CHEMBL3895528,178.0,CCOC(=O)C1=C(C)Nc2nc3c(c(N)c2C1c1ccccc1OC)CC(C)CC3
5995,CHEMBL95,178.0,Nc1c2c(nc3ccccc13)CCCC2
3668,CHEMBL3642042,178.38,CC(=O)NCCc1c[nH]c2ccc(OC(=O)NCCCCCCNc3c4c(nc5ccccc35)CCCC4)cc12
3917,CHEMBL3827058,179.0,COc1ccc(-c2cc3cc(OCCCN(C)Cc4cccc(OC(=O)NCCCCCc5ccccc5)c4)ccc3oc2=O)cc1
415,CHEMBL556186,180.0,Cc1ccccc1NC(=O)Oc1ccc2c(c1)[C@]1(C)CC[N@@+](C)([O-])[C@@H]1N2C.Cl
112,CHEMBL156861,180.0,C/N=C1/CCc2c1n(C)c1ccc(OC(=O)NC)c(Br)c21
269,CHEMBL95,180.0,Nc1c2c(nc3ccccc13)CCCC2
803,CHEMBL95,180.0,Nc1c2c(nc3ccccc13)CCCC2
1574,CHEMBL1080814,180.0,CCCCCCOC(=O)[C@H](CCC(=O)NCCC1CCN(Cc2ccccc2)CC1)NC(=O)c1cc(Br)cs1
5266,CHEMBL4762083,180.0,COc1ccc2[nH]cc(CCNC(=O)CN(CCCCCCCCNc3c4c(nc5ccccc35)CCCC4)C(=O)CCCC[C@@H]3CCSS3)c2c1
1529,CHEMBL604096,180.0,COc1cc2c(cc1OC)C(=O)/C(=C/c1ccc(CN(C)Cc3ccccc3)cc1)CC2
4592,CHEMBL4217660,180.0,COc1ccc(Cn2cc(C(=O)NCCCCCNc3c4c(nc5cc(Cl)ccc35)CCCC4)c(=O)c3ccccc32)cc1
260,CHEMBL343237,180.0,CC1CCN(CCc2ccccc2)CC1
7023,CHEMBL399515,180.0,C=CCN1CC[C@@]23C=C[C@H](O)C[C@@H]2Oc2c(OC)ccc(c23)C1
1847,CHEMBL1084093,180.0,NCCCCCCCCCCCCNc1c2c(nc3ccccc13)CCCC2
788,CHEMBL12781,180.0,CN(C)Cc1ccc(CSCc2ccc(-c3ccc(CSCc4ccc(CN(C)C)o4)cc3)cc2)o1
2875,CHEMBL2441669,180.0,COc1cccc(CCCCCCCCc2cccc(OC)[n+]2C)[n+]1C.O=S(=O)([O-])C(F)(F)F.O=S(=O)([O-])C(F)(F)F
1269,CHEMBL32329,180.0,Clc1cccc(Cl)c1CO/N=C/c1cc[n+](CCCc2ccccc2)cc1
1973,CHEMBL388575,180.0,O=C(NCCCCCNc1c2c(nc3cc(Cl)ccc13)CCCC2)c1c[nH]c2ccccc12
677,CHEMBL95,180.0,Nc1c2c(nc3ccccc13)CCCC2
6163,CHEMBL5190530,180.0,Cc1ccc2nc3c(c(NCCO)c2c1)CCCC3
1536,CHEMBL597822,180.0,CN(Cc1ccccc1)Cc1ccc(/C=C2\Cc3ccc(OCCCCN4CCCCC4)cc3C2=O)cc1
4623,CHEMBL1201217,181.0,CCCCOc1ccc(C(=O)CCN2CCCCC2)cc1
1276,CHEMBL26125,181.0,CCN(Cc1ccccc1)Cc1ccc(-c2cc3ccc(OCCNC(=O)Cc4cc(F)cc(F)c4)cc3oc2=O)cc1
2894,CHEMBL430403,182.0,CCOC(=O)C1=C(C)Oc2nc3c(c(N)c2C1c1ccc(C)cc1)CCCC3
4028,CHEMBL398628,182.0,CCOC(=O)C1=C(C)Oc2nc3c(c(N)c2C1c1ccc(OC)cc1)CCCC3
5237,CHEMBL4764740,182.0,FC(F)(F)c1ccc(-c2nnc(N3CCN(c4ccccn4)CC3)o2)cc1
5944,CHEMBL5087646,184.0,O=C(O)c1c(O)cccc1CCCCCCCCNc1c2c(nc3ccccc13)CCCC2
1489,CHEMBL575813,185.0,C[C@@H]1CCC[C@H](C)N1S(=O)(=O)c1ccccc1[N+](=O)[O-]
4043,CHEMBL3892148,186.0,COc1ccc2nc(NCCc3cc[n+](Cc4ccccc4)cc3)sc2c1
3683,CHEMBL3642048,186.44,CC(=O)NCCc1c[nH]c2ccc(OC(=O)NCCCCCNc3c4c(nc5ccccc35)CCCC4)cc12
3437,CHEMBL3582213,187.0,N#Cc1cc2c(cn1)[nH]c1ncc(-c3ccc(CN4CCCCC4)nc3)cc12
3297,CHEMBL3343926,187.0,CC(C)(C)OC(=O)N1Cc2[nH]c3ccccc3c2C[C@H]1C(=O)NCCCCCCNc1c2c(nc3ccccc13)CCCC2
4602,CHEMBL4205374,187.0,COc1ccc(Cn2cc(C(=O)NCCNc3c4c(nc5ccccc35)CCCC4)c(=O)c3ccccc32)cc1
5999,CHEMBL95,188.0,Nc1c2c(nc3ccccc13)CCCC2
6074,CHEMBL5169781,189.0,O=C(COc1ccc(Cl)cc1)NCCN1CCN(Cc2ccccc2)CC1
2456,CHEMBL1940736,190.0,COc1ccccc1NCc1cc(=O)oc2cc3oc4ccccc4c3cc12
2868,CHEMBL2441676,190.0,COc1cc2c(cc1OC)C(=O)C(CCCCCCCc1cccc(OC)[n+]1C)C2.O=S(=O)([O-])C(F)(F)F
1422,CHEMBL219172,190.0,CCOC(=O)C1=C(C)Nc2nc3c(c(N)c2C1c1ccc(F)cc1)CCCC3
2840,CHEMBL2441672,190.0,COc1cc2c(cc1OC)C[N+](C)(CCCCCCc1cccc(OC)[n+]1C)CC2.O=S(=O)([O-])C(F)(F)F.O=S(=O)([O-])C(F)(F)F
124,CHEMBL315013,190.0,COc1cc2cc(C(=O)CC(O)C3CC[N+](C)(Cc4ccccc4)CC3)sc2cc1OC.[Br-]
2843,CHEMBL2441669,190.0,COc1cccc(CCCCCCCCc2cccc(OC)[n+]2C)[n+]1C.O=S(=O)([O-])C(F)(F)F.O=S(=O)([O-])C(F)(F)F
218,CHEMBL74257,190.0,CNC(=O)Oc1ccc2c(c1)[C@]1(C)CCN(Cc3ccccc3)[C@@H]1N2C
5315,CHEMBL95,190.0,Nc1c2c(nc3ccccc13)CCCC2
1027,CHEMBL95,190.0,Nc1c2c(nc3ccccc13)CCCC2
186,CHEMBL1202885,190.0,Cl.Cl.O.c1ccc(CN2CCC(CCNc3cc4c(nn3)-c3ccccc3CC4)CC2)cc1
5994,CHEMBL94,190.0,CNC(=O)Oc1ccc2c(c1)[C@]1(C)CCN(C)[C@@H]1N2C
3456,CHEMBL3585374,190.0,Cc1ccc2[nH]c3c(c2c1)CN(CCCCCCN1CCc2[nH]c4ccc(C)cc4c2C1)CC3
2281,CHEMBL95,190.0,Nc1c2c(nc3ccccc13)CCCC2
1498,CHEMBL574847,190.0,CCN(CCCNC1=CC(=O)C(NCCCNC(=O)CCCCC2CCSS2)=CC1=O)Cc1ccccc1OC
827,CHEMBL95,190.0,Nc1c2c(nc3ccccc13)CCCC2
433,CHEMBL95,190.0,Nc1c2c(nc3ccccc13)CCCC2
907,CHEMBL187603,190.0,COc1cc2c(cc1OC)SC(C(=O)CC(O)C1CC[N+](C)(Cc3ccccc3)CC1)C2
5655,CHEMBL4789019,190.0,COc1cccc2cc[n+](-c3ccc(Br)cc3)cc12.[Br-]
171,CHEMBL1202884,190.0,Cl.Cl.O.c1ccc(CN2CCC(CCNc3cc4ccc5ccccc5c4nn3)CC2)cc1
1535,CHEMBL599057,190.0,CCN(CC)CCCCCOc1ccc2c(c1)C(=O)/C(=C/c1ccc(CN(C)Cc3ccccc3)cc1)C2
6276,CHEMBL5272511,190.0,COc1cc2c(cc1OC)/C(=N\N)C(CC1CCN(Cc3ccccc3)CC1)C2
2274,CHEMBL95,190.0,Nc1c2c(nc3ccccc13)CCCC2
3305,CHEMBL95,190.0,Nc1c2c(nc3ccccc13)CCCC2
6731,CHEMBL1430084,191.0,c1ccc(CN2CCN(c3nc(-c4ccccc4)nc4ccccc34)CC2)cc1
1069,CHEMBL220294,191.0,CCOC(=O)C1=C(C)Nc2nc3c(c(N)c2C1c1cccc([N+](=O)[O-])c1)CCCC3
6783,CHEMBL5579758,191.0,CCCCOc1cc(-c2nc(-c3ccccc3)no2)ccc1N
1398,CHEMBL220294,191.0,CCOC(=O)C1=C(C)Nc2nc3c(c(N)c2C1c1cccc([N+](=O)[O-])c1)CCCC3
1160,CHEMBL241960,192.0,CCN(CCCCCCNC1=CC(=O)C(NCCCCCCN(CC)Cc2ccncc2)=CC1=O)Cc1ccncc1
3142,CHEMBL3353039,192.0,CC1=C[C@H]2Cc3nc4cc(Cl)ccc4c(NCCCCCCNc4c5c(nc6cc(Cl)ccc46)C[C@@H]4C=C(C)C[C@H]5C4)c3[C@@H](C1)C2
1490,CHEMBL574474,192.0,C[C@@H]1CCC[C@H](C)N1S(=O)(=O)c1cccc([N+](=O)[O-])c1
1401,CHEMBL219172,193.0,CCOC(=O)C1=C(C)Nc2nc3c(c(N)c2C1c1ccc(F)cc1)CCCC3
1071,CHEMBL219172,193.0,CCOC(=O)C1=C(C)Nc2nc3c(c(N)c2C1c1ccc(F)cc1)CCCC3
4598,CHEMBL4206484,194.0,COc1ccc(Cn2cc(C(=O)NCCCCCCNc3c4c(nc5ccccc35)CCCC4)c(=O)c3ccccc32)cc1
2566,CHEMBL2064469,194.0,CCN(CCCN1CCN(CCNc2c3c(nc4ccccc24)CCCC3)CC1)C1CCCCC1
4597,CHEMBL4214900,194.0,COc1ccc(Cn2cc(C(=O)NCCCCCCCNc3c4c(nc5ccccc35)CCCC4)c(=O)c3ccccc32)cc1
3997,CHEMBL3928343,195.0,COc1cc2c(cc1OC)C(=O)C(CC1CCN(Cc3cccc(F)n3)CC1)C2
4959,CHEMBL4467520,195.0,Cc1ccc2[nH]c3c(c2c1)CN(CCCCCN1CCc2[nH]c4ccc(C)cc4c2C1)CC3
4994,CHEMBL3585374,195.0,Cc1ccc2[nH]c3c(c2c1)CN(CCCCCCN1CCc2[nH]c4ccc(C)cc4c2C1)CC3
5770,CHEMBL4858117,195.7,Cc1ccc(S(=O)(=O)SCc2ccc(C#N)cc2)cc1
2244,CHEMBL1770548,198.0,COc1cc(CNCCCNC2=CC(=O)C(NCCCNCc3ccc(O)c(OC)c3)=CC2=O)ccc1O
7231,CHEMBL6170062,198.0,Cl.[2H]c1ccc2nc3c(c(N)c2c1)CCCC3
3723,CHEMBL3754005,199.0,COc1cccc2cc(CN(CCCCCCCNc3c4c(nc5ccccc35)CCCCC4)Cc3cc4cccc(OC)c4o3)oc12
4374,CHEMBL4074655,199.5,Cc1ccc2c(c1)C(=O)C(=O)N2Cc1ccccc1[N+](=O)[O-]
2402,CHEMBL54126,200.0,CN(C)C(=O)Oc1cccc([N+](C)(C)C)c1.[Br-]
5888,CHEMBL94,200.0,CNC(=O)Oc1ccc2c(c1)[C@]1(C)CCN(C)[C@@H]1N2C
3634,CHEMBL95,200.0,Nc1c2c(nc3ccccc13)CCCC2
7239,CHEMBL659,200.0,COc1ccc2c3c1O[C@H]1C[C@@H](O)C=C[C@@]31CCN(C)C2
1568,CHEMBL1081810,200.0,[Br-].[Br-].c1cc[n+](Cc2ccc3ccc(C[n+]4ccccc4)cc3c2)cc1
1223,CHEMBL95,200.0,Nc1c2c(nc3ccccc13)CCCC2
434,CHEMBL538853,200.0,CN1c2ccc(OC(=O)Nc3ccccc3)cc2[C@]2(C)CC[N@@+](C)([O-])[C@H]12.Cl
1534,CHEMBL603256,200.0,CN(Cc1ccccc1)Cc1ccc(/C=C2\Cc3ccc(OCCCCCN4CCCCC4)cc3C2=O)cc1
1453,CHEMBL95,200.0,Nc1c2c(nc3ccccc13)CCCC2
3503,CHEMBL603256,200.0,CN(Cc1ccccc1)Cc1ccc(/C=C2\Cc3ccc(OCCCCCN4CCCCC4)cc3C2=O)cc1
3413,CHEMBL3577505,200.0,CCN(CCCOc1ccc(-c2cc(=O)c3c(OC)c(OC)c(OC)cc3o2)cc1)Cc1ccccc1OC
17,CHEMBL131320,200.0,Cc1ccc(-c2nc(SCC(F)(F)F)n(C(=O)N(C)C)n2)cc1
1599,CHEMBL1085028,200.0,CN(C)C(=O)Oc1ccc(-c2cn3c(NC(=O)c4ccccc4)cccc3[n+]2C)cc1.[Cl-]
3062,CHEMBL95,200.0,Nc1c2c(nc3ccccc13)CCCC2
560,CHEMBL1128,200.0,CC[N+](C)(C)c1cccc(O)c1.[Cl-]
683,CHEMBL316973,200.0,CN(C)Cc1ccc(CSCCNc2ccc([N+](=O)[O-])cc2[N+](=O)[O-])o1
3722,CHEMBL3754672,200.0,c1ccc2oc(CN(CCCCCCCNc3c4c(nc5ccccc35)CCCCC4)Cc3cc4ccccc4o3)cc2c1
6493,CHEMBL2236140,200.0,Cc1ccc2cc(C3CC(c4sccc4Cl)=NN3)c(Cl)nc2c1
15,CHEMBL336276,200.0,CCCCCCSc1nc(-c2ccc(C)cc2)nn1C(=O)N(C)C
3164,CHEMBL3323039,200.0,CCN(CC)CCCOc1ccc2nc3n(c(=O)c2c1)Cc1ccccc1-3
2239,CHEMBL95,200.0,Nc1c2c(nc3ccccc13)CCCC2
984,CHEMBL95,200.0,Nc1c2c(nc3ccccc13)CCCC2
6606,CHEMBL94,200.0,CNC(=O)Oc1ccc2c(c1)[C@]1(C)CCN(C)[C@@H]1N2C
6776,CHEMBL5583577,201.0,CCCNC(C)C(=O)Nc1c(C)csc1-c1nc(C)no1
6781,CHEMBL5595727,201.0,Nc1ccc(-c2nc(-c3ccccc3N)no2)cc1
6958,CHEMBL5921670,201.0,COc1cc(N)c(Cl)cc1C(=O)C(C)CC1CCN(CC2CCCCC2)CC1
5177,CHEMBL4640750,201.0,O=C1CN(/N=C/c2ccc(-c3ccc([N+](=O)[O-])cc3)o2)C(=O)N1CCN1CCN(Cc2ccccc2)CC1
1152,CHEMBL243310,202.0,COc1cc2cc(-c3cccc(CN(C)Cc4ccccc4)c3)c(=O)oc2cc1OC
3389,CHEMBL3415558,202.0,O=C1c2ccccc2C(=O)N1CCCCCNCc1ccccc1
4045,CHEMBL3910025,203.0,COc1ccc2nc(NCCc3cc[n+](Cc4c(F)cccc4F)cc3)sc2c1
3300,CHEMBL3343929,203.0,CC1N[C@H](C(=O)NCCCCCCNc2c3c(nc4ccccc24)CCCC3)Cc2c1[nH]c1ccccc21
4375,CHEMBL511921,204.17,Cc1ccc2c(c1)C(=O)C(=O)N2Cc1ccc(Br)cc1
6767,CHEMBL5583890,204.8,O=C(NCCCCNc1c2c(nc3ccccc13)CCCC2)Oc1ccc(-c2cc3cccnc3[nH]2)cc1
1045,CHEMBL95,205.0,Nc1c2c(nc3ccccc13)CCCC2
973,CHEMBL1677,205.0,Cl.Nc1c2c(nc3ccccc13)CCCC2
1717,CHEMBL340609,205.0,CC(=O)N(CCC1CCN(Cc2ccccc2)CC1)c1ccc(F)cc1
1331,CHEMBL1677,205.0,Cl.Nc1c2c(nc3ccccc13)CCCC2
609,CHEMBL1677,205.0,Cl.Nc1c2c(nc3ccccc13)CCCC2
618,CHEMBL95,205.0,Nc1c2c(nc3ccccc13)CCCC2
781,CHEMBL60380,206.0,CCCCNC(=O)Oc1ccc2c(c1)C1CCN(CC)C2C1
3585,CHEMBL3623559,208.0,O=C(c1cnn(C2CCCC2)c1)C(F)F
487,CHEMBL284369,208.0,CCCCCCNC(=O)Oc1ccc2c(c1)[C@@H]1CCN(CC)C1C2
1698,CHEMBL1085384,208.0,CCCCCCNC(=O)Oc1ccc2c(c1)[C@@H]1CCN(CC)[C@@H]1C2
293,CHEMBL308043,210.0,CN(C)C(=O)Oc1ccc2c(c1)[C@]1(C)CCN(C)[C@@H]1N2C
445,CHEMBL96246,210.0,C(=C\C1CCN(Cc2ccccc2)CC1)\c1noc2ccccc12
4452,CHEMBL4176179,210.0,COc1ccc2c(c1)CCC(Cc1cc[n+](CC3CCCCC3)cc1C(C)=O)C2=O.[I-]
225,CHEMBL308043,210.0,CN(C)C(=O)Oc1ccc2c(c1)[C@]1(C)CCN(C)[C@@H]1N2C
4480,CHEMBL4174729,210.0,Cc1cc(=O)oc2cc(OCCCCCSC(=S)N3CCCCC3)ccc12
1897,CHEMBL1084276,210.0,CNC(=O)Oc1cccc(CN(C)CC#CCOc2ccc3c(=O)c4ccccc4oc3c2)c1
3626,CHEMBL3628183,210.0,COc1ccc2[nH]cc(CCNC(=O)/C=C/c3cc[n+](Cc4ccc(F)cc4)cc3)c2c1.[Br-]
331,CHEMBL553803,210.0,CNC(=O)Oc1cccc(CN(C)CC#CCOc2ccc3c(=O)c4ccccc4oc3c2)c1.Cl
903,CHEMBL92460,210.0,c1ccc(CN2CCC(CCc3noc4ccccc34)CC2)cc1
4699,CHEMBL4279297,210.0,Cc1ccc(NC(=O)c2cc(=O)c3cc(/C=C/C(=O)OCCN(C)C)ccc3o2)cc1C
4703,CHEMBL4292235,210.0,Cc1ccc(NC(=O)c2cc(=O)c3cc(/C=C/C(=O)OCCN(C)C)ccc3o2)cc1
1675,CHEMBL126939,210.0,C(=C/C1CCN(Cc2ccccc2)CC1)\c1noc2ccccc12
6569,CHEMBL5436875,210.0,COC(=O)/C=C/C(=O)Nc1cccc(OCCCCSC(=S)N2CCCCC2)c1
2267,CHEMBL1773489,210.0,CN(Cc1ccccc1)Cc1ccc(C(=O)c2ccc(OCCCCCCN3CCCCC3)cc2)cc1
3656,CHEMBL3632988,210.0,Cc1c(C)c2c(c(C)c1O)CCC(C)(C(=O)NCCNc1c3c(nc4cc(Cl)ccc14)CCCC3)O2
797,CHEMBL12937,210.0,CN(C)Cc1ccc(CSCCCCSCc2ccc(CN(C)C)o2)o1
2256,CHEMBL1773478,210.0,CCN(CC)CC(=O)Nc1ccc(C(=O)c2ccc(CN(C)Cc3ccccc3)cc2)cc1
476,CHEMBL416586,211.0,CCCCCCCNC(=O)Oc1ccc2c(c1)[C@]1(C)CCN(CC)C1C2
5769,CHEMBL4867081,212.3,Cc1ccc(S(=O)(=O)SCc2ccc([N+](=O)[O-])cc2)cc1
3929,CHEMBL3828696,214.0,CCCCCCCNC(=O)Oc1ccc(Cn2cc(COc3ccc4ccc(=O)oc4c3)nn2)cc1
3369,CHEMBL3410953,215.3,Cc1c(C)c2c(c(C)c1O)CCC(C)(C(=O)NCCCCCNc1c3c(nc4ccccc14)CCCC3)O2
4972,CHEMBL4475228,216.0,COc1ccc(CCOCCCCCNc2c3c(nc4ccccc24)CCCC3)cc1
6089,CHEMBL5181664,216.0,c1ccc2c(c1)CCN1Cc3cc(OCCCN4CCCCC4)ccc3N=C21
3163,CHEMBL3323042,216.0,O=c1c2cc(OCCCN3CCCCC3)ccc2nc2n1CCc1ccccc1-2
5066,CHEMBL4542575,216.0,O=C1N/C(=N\c2ccc3oc(=O)ccc3c2)S/C1=C/c1ccc(F)cc1
5360,CHEMBL4776843,216.34,O=C(CN1CCC2c3ccccc3NC2C1)Oc1ccc(/C=C2\CCn3c2nc2ccccc2c3=O)cc1
2259,CHEMBL1773481,217.0,CN(Cc1ccccc1)Cc1ccc(C(=O)c2ccc(NC(=O)CCCCN3CCCCC3)cc2)cc1
3441,CHEMBL3582218,217.0,NC(=O)c1cc2c(cn1)[nH]c1ncc(-c3ccc(CN4CCCCC4)cc3)cc12
4547,CHEMBL4213345,217.5,Cc1cc(=O)oc2cc(OCc3cc[n+](Cc4ccc(Br)cc4)cc3)ccc12.[Br-]
7126,CHEMBL6175754,218.0,COC(=O)C1=CO[C@H](OC)[C@H]2C(CN3CCN(Cc4nc(C)c(C)nc4C)CC3)=CC[C@@H]12
4892,CHEMBL4458648,218.0,S=C(NCc1ccccc1)NNc1c2c(nc3ccccc13)CCCC2
84,CHEMBL315013,219.0,COc1cc2cc(C(=O)CC(O)C3CC[N+](C)(Cc4ccccc4)CC3)sc2cc1OC.[Br-]
5236,CHEMBL4754304,219.0,O=[N+]([O-])c1ccc(-c2nnc(N3CCN(c4ccccn4)CC3)o2)cc1
453,CHEMBL92142,220.0,c1ccc(CN2CCC(CCc3nccc4ccccc34)CC2)cc1
211,CHEMBL75729,220.0,CNC(=O)Oc1ccc2c(c1)[C@]1(C)CCN(CCc3ccccc3)[C@@H]1N2C
245,CHEMBL155121,220.0,CC1CCN(Cc2cccc3ccccc23)CC1
4621,CHEMBL94,220.0,CNC(=O)Oc1ccc2c(c1)[C@]1(C)CCN(C)[C@@H]1N2C
725,CHEMBL347503,220.0,C#CCNCCc1cccc(OC(=O)N(C)C)c1
863,CHEMBL92142,220.0,c1ccc(CN2CCC(CCc3nccc4ccccc34)CC2)cc1
1679,CHEMBL92142,220.0,c1ccc(CN2CCC(CCc3nccc4ccccc34)CC2)cc1
6929,CHEMBL502,220.0,COc1cc2c(cc1OC)C(=O)C(CC1CCN(Cc3ccccc3)CC1)C2
2582,CHEMBL2088784,220.0,N#Cc1cc(C#N)c(NCCC2CCN(Cc3ccccc3)CC2)nc1N
3481,CHEMBL3586207,220.0,CCCC[C@@H](O)/C=C/C=C/C(=O)O
5230,CHEMBL4745534,222.0,COc1cc(-c2nnc(N3CCN(c4ccccn4)CC3)o2)cc(OC)c1OC
3380,CHEMBL3416999,222.0,COc1cc(N)c(Cl)cc1C(=O)CCC1CCN(CCC2CCCCC2)CC1
3720,CHEMBL3752384,222.0,c1ccc2oc(CN(CCCCCCCNc3c4c(nc5ccccc35)CCC4)Cc3cc4ccccc4o3)cc2c1
6964,CHEMBL3416999,222.0,COc1cc(N)c(Cl)cc1C(=O)CCC1CCN(CCC2CCCCC2)CC1
7232,CHEMBL95,222.0,Nc1c2c(nc3ccccc13)CCCC2
4044,CHEMBL3937964,223.0,COc1ccc2nc(NCCc3cc[n+](Cc4ccc(F)cc4)cc3)sc2c1
1842,CHEMBL95,223.0,Nc1c2c(nc3ccccc13)CCCC2
1389,CHEMBL491360,223.0,CCOC(=O)C1=C(C)Nc2nc3c(c(N)c2C1c1ccncc1)CCCC3
6912,CHEMBL5647316,223.0,O=c1[nH]c(COCCC2CCN(Cc3ccccc3)CC2)nc2c1cnn2C1CCCC1
5186,CHEMBL4646080,223.0,COc1cc2cc(NC(=O)C3CCN(Cc4ccccc4)CC3)c(=O)oc2cc1OC
6861,CHEMBL5593954,224.0,O=C(NCCCCCCCCNc1c2c(nc3ccccc13)CCCC2)c1ccccc1O
1656,CHEMBL74340,224.0,Cc1cccc(CN2CCC(CCC(=O)c3ccc4c(c3)NCCCC4)CC2)c1
1046,CHEMBL415799,225.0,CC1=CC2Cc3nc4cc(Cl)ccc4c(N)c3C(C1)C2N
3156,CHEMBL3323059,225.0,O=c1c2cc(OCCCN3CCCCC3)ccc2nc2n1CCCC2
6092,CHEMBL5208725,225.0,c1cc2c(cc1OCCCN1CCCCC1)CN1CCCCC1=N2
1284,CHEMBL271746,226.0,CC(C)(CO[N+](=O)[O-])C(=O)NCCCCNc1c2c(nc3ccccc13)CCCC2
5062,CHEMBL4571434,226.0,O=c1ccc2cc(/N=C/c3ccc(F)cc3)ccc2o1
1400,CHEMBL491561,226.0,CCOC(=O)C1=C(C)Nc2nc3c(c(N)c2C1c1ccccc1C(F)(F)F)CCCC3
3366,CHEMBL3410956,226.5,Cc1c(C)c2c(c(C)c1O)CCC(C)(C(=O)NCCCCCCCCNc1c3c(nc4ccccc14)CCCC3)O2
5857,CHEMBL4849828,227.0,O=C(NC1CCN(Cc2ccc(F)cc2)CC1)c1cncc(NC(=O)c2ccnc3[nH]ccc23)c1
2522,CHEMBL376478,227.0,CC[C@H]1C[C@@H]2C[C@H]3c4[nH]c5cc([C@@H]6C[C@H]7C(C(=O)OC)[C@@H](Cc8c6[nH]c6ccccc86)N(C)C[C@H]7CC)ccc5c4CCN(C2)[C@@H]13
4383,CHEMBL4077157,229.08,O=C(Nc1ccc(CN2CCOCC2)cc1C(=O)C(=O)N1C(=O)CCC1=O)c1ccccc1
4403,CHEMBL95,230.0,Nc1c2c(nc3ccccc13)CCCC2
4548,CHEMBL4205110,230.0,Cc1cc(=O)oc2cc(OCc3cc[n+](Cc4cccc([N+](=O)[O-])c4)cc3)ccc12.[Br-]
4683,CHEMBL95,230.0,Nc1c2c(nc3ccccc13)CCCC2
95,CHEMBL445916,230.0,CCCn1c2c(c3c(Br)c(OC(=O)NC)ccc31)CC/C2=N/CC
3117,CHEMBL95,230.0,Nc1c2c(nc3ccccc13)CCCC2
212,CHEMBL74950,230.0,COc1ccc(NC(=O)Oc2ccc3c(c2)[C@]2(C)CCN(C)[C@@H]2N3C)cc1
1828,CHEMBL101809,230.0,CN(CCOCCNC(=S)NC(=O)c1ccc(-c2ccccc2)cc1)Cc1ccccc1
3076,CHEMBL3233934,230.0,COc1cc2[nH]c(=O)c(C(=O)NCC3CCN(Cc4ccccc4)CC3)c(O)c2cc1OC
748,CHEMBL147524,230.0,CN(C)C(=O)Oc1cccc(CCN)c1
85,CHEMBL155754,230.0,C/N=C1/CCc2c1n(C)c1ccc(OC(=O)NC)c(Cl)c21
5948,CHEMBL95,230.0,Nc1c2c(nc3ccccc13)CCCC2
5951,CHEMBL95,230.0,Nc1c2c(nc3ccccc13)CCCC2
842,CHEMBL183507,230.0,COc1ccc(-c2cc3c(c(=O)o2)C[C@@]2(O)[C@@]4(C)C(=O)[C@@]5(OC)C(=O)O[C@]4(CC[C@@]2(C)O3)C5(C)C)cc1
7190,CHEMBL5647316,230.0,O=c1[nH]c(COCCC2CCN(Cc3ccccc3)CC2)nc2c1cnn2C1CCCC1
6152,CHEMBL5183077,230.0,O=C(CCN1CCN(c2ccccc2)CC1)Nc1n[nH]c2ncccc12
4641,CHEMBL95,230.0,Nc1c2c(nc3ccccc13)CCCC2
1194,CHEMBL240793,230.8,CCCCC1=NC2(CCCC2)C(=O)N1CCN1C(=O)c2ccccc2C1=O
2900,CHEMBL3086277,231.0,COc1cc2[se]n(CCCC3CCN(Cc4ccccc4)CC3)c(=O)c2cc1OC
153,CHEMBL309351,231.0,C[C@]12CCNC1Nc1ccc(OC(=O)Nc3ccccc3)cc12
4573,CHEMBL4214932,231.0,O=C(CNCc1ccccc1)Nc1ccc2nc3n(c(=O)c2c1)CCC3
1193,CHEMBL241011,231.5,CCCCC1=NC2(CCCC2)C(=O)N1Cc1cc2c(cc1C)OCO2
6766,CHEMBL5573148,232.7,O=C(NCCCNc1c2c(nc3ccccc13)CCCC2)Oc1ccc(-c2cc3cccnc3[nH]2)cc1
470,CHEMBL34222,233.0,CCCCCCNC(=O)Oc1ccc2c(c1)[C@]1(C)CCN(CC)C1C2
3169,CHEMBL3322140,233.0,CCN(CCC(=O)NCCNc1c2c(nc3ccccc13)CCCC2)C1CCCCC1
298,CHEMBL359198,233.0,CCCCCCNC(=O)Oc1ccc2c(c1)[C@@]1(C)CCN(CC)[C@H]1C2
7045,CHEMBL6149029,233.9,COc1c(C(=O)CCC2CCN(CC3CCCCC3)CC2)cc(F)c(N)c1I
1066,CHEMBL436302,234.0,CCOC(=O)C1=C(C)Nc2nc3c(c(N)c2C1c1ccccc1OC)CCCC3
1394,CHEMBL436302,234.0,CCOC(=O)C1=C(C)Nc2nc3c(c(N)c2C1c1ccccc1OC)CCCC3
3880,CHEMBL3819083,234.0,COc1cc(/C=C/C(=O)NCCC2CCN(Cc3ccccc3)CC2)cc(OC)c1OC
5426,CHEMBL4787169,237.4,CNC(=O)c1sc(-c2ccnc(NC(=O)CNCCNc3c4c(nc5ccccc35)CCCC4)c2)nc1OC(C)C
6305,CHEMBL5282524,240.0,Cn1c2ccccc2c2cc[n+](-c3ccc(I)cc3)cc21
6042,CHEMBL5205006,240.0,Cc1cccc2sc(NC(=O)CCN3CCN(CCN(C(C)C)C(C)C)CC3)nc12
1727,CHEMBL123909,240.0,O=C1c2ccc([N+](=O)[O-])cc2C(=O)N1CCC1CCN(Cc2ccc(Cl)cc2)CC1
2589,CHEMBL2160227,240.0,CN(CCCCCCCOc1cccc(-c2oc3ccccc3c2C(=O)c2ccccc2)c1)Cc1ccccc1
915,CHEMBL363455,240.0,O=C(CCc1cc[n+](Cc2ccccc2)cc1)c1ccc2c(c1)OCO2
643,CHEMBL313231,240.0,C[N+]1(Cc2ccccc2)CCC(CCC(=O)c2ccc3c(c2)OCO3)CC1
6327,CHEMBL5287537,240.0,Cc1ccc(-[n+]2ccc3c4ccccc4n(C)c3c2)cc1
6328,CHEMBL5282524,240.0,Cn1c2ccccc2c2cc[n+](-c3ccc(I)cc3)cc21
6329,CHEMBL5276404,240.0,Cn1c2ccccc2c2cc[n+](-c3ccc(Br)cc3)cc21
1864,CHEMBL431844,240.0,Nc1c2c(nc3ccccc13)C1CCC2C1
2579,CHEMBL2088781,240.0,N#Cc1c(N)nc(NCCCC2CCN(Cc3ccccc3)CC2)c(C#N)c1-c1ccccc1
1190,CHEMBL325502,240.6,CCCCC1=NC2(CCCC2)C(=O)N1Cc1ccc(-c2ccccc2C(=O)OC)cc1
1060,CHEMBL219063,241.0,COc1cc(C(=O)NCCCC(=O)NNc2c3c(nc4ccccc24)CCCC3)cc(OC)c1OC
4443,CHEMBL4164981,242.4,COc1ccc2c(c1)CCC(Cc1cc[n+](Cc3ccccc3C)cc1C(F)(F)F)C2=O
3978,CHEMBL353468,243.0,COc1cc2c(cc1OC)C(=O)C(CC1CCN(Cc3ccccc3C)CC1)C2
3604,CHEMBL3623559,244.0,O=C(c1cnn(C2CCCC2)c1)C(F)F
6159,CHEMBL5199361,245.0,CN1CCN(c2c3c(nc4ccc([N+](=O)[O-])cc24)CCCC3)CC1
2054,CHEMBL1243111,245.3,CN1CC[C@@]2(C)c3cc(OC(=O)Nc4ccccc4)ccc3N(Cc3ccccc3)[C@@H]12
335,CHEMBL319541,245.3,CN1CC[C@@]2(C)c3cc(OC(=O)Nc4ccccc4)ccc3N(Cc3ccccc3)C12
6762,CHEMBL5568634,247.73,O=C(NCCCCCNc1c2c(nc3cc(Cl)ccc13)CCCC2)Oc1ccc2cc[nH]c2c1
4544,CHEMBL4213874,250.0,Cc1ccc(C[n+]2ccc(COc3ccc4c(C)cc(=O)oc4c3)cc2)cc1.[Br-]
5702,CHEMBL95,250.0,Nc1c2c(nc3ccccc13)CCCC2
6324,CHEMBL5285181,250.0,CCOC(=O)[n+]1ccc2c([nH]c3cc(OC)ccc32)c1C
1770,CHEMBL1084091,250.0,CCCCNC(=O)Oc1cccc(CN(C)CCCOc2ccc3c(=O)ccoc3c2)c1
5037,CHEMBL4519496,250.0,Brc1ccc(-c2nnn3c2C2c4ccccc4CCN2Cc2ccccc2-3)cc1
6204,CHEMBL4800073,250.0,C[C@H]1CCCN1Cc1nc2cc(NC(=O)c3ccc4cnccc4c3)ccc2[nH]1
355,CHEMBL95,250.0,Nc1c2c(nc3ccccc13)CCCC2
3024,CHEMBL95,250.0,Nc1c2c(nc3ccccc13)CCCC2
2349,CHEMBL95,250.0,Nc1c2c(nc3ccccc13)CCCC2
1570,CHEMBL1082082,250.0,CCCCCCOC(=O)[C@H](CCC(=O)NCCC1CCN(Cc2ccccc2)CC1)NC(=O)OCc1ccccc1
869,CHEMBL185799,250.0,COc1cc2c(cc1OC)C(=O)C(C1CC[N+](C)(Cc3ccccc3)CC1)=C2
4614,CHEMBL3234588,250.0,O/N=C/c1nc(CCCCNc2c3c(nc4ccccc24)CCCC3)ccc1O
3420,CHEMBL3577522,250.0,CCN(CCCCOc1ccc(-c2cc(=O)c3c(O)c(OC)c(OC)cc3o2)cc1)Cc1ccccc1OC
6301,CHEMBL5285181,250.0,CCOC(=O)[n+]1ccc2c([nH]c3cc(OC)ccc32)c1C
2645,CHEMBL128392,250.0,CCCNC(=O)Oc1cccc(CN(C)CCCOc2ccc3c(=O)ccoc3c2)c1
6233,CHEMBL5218931,250.0,CC(=O)N1CC[C@@]2(O)c3cc(OC(=O)Nc4ccccc4)ccc3N[C@@H]12
6744,CHEMBL5567533,252.47,C[C@@H](c1cccc(OC(=O)NCCNc2c3c(nc4ccccc24)CCCC3)c1)N(C)C
1701,CHEMBL1085629,253.0,CCN1CCC2c3cc(OC(=O)NC)ccc3CC21
4168,CHEMBL4060617,253.0,O=C(CCCC1CCSS1)NCCCNc1c2c(nc3cc(Cl)ccc13)CCCC2
5964,CHEMBL5206198,253.0,CCN(CC)Cc1ccc(C=C2Cc3cc(OC)c(OC)cc3C2=O)cc1
474,CHEMBL287691,253.0,CCN1CC[C@H]2c3cc(OC(=O)NC)ccc3CC21
72,CHEMBL95,254.0,Nc1c2c(nc3ccccc13)CCCC2
3927,CHEMBL3828054,255.0,O=C(NCCCCCc1ccccc1)Oc1ccc(Cn2cc(COc3ccc4ccc(=O)oc4c3)nn2)cc1
5748,CHEMBL4856125,255.0,Cc1cccc2nc3c(c(N)c12)CCCCC3.Cl
2413,CHEMBL1912062,256.0,CCN(CCCCCCNC(=O)CCCCC1CCSS1)Cc1ccccc1OC
2266,CHEMBL1773488,257.0,CCN(CC)CCCCCCOc1ccc(C(=O)c2ccc(CN(C)Cc3ccccc3)cc2)cc1
3400,CHEMBL3415573,258.0,O=C1c2ccccc2C(=O)N1CCCCCNCc1ccc(F)cc1F
2347,CHEMBL1819179,258.0,Clc1ccc2c(NCCCCCCCOc3cccc(-c4cc5ccccc5o4)c3)c3c(nc2c1)CCCC3
3440,CHEMBL3582216,259.0,CCN1CCc2sc(-c3cnc4[nH]c5cnc(C#N)cc5c4c3)cc2C1
3054,CHEMBL3234591,260.0,N/C(=N\O)c1nc(CCCCCNc2c3c(nc4ccccc24)CCCC3)ccc1O
662,CHEMBL106782,260.0,CCCNc1cc(NCCSCc2ccc(CN(C)C)o2)c([N+](=O)[O-])cc1[N+](=O)[O-]
3958,CHEMBL3818689,260.0,COc1ccc(/C=C/C(=O)NCCC2CCN(Cc3ccccc3)CC2)cc1OC
974,CHEMBL395280,260.0,C/C=C1\[C@H]2C=C(C)C[C@]1(N)c1ccc(=O)[nH]c1C2
3056,CHEMBL3234587,260.0,O/N=C/c1nc(CCCCCNc2c3c(nc4ccccc24)CCCC3)ccc1O
3650,CHEMBL3632987,260.0,Cc1c(C)c2c(c(C)c1O)CCC(C)(C(=O)NCCCNc1c3c(nc4ccccc14)CCCC3)O2
3308,CHEMBL1206,260.0,CCN(CC)C(C)CN1c2ccccc2Sc2ccccc21
6922,CHEMBL5177941,260.0,COc1ccc(-c2cc(-c3ccc(OC)cc3)c3c(N)n[nH]c3n2)cc1
2280,CHEMBL1206,260.0,CCN(CC)C(C)CN1c2ccccc2Sc2ccccc21
629,CHEMBL395280,260.0,C/C=C1\[C@H]2C=C(C)C[C@]1(N)c1ccc(=O)[nH]c1C2
289,CHEMBL132531,260.0,Cc1cc2c(cc1OC(=O)Nc1ccccc1)[C@]1(C)CCN(C)[C@@H]1N2C
3718,CHEMBL3753957,260.0,COc1cccc2cc(CN(CCCCCCNc3c4c(nc5ccccc35)CCCC4)Cc3cc4cccc(OC)c4o3)oc12
808,CHEMBL12472,260.0,CN(C)Cc1ccc(CSCc2ccc(CSCc3ccc(CN(C)C)o3)cc2)o1
626,CHEMBL395280,260.0,C/C=C1\[C@H]2C=C(C)C[C@]1(N)c1ccc(=O)[nH]c1C2
1044,CHEMBL395280,260.0,C/C=C1\[C@H]2C=C(C)C[C@]1(N)c1ccc(=O)[nH]c1C2
3624,CHEMBL3628066,260.0,COc1ccc2[nH]cc(CCNC(=O)/C=C/c3cc[n+](Cc4ccccc4F)cc3)c2c1.[Br-]
4846,CHEMBL4541090,260.6,COc1c(C(=O)CCC2CCN(CC3CCCCC3)CC2)cc(Cl)c2c1ccn2Cc1ccccc1
1857,CHEMBL1084774,261.0,c1ccc(NCCCCCCCCCCCCNc2c3c(nc4ccccc24)CCCC3)cc1
6828,CHEMBL5590122,261.0,CN(Cc1ccc(COc2ccc3c(CO)cc(=O)oc3c2)cc1)Cc1ccsc1
4197,CHEMBL4099873,262.0,CC(=O)c1c[n+](Cc2ccccc2C)ccc1CC1Cc2cc(Cl)ccc2C1=O.[Br-]
4377,CHEMBL4082959,263.0,O=C1C(=O)N(Cc2ccccc2[N+](=O)[O-])c2ccc(Br)cc21
1852,CHEMBL1084368,264.0,CN(C)CCCCCCCCCCCCNc1c2c(nc3ccccc13)CCCC2
1204,CHEMBL393212,265.0,CC[C@H](C)C1=N[C@H]2CC=C3C[C@H]4C(=O)C[C@]5(C)[C@@H]([C@H](C)N(C)C)[C@H](O)C[C@@]5(C)[C@@H]4CC[C@H]3[C@]2(C)CO1
3451,CHEMBL3582232,266.0,c1ncc(-c2cc3c(cn2)[nH]c2ncc(-c4ccc(CN5CCCCC5)cc4)cc23)cn1
183,CHEMBL132260,266.0,Nc1c2c(nc3ccccc13)OCCC2
682,CHEMBL95,267.0,Nc1c2c(nc3ccccc13)CCCC2
950,CHEMBL95,267.0,Nc1c2c(nc3ccccc13)CCCC2
3397,CHEMBL3415568,268.0,O=C1c2ccccc2C(=O)N1CCCCCNCc1ccc(F)cc1
2760,CHEMBL95,268.0,Nc1c2c(nc3ccccc13)CCCC2
1189,CHEMBL115835,268.8,CCCCC1=NC2(CCCC2)C(=O)N1Cc1ccc(-c2ccccc2C(=O)OC(C)(C)C)cc1
4046,CHEMBL3952144,269.0,Fc1ccc(C[n+]2ccc(CCNc3nc4ccc(F)cc4s3)cc2)cc1
5406,CHEMBL4796602,269.0,CNC(=O)c1sc(-c2ccnc(NC(=O)C3CC3)c2)nc1OCCc1cn(CCNc2c3c(nc4ccccc24)CCCC3)nn1
3676,CHEMBL3642046,269.68,CC(=O)NCCc1c[nH]c2ccc(OC(=O)NCCCNc3c4c(nc5ccccc35)CCCC4)cc12
2428,CHEMBL1618106,270.0,CCCCCCCNc1c2c(nc3ccc(OC)cc13)CCCC2
2070,CHEMBL1257767,270.0,CCCCCCCNc1c2c(nc3ccc(OC)cc13)CCCC2.Cl
6076,CHEMBL95,270.0,Nc1c2c(nc3ccccc13)CCCC2
2836,CHEMBL2441676,270.0,COc1cc2c(cc1OC)C(=O)C(CCCCCCCc1cccc(OC)[n+]1C)C2.O=S(=O)([O-])C(F)(F)F
675,CHEMBL327135,270.0,CN(C)Cc1ccc(CSCCNc2cc(Oc3ccc([N+](=O)[O-])cc3)c([N+](=O)[O-])cc2[N+](=O)[O-])o1
2914,CHEMBL3093800,270.0,[Br-].[Br-].c1cc[n+](CCCCCCCC[n+]2cccc3ccccc32)cc1
446,CHEMBL95,270.0,Nc1c2c(nc3ccccc13)CCCC2
4397,CHEMBL95,270.0,Nc1c2c(nc3ccccc13)CCCC2
1575,CHEMBL1076259,270.0,CCCCCCOC(=O)[C@H](CCC(=O)NCCC1CCN(Cc2ccccc2)CC1)NC(=O)c1cc2ccccc2s1
3388,CHEMBL3415643,270.0,Nc1oc2ccccc2c(=O)c1/C=C1\COc2ccccc2C1=O
1749,CHEMBL141515,270.0,O=C1CCCCN1CCC1CCN(Cc2ccccc2)CC1
3898,CHEMBL3824248,273.0,O=C(CCc1c[nH]c2ccccc12)NCCC1CCN(Cc2ccccc2)CC1
6760,CHEMBL5583827,273.1,O=C(NCCCCCNc1c2c(nc3cc(F)ccc13)CCCC2)Oc1ccc2cc[nH]c2c1
6246,CHEMBL5219046,274.0,CC[C@@]1(c2cccc(OC(=O)Nc3ccccc3)c2)CCCCN(C)C1
4837,CHEMBL4540355,275.0,COc1c(C(=O)CCC2CCN(Cc3ccccc3)CC2)cc(Cl)c2[nH]c([Si](C)(C)C)cc12
5477,CHEMBL4749077,275.0,COc1cc2c(cc1O)CCC(C)(CC(=O)NCCCCCCNc1c3c(nc4ccccc14)CCCC3)O2
4441,CHEMBL4175003,275.0,COc1ccc(C(=O)CCc2cc[n+](Cc3ccccc3C(F)(F)F)cc2C#N)cc1OC.[Br-]
2457,CHEMBL1940737,275.0,COc1cc2c(C)c(OC)c(=O)oc2cc1OCCCCOc1cc(O)cc(N(C)C)c1
6149,CHEMBL5194732,275.0,O=C(CCN1CCOCC1)Nc1n[nH]c2ncccc12
5070,CHEMBL4519129,276.4,O=C1N/C(=N\c2ccc3oc(=O)ccc3c2)S/C1=C/c1ccc(Br)cc1
3174,CHEMBL3322159,277.0,O=C(Cc1cc(=O)oc2cc(O)ccc12)NCCCNc1c2c(nc3ccccc13)CCCC2
93,CHEMBL87128,280.0,CC[n+]1ccc(CCC(=O)c2cc3cc(OC)c(OC)cc3s2)cc1.[Br-]
739,CHEMBL347527,280.0,CNCCc1cccc(OC(=O)N(C)C)c1
5682,CHEMBL3986155,280.0,COc1cccc2c1C=[N+](c1ccc(Br)cc1)CC2.[Br-]
52,CHEMBL347539,280.0,CNC(NCCNCc1ccc(CN2CCCC2)o1)=C(C#N)C#N
885,CHEMBL188753,280.0,CC[n+]1ccc(CCC(=O)C2Cc3cc(OC)c(OC)cc3S2)cc1
4323,CHEMBL4069776,280.0,CCN(CCCCN1C(=O)c2ccccc2C1=O)Cc1ccccc1OC
1135,CHEMBL244624,281.0,CN(Cc1ccccc1)Cc1ccc(-c2cc3cc(N)ccc3oc2=O)cc1
6710,CHEMBL5517663,283.0,COc1cc2ncnc(N3CCN(Cc4ccccc4)CC3)c2cc1OC
2342,CHEMBL1819174,283.0,O=c1c2ccc(OCCCCCCCNc3c4c(nc5ccccc35)CCCC4)cc2oc2ncccc12
3371,CHEMBL3410951,283.8,Cc1c(C)c2c(c(C)c1O)CCC(C)(C(=O)NCCNc1c3c(nc4ccccc14)CCCC3)O2
1041,CHEMBL380050,284.2,Fc1ccc(C(c2ccc(F)cc2)N2CCN(CCN3CCOCC3)CC2)cc1
586,CHEMBL54864,285.0,Cc1ccccc1NC(=O)Oc1ccc2c(c1)[C@]1(C)CCNC1N2
2902,CHEMBL95,285.0,Nc1c2c(nc3ccccc13)CCCC2
2907,CHEMBL95,285.0,Nc1c2c(nc3ccccc13)CCCC2
3579,CHEMBL3137700,285.0,C[Si](C)(C)c1cccc(C(=O)C(F)(F)F)c1
3282,CHEMBL95,285.0,Nc1c2c(nc3ccccc13)CCCC2
2052,CHEMBL131825,285.0,CN(C(=O)Oc1ccc2c(c1)[C@]1(C)CCN(C)[C@@H]1N2C)c1ccccc1
3275,CHEMBL3343705,285.1,COc1cc2c(cc1OCCN1CCCCC1)C(=O)/C(=C/c1ccc(N(C)C)cc1)C2
4472,CHEMBL4160696,286.0,COc1cc2c(cc1OC)C(=O)C(CC1C=CN(Cc3ccccc3)C=C1C(C)=O)CC2
1192,CHEMBL415675,286.4,CCCCC1=NC2(CCCC2)C(=O)N1CC(=O)c1ccc(Cl)cc1
7218,CHEMBL6172196,287.0,Nc1c2c(nc3ccc(-c4ccc(Cl)nc4)cc13)CCCC2
6304,CHEMBL5287537,290.0,Cc1ccc(-[n+]2ccc3c4ccccc4n(C)c3c2)cc1
36,CHEMBL433041,290.0,CCCCCCCNC(=O)Oc1ccc2c(c1)[C@]1(C)CCN(C)[C@@H]1N2C
6435,CHEMBL5266237,290.0,Cc1ccc(-c2noc(-c3cccc(OCC4CCN(Cc5ccccc5F)CC4)c3)n2)cn1
43,CHEMBL154263,290.0,CC1CCN(Cc2ccc(CNCCN3CCNC3=C(C#N)C#N)o2)CC1
4482,CHEMBL4159609,290.0,Cc1cc(=O)oc2cc(OCCCSC(=S)N3CCCCC3)ccc12
358,CHEMBL294525,290.0,CCCCCCCNc1c2c(nc3cc([N+](=O)[O-])ccc13)CCCC2
5179,CHEMBL4632477,290.0,O=C1CN(/N=C/c2ccc(-c3cccc([N+](=O)[O-])c3)o2)C(=O)N1CCC1CCN(Cc2ccccc2)CC1
799,CHEMBL12858,290.0,CN(C)Cc1ccc(CSCCNC(=NC#N)NCCSCc2ccc(CN(C)C)o2)o1
1945,CHEMBL294525,290.0,CCCCCCCNc1c2c(nc3cc([N+](=O)[O-])ccc13)CCCC2
7116,CHEMBL6164051,290.0,CCN(CCCCCn1c(C)cc(=O)n(CCCCCN(CC)Cc2cccc(C(=O)OC)c2)c1=O)Cc1cccc(C(=O)OC)c1
7189,CHEMBL6144744,290.0,O=c1[nH]c(CNCCC2CCN(Cc3ccccc3)CC2)nc2c1cnn2C1CCCC1
6746,CHEMBL5575695,292.22,C[C@@H](c1cccc(OC(=O)NCCCCNc2c3c(nc4ccccc24)CCCC3)c1)N(C)C
4891,CHEMBL4525409,293.0,COc1ccc(NC(=S)NNc2c3c(nc4ccccc24)CCCC3)cc1
4599,CHEMBL4202784,293.0,COc1ccc(Cn2cc(C(=O)NCCCCCNc3c4c(nc5ccccc35)CCCC4)c(=O)c3ccccc32)cc1
3552,CHEMBL3604194,295.0,CN(C)c1ccc(C(=O)NCCCCNc2c3c(nc4ccccc24)CCCC3)cc1.Cl
5412,CHEMBL4754192,295.2,O=C(NCCCNc1c2c(nc3ccccc13)CCCC2)c1sc(-c2ccnc(NC(=O)C3CCC3)c2)nc1OCC1CC1
6761,CHEMBL5575441,297.19,O=C(NCCCCCCNc1c2c(nc3cc(F)ccc13)CCCC2)Oc1ccc2cc[nH]c2c1
2317,CHEMBL1783522,298.0,CC(=O)N(C)[C@@H](C)[C@H]1[C@H](O)C[C@@]2(C)[C@@H]3CC[C@H]4[C@]5(C)CSC(C(C)C)=N[C@H]5CC[C@@]45C[C@@]35C(=O)C[C@]12C
1207,CHEMBL393621,299.0,CC(C)C1=N[C@H]2CC=C3CC4C(=O)C[C@]5(C)[C@@H]([C@H](C)N(C)C)[C@H](O)C[C@@]5(C)[C@@H]4CC[C@H]3[C@]2(C)CO1
6161,CHEMBL5174252,299.0,O=[N+]([O-])c1ccc2nc3c(c(Nc4[nH]nc5ncccc45)c2c1)CCCC3
6343,CHEMBL5266165,300.0,COc1cc2c(cc1OC)C(=O)/C(=C/c1ccc(OCCN3CCCCC3)cc1)C2
3462,CHEMBL3586577,300.0,Cc1c(C)c2ccc(OCCCCCNCc3ccccc3)cc2oc1=O.Cl
6308,CHEMBL5287537,300.0,Cc1ccc(-[n+]2ccc3c4ccccc4n(C)c3c2)cc1
6310,CHEMBL5281758,300.0,Cn1c2ccccc2c2cc[n+](-c3ccc(Cl)cc3)cc21
6311,CHEMBL5276404,300.0,Cn1c2ccccc2c2cc[n+](-c3ccc(Br)cc3)cc21
6312,CHEMBL5270788,300.0,COc1ccc(-[n+]2ccc3c4ccccc4n(C)c3c2)cc1
4803,CHEMBL95,300.0,Nc1c2c(nc3ccccc13)CCCC2
2174,CHEMBL1669494,300.0,[Br-].[Br-].c1ccc2c[n+](Cc3ccc4ccc(C[n+]5ccc6ccccc6c5)cc4c3)ccc2c1
1577,CHEMBL1080274,300.0,CCCCCCOC(=O)[C@H](CCC(=O)NCCC1CCN(Cc2ccccc2)CC1)NC(=O)c1cc2ccsc2s1
6309,CHEMBL5282524,300.0,Cn1c2ccccc2c2cc[n+](-c3ccc(I)cc3)cc21
2521,CHEMBL659,300.0,COc1ccc2c3c1O[C@H]1C[C@@H](O)C=C[C@@]31CCN(C)C2
2295,CHEMBL1206,300.0,CCN(CC)C(C)CN1c2ccccc2Sc2ccccc21
2304,CHEMBL1206,300.0,CCN(CC)C(C)CN1c2ccccc2Sc2ccccc21
729,CHEMBL543217,300.0,COc1ccc(N(C)C(=O)Oc2ccc3c(c2)C(N)CC3)cc1.Cl
7155,CHEMBL4288850,300.0,NC(=O)c1sc(-c2ccnc(NC(=O)C3CC3)c2)nc1OCCNc1c2c(nc3ccccc13)CCCC2
6586,CHEMBL294264,300.0,O=C1c2ccccc2C(=O)c2c(O)c(O)cc(O)c21
16,CHEMBL334395,300.0,CCCSc1nc(-c2ccc(Cl)cc2)nn1C(=O)N(C)C
4351,CHEMBL95,300.0,Nc1c2c(nc3ccccc13)CCCC2
3202,CHEMBL95,300.0,Nc1c2c(nc3ccccc13)CCCC2
4328,CHEMBL3425895,300.0,CCn1c2ccccc2c2cc(/C=C/c3ccc4ccccc4[n+]3C)ccc21.[I-]
5139,CHEMBL4532806,300.0,Cc1ccc(-c2nc(NCC3CCN(Cc4cc(F)cc(F)c4)CC3)sc2-c2ccc(C)cc2)cc1
2,CHEMBL130628,300.0,O=C(N1CCCCC1)n1nc(-c2ccc(Cl)cc2)nc1SCC(F)(F)F
4732,CHEMBL4294609,300.0,O=C(NCCC1CCN(Cc2ccccc2)CC1)c1cc(=O)c2cc(O)ccc2[nH]1
1885,CHEMBL1083056,300.0,COc1cc2c(cc1OC)C(O)C(CC1CCN(c3ccccc3)CC1)C2
4650,CHEMBL4288850,300.0,NC(=O)c1sc(-c2ccnc(NC(=O)C3CC3)c2)nc1OCCNc1c2c(nc3ccccc13)CCCC2
6073,CHEMBL5175715,300.0,COc1ccc(OCC(=O)NCCN2CCN(Cc3ccccc3)CC2)cc1
2116,CHEMBL1642987,300.0,CC(C)(C)c1cc[n+](Cc2ccc(C[n+]3ccc(C(C)(C)C)cc3)cc2)cc1.[Br-].[Br-]
4751,CHEMBL4285601,300.0,COc1cc2oc(C(=O)OCC3CCN(Cc4ccccc4)CC3)cc(=O)c2cc1OC
3804,CHEMBL3781564,300.0,C[N+](C)(C)CCOC(=O)c1ccc(Oc2nc(Oc3ccc(C(=O)OCC[N+](C)(C)C)cc3)nc(Oc3ccc(C(=O)OCC[N+](C)(C)C)cc3)n2)cc1
2024,CHEMBL1173090,300.0,CC(C)c1ccc(NC(=O)Oc2ccc3c(c2)[C@]2(C)CC[N+](C)(CCc4ccccc4)C2N3C)cc1.[Br-]
4758,CHEMBL659,300.0,COc1ccc2c3c1O[C@H]1C[C@@H](O)C=C[C@@]31CCN(C)C2
7084,CHEMBL4634863,300.0,COc1ccc([C@H]2O[C@@H](O)[C@H]3[C@@H]2C(=O)O[C@@H]3c2cc(OC)c3c(c2)OCO3)cc1OC
3499,CHEMBL95,300.0,Nc1c2c(nc3ccccc13)CCCC2
2675,CHEMBL659,300.0,COc1ccc2c3c1O[C@H]1C[C@@H](O)C=C[C@@]31CCN(C)C2
2617,CHEMBL2206891,300.0,Nc1c2c(nc3c1C(c1ccccc1)c1ccc4ccccc4c1O3)CCCC2
925,CHEMBL340427,300.0,CNC(=O)Oc1cccc(CN(C)CCCOc2ccc3c(=O)c4ccccc4oc3c2)c1
2160,CHEMBL1669484,300.0,[Br-].[Br-].c1ccc2c[n+](CCCCCC[n+]3ccc4ccccc4c3)ccc2c1
3842,CHEMBL659,300.0,COc1ccc2c3c1O[C@H]1C[C@@H](O)C=C[C@@]31CCN(C)C2
6147,CHEMBL5174183,301.0,O=C(CN1CCN(Cc2ccccc2)CC1)Nc1n[nH]c2ncccc12
6171,CHEMBL5185354,301.0,CC(=O)Nc1ccc2nc3c(c(N4CCCCC4)c2c1)CCCC3
3277,CHEMBL3343711,301.1,CNc1ccc(/C=C2\Cc3cc(OC)c(OCCN4CCCCC4)cc3C2=O)cc1
2309,CHEMBL1784958,302.0,C[C@H](Cc1ccccc1)N(C)C(=O)Oc1cccc([C@H](C)N(C)C)c1.Cl
1149,CHEMBL413794,303.0,COc1ccc2oc(=O)c(-c3cccc(CN(C)Cc4ccccc4)c3)cc2c1
3391,CHEMBL3415560,303.0,O=C1c2ccccc2C(=O)N1CCCCCCCNCc1ccccc1
7037,CHEMBL6040839,304.0,COc1cc(N)c(I)cc1C(=O)CCC1CCN(CC2CCCCC2)CC1
6963,CHEMBL6040839,304.0,COc1cc(N)c(I)cc1C(=O)CCC1CCN(CC2CCCCC2)CC1
671,CHEMBL552832,305.0,Cl.O=C(CCC1CCN(Cc2ccccc2)CC1)c1ccccc1
1816,CHEMBL1082433,305.0,O=C(CCC1CCN(Cc2ccccc2)CC1)c1ccccc1
2249,CHEMBL1770555,305.0,O=C1C=C(NCCCCCCNCc2ccc(-c3nc4ccccc4s3)cc2)C(=O)C=C1NCCCCCCNCc1ccc(-c2nc3ccccc3s2)cc1
6742,CHEMBL95,305.87,Nc1c2c(nc3ccccc13)CCCC2
3295,CHEMBL3343924,306.0,O=C(NCCCCCCNc1c2c(nc3ccccc13)CCCC2)c1cc2c([nH]c3ccccc32)c(-c2ccc(F)cc2)n1
4455,CHEMBL4173405,307.5,COc1ccc2c(c1)CCC(Cc1cc[n+](Cc3cccc(C(F)(F)F)c3)cc1C(C)=O)C2=O.[Br-]
3731,CHEMBL3753706,308.0,O=C(NCCCCCCNc1c2c(nc3ccccc13)CCCCC2)c1cc2ccccc2o1
7044,CHEMBL6148509,308.9,COc1c(C(=O)CCC2CCN(CC3CCCCC3)CC2)cc(F)c(N)c1Br
1068,CHEMBL219405,309.0,CCOC(=O)C1=C(C)Nc2nc3c(c(N)c2C1c1ccc([N+](=O)[O-])cc1)CCCC3
1397,CHEMBL219405,309.0,CCOC(=O)C1=C(C)Nc2nc3c(c(N)c2C1c1ccc([N+](=O)[O-])cc1)CCCC3
2346,CHEMBL1819178,310.0,Clc1ccc2c(NCCCCCCCOc3ccc(-c4cc5ccccc5o4)cc3)c3c(nc2c1)CCCC3
224,CHEMBL308043,310.0,CN(C)C(=O)Oc1ccc2c(c1)[C@]1(C)CCN(C)[C@@H]1N2C
2799,CHEMBL2419686,310.0,N#Cc1cc(C#N)c(NCCC2CCN(Cc3ccccc3)CC2)nc1Cl
4652,CHEMBL4285481,310.0,CCOC(=O)c1sc(-c2ccnc(NC(=O)C3CC3)c2)nc1OCCNc1c2c(nc3ccccc13)CCCC2
5301,CHEMBL4747992,310.0,NC(=O)c1sc(-c2ccnc(NC(=O)C3CC3)c2)nc1OCCCC1CCN(Cc2ccc(F)cc2)CC1
1142,CHEMBL245046,310.0,COc1cc2cc(-c3ccc(CN(C)Cc4ccc(C)cc4)cc3)c(=O)oc2cc1OC
652,CHEMBL107673,310.0,CN(C)Cc1ccc(CSCCNc2cc(NCc3cccnc3)c([N+](=O)[O-])cc2[N+](=O)[O-])o1
4584,CHEMBL4213147,310.0,CCCNCC(=O)Nc1ccc2nc3n(c(=O)c2c1)CCC3
5055,CHEMBL4519239,311.0,CSc1ccc(C2SCC(=O)N2c2ccc3oc(=O)ccc3c2)cc1
5411,CHEMBL4781117,311.6,O=C(NCCCNc1c2c(nc3ccccc13)CCCC2)c1sc(-c2ccnc(NC(=O)C3CC3)c2)nc1OCC1CC1
3905,CHEMBL3827589,312.0,COc1ccc(-c2cc3ccc(OCCCN(C)Cc4cccc(OC(=O)NCCCCCc5ccccc5)c4)cc3oc2=O)cc1
5767,CHEMBL4845755,312.5,Cc1ccc(S(=O)(=O)SCc2ccc(F)cc2)cc1
188,CHEMBL337453,313.0,Nc1c2c(nc3cccc(Cl)c13)OCCC2
4501,CHEMBL4175384,314.0,CC[n+]1cc(C(=O)NC)cc2c(OC(=O)N(C)C)cccc21.[I-]
7040,CHEMBL6166890,316.6,Nc1ccc(C(=O)CCC2CCN(CC3CCCCC3)CC2)cc1
2515,CHEMBL95,317.0,Nc1c2c(nc3ccccc13)CCCC2
6764,CHEMBL5569423,317.48,O=C(NCCCCCNc1c2c(nc3cc(Br)ccc13)CCCC2)Oc1ccc2cc[nH]c2c1
1487,CHEMBL573102,318.0,C[C@@H]1CCC[C@H](C)N1S(=O)(=O)c1ccc(Cl)cc1
7039,CHEMBL6144808,318.0,Nc1ccc(C(=O)CCC2CCN(CC3CCCCC3)CC2)c(OCCF)c1
1843,CHEMBL1083789,319.0,NCCCCCCCNc1c2c(nc3ccccc13)CCCC2
3663,CHEMBL95,320.0,Nc1c2c(nc3ccccc13)CCCC2
6823,CHEMBL95,320.0,Nc1c2c(nc3ccccc13)CCCC2
6972,CHEMBL5833354,320.0,CON=C(CCC1CCN(CC2CCCCC2)CC1)c1cc(Cl)c(N)cc1OC
6556,CHEMBL5435163,320.0,c1cc2[nH]c3nc(NCCCCCCN4CCCC4)nnc3c2cc1N1CCCCC1
5782,CHEMBL95,320.0,Nc1c2c(nc3ccccc13)CCCC2
4740,CHEMBL4284591,320.0,COc1cc(OC)c2c(=O)cc(C(=O)NCCC3CCN(Cc4ccccc4)CC3)oc2c1
454,CHEMBL92629,320.0,c1ccc(CN2CCC(CNc3noc4ccccc34)CC2)cc1
6737,CHEMBL5523420,320.0,COc1cc2cc(C(=O)NCCC3CCN(Cc4ccccc4)CC3)[nH]c2cc1OC
1676,CHEMBL92629,320.0,c1ccc(CN2CCC(CNc3noc4ccccc34)CC2)cc1
5032,CHEMBL4556575,320.0,Cl.Cl.N[C@@H](Cc1c[nH]c2ccccc12)C(=O)NCCCCCNc1c2c(nc3ccccc13)CCCC2
5036,CHEMBL95,320.0,Nc1c2c(nc3ccccc13)CCCC2
926,CHEMBL189957,320.0,CNC(=O)Oc1cccc(CN(C)CCCCCCCOc2ccc3c(=O)c4ccccc4oc3c2)c1
5552,CHEMBL4786658,320.0,COc1cc2c(cc1OC)C(=O)/C(=C/c1ccc(N3CCN(C)CC3)cc1)C2
5475,CHEMBL95,320.0,Nc1c2c(nc3ccccc13)CCCC2
1903,CHEMBL94054,320.0,Cc1cc(-c2ccccc2)n[nH]c1=NCCC1CCN(Cc2ccccc2)CC1
5680,CHEMBL3914364,320.0,COc1cccc2c1C=[N+](c1ccc(Cl)cc1)CC2.[Br-]
5752,CHEMBL95,320.0,Nc1c2c(nc3ccccc13)CCCC2
861,CHEMBL92629,320.0,c1ccc(CN2CCC(CNc3noc4ccccc34)CC2)cc1
5557,CHEMBL4791075,320.0,COc1cc2c(cc1OC)C(=O)/C(=C/c1ccc(N3CC[N+](C)(Cc4cccc(Cl)c4)CC3)cc1)C2.[Br-]
4611,CHEMBL95,320.0,Nc1c2c(nc3ccccc13)CCCC2
3074,CHEMBL2011499,321.0,CC1=C[C@H]2Cc3nc4cc(Cl)ccc4c(N)c3[C@@H](C1)C2.Cl
6190,CHEMBL2021616,321.0,CC1=C[C@H]2Cc3nc4cc(Cl)ccc4c(N)c3[C@@H](C1)C2
3872,CHEMBL3819231,321.0,COc1cc(/C=C/C(=O)NCCC2CCN(Cc3ccccc3)CC2)cc(OC)c1O
6959,CHEMBL3417000,321.0,COc1cc(N)c(Cl)cc1C(=O)CCC1CCN(CC2CCCCC2C)CC1
3381,CHEMBL3417000,321.0,COc1cc(N)c(Cl)cc1C(=O)CCC1CCN(CC2CCCCC2C)CC1
3442,CHEMBL3582223,323.0,c1ncc(-c2cc3c(cn2)[nH]c2ncc(-c4ccc(CN5CCCCC5)cc4)cc23)o1
3706,CHEMBL3754480,323.0,O=C(NCCCCCCCNc1c2c(nc3ccccc13)CCCCC2)c1cc2ccccc2o1
566,CHEMBL54420,324.0,CC(C)c1ccc(NC(=O)Oc2ccc3c(c2)[C@]2(C)CCNC2N3C)cc1
3289,CHEMBL3343884,325.0,Cc1nc(C(=O)NCCCCNc2c3c(nc4ccccc24)CCCC3)cc2c1[nH]c1ccccc12
1274,CHEMBL271710,327.0,CCN(Cc1ccccc1)Cc1ccc(-c2cc3ccc(OCCNC(=O)CCc4ccc(F)c(F)c4)cc3oc2=O)cc1
3395,CHEMBL3415565,329.0,O=C1c2ccccc2C(=O)N1CCCCCCCNCc1ccccc1F
3474,CHEMBL3586610,330.0,CN(Cc1ccc(COc2ccc3c(CO)cc(=O)oc3c2)cc1)Cc1cccc(Cl)c1.Cl
2992,CHEMBL3133433,330.0,Cn1ncc2c1-c1c(Br)sc(Br)c1C2NC(=O)CN1CCN(Cc2ccccc2)CC1
2613,CHEMBL2206895,330.0,COc1cc(C2c3ccc4ccccc4c3Oc3nc4c(c(N)c32)CCCC4)ccc1O
802,CHEMBL275537,330.0,CN(C)Cc1ccc(CSCCCSCc2ccc(CN(C)C)o2)o1
3738,CHEMBL95,330.0,Nc1c2c(nc3ccccc13)CCCC2
144,CHEMBL76241,330.0,CNC(=O)Oc1ccc2c(c1)[C@]1(C)CCN(Cc3ccccc3)C1N2C
219,CHEMBL74257,330.0,CNC(=O)Oc1ccc2c(c1)[C@]1(C)CCN(Cc3ccccc3)[C@@H]1N2C
5920,CHEMBL5090153,330.0,CN(Cc1ccc(COc2ccc3c(CO)cc(=O)oc3c2)cc1)Cc1cccc(F)c1
202,CHEMBL60074,330.0,COc1ccc(C(=O)COc2cccc([N+](C)(C)Cc3ccccc3)c2)cc1OC.[Br-]
2412,CHEMBL95,330.0,Nc1c2c(nc3ccccc13)CCCC2
2053,CHEMBL1243203,330.0,CN1CC[C@@]2(C)c3cc(OC(=O)Nc4ccccc4)ccc3N(C=O)[C@@H]12
1652,CHEMBL75127,331.0,O=C(CCC1CCN(Cc2ccccc2F)CC1)c1ccc2c(c1)NCCCC2
1655,CHEMBL420378,333.0,O=C(CCC1CCN(Cc2cccc(Cl)c2)CC1)c1ccc2c(c1)NCCCC2
4060,CHEMBL3949770,333.0,CCOC(=O)C1=C(C)Nc2nc3c(c(N)c2C1c1cccc([N+](=O)[O-])c1)CC(Cl)(Cl)CC3
3425,CHEMBL3582201,333.0,N#Cc1cc2c(cn1)[nH]c1ncc(-c3ccc(CN4CCCCC4)cc3)cc12
7228,CHEMBL6176118,334.0,Cc1csc(-c2ccc3nc4c(c(N)c3c2)CCCC4)c1
168,CHEMBL133520,335.0,Nc1c2c(nc3cccc(F)c13)OCCC2
6528,CHEMBL5394683,336.5,CC(C)N(C(=O)Oc1ccc2c(CN(C)CCC3CCCCCC3)c[nH]c2c1)C(C)C
3883,CHEMBL3818782,337.0,O=C(/C=C/c1ccc([N+](=O)[O-])cc1)NCCC1CCN(Cc2ccccc2)CC1
1070,CHEMBL219400,338.0,CCOC(=O)C1=C(C)Nc2nc3c(c(N)c2C1c1ccccc1[N+](=O)[O-])CCCC3
1399,CHEMBL219400,338.0,CCOC(=O)C1=C(C)Nc2nc3c(c(N)c2C1c1ccccc1[N+](=O)[O-])CCCC3
3877,CHEMBL3819383,339.0,COc1cc(/C=C/C(=O)NCCC2CCN(Cc3ccccc3)CC2)ccc1OC(C)=O
3463,CHEMBL3586582,340.0,Cc1c(C)c2ccc(OCCCCCCN(C)Cc3ccccc3)cc2oc1=O
1680,CHEMBL329531,340.0,c1ccc(CN2CCC(CCc3ncnc4ccccc34)CC2)cc1
2590,CHEMBL2160226,340.0,CNC(=O)Oc1cccc(CN(C)CCCCCCCOc2ccc(-c3oc4ccccc4c3C(=O)c3ccc(C)cc3)cc2)c1
905,CHEMBL362350,340.0,C=[N+]1N=C(CCC2CCN(Cc3ccccc3)CC2)c2ccccc21
1737,CHEMBL141622,340.0,O=C(Nc1cccc2c1C(=O)N(CCC1CCN(Cc3ccccc3)CC1)C2=O)c1ccccc1
447,CHEMBL329531,340.0,c1ccc(CN2CCC(CCc3ncnc4ccccc34)CC2)cc1
6040,CHEMBL5204934,340.0,Cc1cccc2sc(NC(=O)CCN3CCN(CC4CCCCC4)CC3)nc12
6519,CHEMBL5431791,340.3,C#CCN(C)C(=O)Oc1cccc2c(CN(C)CCC3CCCCCC3)c[nH]c12
5228,CHEMBL4746559,341.0,c1ccc(-c2nnc(N3CCN(c4ccccn4)CC3)o2)cc1
3852,CHEMBL3819220,342.0,COc1ccc2c(c1)C(=O)/C(=C/C1CCN(Cc3ccccc3)CC1)C2
2730,CHEMBL2375483,344.0,Brc1cccc(-c2nnc3sc(-c4ccoc4)nn23)c1
5743,CHEMBL4857969,347.0,Cc1ccc2c(N)c3c(nc2c1)CCC3.Cl
6253,CHEMBL5267000,348.0,O=C1/C(=C/c2ccc(OCCN3CCCCC3)cc2)Oc2ccccc21
3320,CHEMBL3356539,348.0,COc1ccc2nc3c(c(NCCCNC4=CC(=O)c5c(O)cccc5C4=O)c2c1)CCCC3
4958,CHEMBL1929421,350.0,C#CCN(C)Cc1cc2cc(OCCCC3CCN(Cc4ccccc4)CC3)ccc2n1C
6585,CHEMBL812,350.0,CN(C)C(=O)Oc1ccc[n+](C)c1.[Br-]
6482,CHEMBL659,350.0,COc1ccc2c3c1O[C@H]1C[C@@H](O)C=C[C@@]31CCN(C)C2
308,CHEMBL54727,350.0,CN1CC[C@@]2(C)c3cc(OC(=O)Nc4ccccc4)ccc3N(C)C12
213,CHEMBL74950,350.0,COc1ccc(NC(=O)Oc2ccc3c(c2)[C@]2(C)CCN(C)[C@@H]2N3C)cc1
2241,CHEMBL659,350.0,COc1ccc2c3c1O[C@H]1C[C@@H](O)C=C[C@@]31CCN(C)C2
1578,CHEMBL95,350.0,Nc1c2c(nc3ccccc13)CCCC2
1866,CHEMBL60167,350.0,Nc1c2c(nc3ccccc13)-c1ccccc1C2
3632,CHEMBL659,350.0,COc1ccc2c3c1O[C@H]1C[C@@H](O)C=C[C@@]31CCN(C)C2
1500,CHEMBL569978,350.0,COc1ccc2c3c1O[C@H]1C[C@@H](O)C=C[C@@]31CCN(CCCN1CCCCC1)C2
367,CHEMBL302842,350.0,COc1ccc2c(N)c3c(nc2c1)CCCC3
1933,CHEMBL302842,350.0,COc1ccc2c(N)c3c(nc2c1)CCCC3
3906,CHEMBL812,350.0,CN(C)C(=O)Oc1ccc[n+](C)c1.[Br-]
6926,CHEMBL5639721,350.0,COc1ccc(-c2cc(-c3ccc(Br)cc3)nc3[nH]nc(N)c23)cc1
1612,CHEMBL1083064,350.0,CNC(=O)Oc1cccc(-c2cn3ccccc3[n+]2C)c1.[I-]
2011,CHEMBL95,350.0,Nc1c2c(nc3ccccc13)CCCC2
3966,CHEMBL3291019,350.0,C#CCN(Cc1ccc(O)c2ncccc12)C(C#N)CCC1CCN(Cc2ccccc2)CC1
6275,CHEMBL5277364,350.0,COc1cc2c(cc1OC)/C(=N\NC(=O)C(CC(C)C)NC(=O)C(C)c1ccc(CC(C)C)cc1)C(CC1CCN(Cc3ccccc3)CC1)C2
6291,CHEMBL659,350.0,COc1ccc2c3c1O[C@H]1C[C@@H](O)C=C[C@@]31CCN(C)C2
1327,CHEMBL659,350.0,COc1ccc2c3c1O[C@H]1C[C@@H](O)C=C[C@@]31CCN(C)C2
5246,CHEMBL4765163,350.0,CCn1cc(CNCc2c[nH]nc2-c2ccc(-c3ccccc3)cc2)cn1
2986,CHEMBL3127003,350.0,CCN(CCCCOc1ccc(-c2coc3cc(OCCCCN(CC)Cc4ccccc4OC)cc(O)c3c2=O)cc1)Cc1ccccc1OC
6177,CHEMBL5182776,350.0,CCCCC1OC(=O)c2cc(OCc3ccc(CN(CC)CC)c(O)c3)ccc21
2524,CHEMBL95,350.0,Nc1c2c(nc3ccccc13)CCCC2
1300,CHEMBL259264,350.0,OCCC1CCN(Cc2ccc(OCCCN3CCCCC3)cc2)CC1
3561,CHEMBL812,350.0,CN(C)C(=O)Oc1ccc[n+](C)c1.[Br-]
2625,CHEMBL2238000,350.0,Nc1c2c(nc3nc(-c4ccccc4)cc(C(F)(F)F)c13)CCCC2
990,CHEMBL95,350.0,Nc1c2c(nc3ccccc13)CCCC2
2607,CHEMBL95,350.0,Nc1c2c(nc3ccccc13)CCCC2
4656,CHEMBL95,350.0,Nc1c2c(nc3ccccc13)CCCC2
1205,CHEMBL241536,351.0,C[C@@H]([C@H]1[C@H](O)C[C@@]2(C)[C@@H]3CC[C@@H]4C(=CC[C@@H]5N=C(C(C)(C)C)OC[C@]54C)C[C@H]3C(=O)C[C@]12C)N(C)C
4538,CHEMBL4217466,352.0,Cc1cc(=O)oc2cc(OCc3cc[n+](Cc4ccccc4)cc3)ccc12.[Br-]
4246,CHEMBL659,355.0,COc1ccc2c3c1O[C@H]1C[C@@H](O)C=C[C@@]31CCN(C)C2
3553,CHEMBL3604195,357.0,CN(C)c1ccc(C(=O)NCCCCCNc2c3c(nc4ccccc24)CCCC3)cc1.Cl
5856,CHEMBL4862811,358.0,O=C(NC1CCN(Cc2ccccc2)CC1)c1cncc(NC(=O)c2ccnc3[nH]ccc23)c1
5573,CHEMBL4783427,360.0,CCN(CCCCOc1ccc(-c2cc(=O)c3c(O)cc(OCCCCN(CC)Cc4ccccc4)cc3o2)cc1)Cc1ccccc1
172,CHEMBL263198,360.0,Nc1c2c(nc3c1CCCC3)CCCC2
5131,CHEMBL4559797,360.0,COc1ccc(-c2nc(NCC3CCN(Cc4c(F)cccc4Cl)CC3)sc2-c2ccc(OC)cc2)cc1
2071,CHEMBL1257766,360.0,CCCCCCCCNc1c2c(nc3ccc(OC)cc13)CCCC2.Cl
821,CHEMBL369554,360.0,CCNC(=O)Oc1ccc2c(c1)C1(C)CCOC1O2
4987,CHEMBL4474399,360.0,Cc1ccc2oc(-c3ccc(OCCCCCCN4CCCCC4)cc3)cc(=O)c2c1
2013,CHEMBL812,360.0,CN(C)C(=O)Oc1ccc[n+](C)c1.[Br-]
3653,CHEMBL3410954,360.0,Cc1c(C)c2c(c(C)c1O)CCC(C)(C(=O)NCCCCCCNc1c3c(nc4ccccc14)CCCC3)O2
3340,CHEMBL3402707,361.0,CN(CCCCCN1C(=O)c2ccccc2C1=O)Cc1ccccc1.Cl
3882,CHEMBL3818990,362.0,O=C(/C=C/c1ccc(Cl)cc1)NCCC1CCN(Cc2ccccc2)CC1
1054,CHEMBL219911,365.0,COc1cc(CCC(=O)NNc2c3c(nc4ccccc24)CCCC3)cc(OC)c1OC
1144,CHEMBL243130,366.0,COc1cc2cc(-c3ccc(CN(C)Cc4ccccc4C)cc3)c(=O)oc2cc1OC
1485,CHEMBL575620,368.0,Cc1ccc(S(=O)(=O)N2[C@H](C)CCC[C@@H]2C)cc1
1146,CHEMBL242905,368.0,COc1cc2cc(-c3ccc(CN(C)Cc4cccc([N+](=O)[O-])c4)cc3)c(=O)oc2cc1OC
7141,CHEMBL6176254,369.83,COc1ccc2c3c1O[C@H]1C[C@@H](OC(=O)NC4CCN(Cc5ccccc5)CC4)C=C[C@@]31CCN(C)C2
672,CHEMBL318517,370.0,CN(C)Cc1ccc(CSCCNc2cc(NCCCN3CCOCC3)c([N+](=O)[O-])cc2[N+](=O)[O-])o1
5553,CHEMBL4800260,370.0,COc1cc2c(cc1OC)C(=O)/C(=C/c1ccc(N3CC[N+](C)(Cc4ccccc4)CC3)cc1)C2.[Cl-]
7227,CHEMBL6164758,370.0,Nc1c2c(nc3ccc(-c4ccc(Cl)s4)cc13)CCCC2
4736,CHEMBL4291372,370.0,COc1ccc2oc(C(=O)NCCCC3CCN(Cc4ccccc4)CC3)cc(=O)c2c1
5124,CHEMBL4516508,370.0,Fc1ccc(CN2CCC(Nc3nc(-c4ccc(Cl)cc4)c(-c4ccc(Cl)cc4)s3)CC2)c(Cl)c1
7203,CHEMBL6177119,370.0,O=C(NCCC1CCN(Cc2ccccc2)CC1)c1coc2cc(OCc3ccccc3)ccc2c1=O
1425,CHEMBL468001,370.0,COc1ccc(C2C3=C(CC(C)(C)CC3=O)Nc3nc4c(c(N)c32)CCCC4)cc1
57,CHEMBL154366,370.0,CC1CCCN(Cc2ccc(CNCCN3CCNC3=C(C#N)C#N)o2)C1
2612,CHEMBL2206896,370.0,COc1ccc(C2c3ccc4ccccc4c3Oc3nc4c(c(N)c32)CCCC4)c(OC)c1
5138,CHEMBL4549453,370.0,Cc1ccc(-c2nc(NCC3CCN(Cc4ccc(F)cc4)CC3)sc2-c2ccc(C)cc2)cc1
65,CHEMBL152260,370.0,N#CC(C#N)=C1NCCN1CCNCc1ccc(CN2CCCC(O)C2)o1
4518,CHEMBL95,374.0,Nc1c2c(nc3ccccc13)CCCC2
1646,CHEMBL310467,376.0,CCN1CCCCc2ccc(C(=O)CCC3CCN(Cc4ccccc4)CC3)cc21
3673,CHEMBL3642047,377.54,CC(=O)NCCc1c[nH]c2ccc(OC(=O)NCCCCNc3c4c(nc5ccccc35)CCCC4)cc12
3431,CHEMBL3582207,378.0,N#Cc1cc2c(cn1)[nH]c1ncc(-c3ccc(CN4CCC(O)CC4)cc3)cc12
1403,CHEMBL470715,378.0,CCOC(=O)C1=C(C)Nc2nc3c(c(N)c2[C@@H]1c1ccc(OC)cc1)CCCC3
4444,CHEMBL4166464,378.8,COc1ccc2c(c1)CCC(Cc1cc[n+](Cc3ccccc3Cl)cc1C(N)=O)C2=O.[Br-]
1533,CHEMBL599058,380.0,CCN(CC)CCCCCCOc1ccc2c(c1)C(=O)/C(=C/c1ccc(CN(C)Cc3ccccc3)cc1)C2
6436,CHEMBL5278087,380.0,Cc1ccc(-c2noc(-c3cccc(OCC4CCN(Cc5cccc(F)c5)CC4)c3)n2)cn1
511,CHEMBL153848,380.0,COc1cc2c(cc1OC(C)C)CC(C)C2=O
548,CHEMBL440185,380.0,COc1cc2c(c(OC)c1OC)C(=O)C(C)C2
535,CHEMBL156487,380.0,COc1cc2c(cc1O)CC(C)C2=O
528,CHEMBL155191,380.0,CC1Cc2ccccc2C1=O
2455,CHEMBL1929421,380.0,C#CCN(C)Cc1cc2cc(OCCCC3CCN(Cc4ccccc4)CC3)ccc2n1C
541,CHEMBL155499,380.0,CC1Cc2ccc(F)cc2C1=O
6572,CHEMBL5414511,380.0,COC(=O)/C=C/C(=O)Nc1ccc(OCCCCSC(=S)N2CCCCC2C)cc1
872,CHEMBL189283,380.0,COc1cc2cc(C(=O)CC3CCC(O)C[N+](C)(Cc4ccccc4)CC3)sc2cc1OC
510,CHEMBL347023,380.0,COc1ccc2c(c1)C(=O)C(C)C2
63,CHEMBL66309,380.0,CN1CC[C@@]2(C)c3cc(OC(=O)NCCCCCCCN4CCOCC4)ccc3N(C)[C@@H]12
556,CHEMBL157327,380.0,Cc1ccc2c(c1)C(=O)C(C)C2
551,CHEMBL154848,380.0,COc1cc2c(cc1OC)C(=O)C(C)C2
537,CHEMBL423419,380.0,COc1ccc(OC)c2c1CC(C)C2=O
5559,CHEMBL4784191,380.0,COc1cc2c(cc1OC)C(=O)/C(=C/c1ccc(N3CC[N+](C)(Cc4ccccn4)CC3)cc1)C2.[Cl-]
109,CHEMBL441808,380.0,COc1cc2cc(C(=O)CC(O)CCC3CC[N+](C)(Cc4ccccc4)CC3)sc2cc1OC.[Br-]
555,CHEMBL158242,380.0,CCOc1cc2c(cc1OCC)C(=O)C(C)C2
5304,CHEMBL4794823,380.0,NC(=O)c1sc(-c2ccnc(NC(=O)C3CC3)c2)nc1OCCCC1CCN(Cc2ccccc2)CC1
527,CHEMBL422695,380.0,CC1Cc2cc3c(cc2C1=O)OCO3
5926,CHEMBL4598256,380.0,Cc1c(C)c2ccc(OCC3CCN(Cc4ccccc4)CC3)cc2oc1=O
5189,CHEMBL2314726,380.0,COc1cc2cc(NC(=O)[C@H]3CCC[C@@H](NCc4ccccc4)C3)c(=O)oc2cc1OC
525,CHEMBL347667,380.0,COc1cc2c(cc1O)C(=O)C(C)C2
532,CHEMBL350916,380.0,COc1ccc2c(c1OC)C(=O)C(C)C2
517,CHEMBL352247,380.0,Cc1cccc2c1CC(C)C2=O
508,CHEMBL152826,380.0,COc1cc2c(c(OC)c1)C(=O)C(C)C2
559,CHEMBL155371,380.0,COc1ccc2c(c1OC)CC(C)C2=O
531,CHEMBL422338,380.0,COc1cccc2c1CC(C)C2=O
479,CHEMBL32453,381.0,CCCCCCCNC(=O)Oc1ccc2c(c1)[C@@H]1CCN(CC)C1C2
1697,CHEMBL1086090,381.0,CCCCCCCNC(=O)Oc1ccc2c(c1)[C@@H]1CCN(CC)[C@@H]1C2
3402,CHEMBL3415575,381.0,O=C1c2ccccc2C(=O)N1CCCCCCCNCc1ccc(F)cc1F
6759,CHEMBL5568668,381.73,O=C(NCCCCCCNc1c2c(nc3ccccc13)CCCC2)Oc1ccc2cc[nH]c2c1
2882,CHEMBL95,383.0,Nc1c2c(nc3ccccc13)CCCC2
1191,CHEMBL397891,383.5,CCCCC1=NC2(CCCC2)C(=O)N1Cc1ccc(-c2ccccc2-n2nnnc2C(c2ccccc2)(c2ccccc2)c2ccccc2)cc1
6745,CHEMBL5571160,385.33,C[C@@H](c1cccc(OC(=O)NCCCNc2c3c(nc4ccccc24)CCCC3)c1)N(C)C
1048,CHEMBL219262,386.0,COc1cc(C(=O)NNc2c3c(nc4ccccc24)CCCC3)cc(OC)c1OC
2051,CHEMBL1241457,387.5,CCNC(=O)Oc1ccc2c(c1)C1(C)COC(O2)O1
334,CHEMBL99581,387.5,CNC(=O)Oc1ccc2c(c1)[C@]1(C)CCN(C)C1N2C=O
360,CHEMBL61849,390.0,CCCCCCCNc1c2c(nc3ccc(C)cc13)CCCC2
32,CHEMBL154689,390.0,CN(C)Cc1ccc(CNCCN2CCNC2=C(C#N)C#N)o1
2578,CHEMBL2088780,390.0,N#Cc1c(N)nc(NCCC2CCN(Cc3ccccc3)CC2)c(C#N)c1-c1ccccc1
1942,CHEMBL61849,390.0,CCCCCCCNc1c2c(nc3ccc(C)cc13)CCCC2
31,CHEMBL345849,390.0,N#CC(C#N)=C1NCCN1CCNCc1ccc(CN2CCC(O)CC2)o1
88,CHEMBL87959,390.0,COc1cc2cc(C(=O)CCC3CC[N+](C)(CCOc4ccccc4)CC3)sc2cc1OC.[Br-]
2786,CHEMBL2413736,390.0,Cc1ccc2[nH]c(-c3ccc(OCCN4CCCCC4)cc3)nc2c1
3954,CHEMBL3818089,390.0,COc1cc(/C=C/C(=O)NCCC2CCN(Cc3ccccc3)CC2)ccc1O
1657,CHEMBL307832,390.0,O=C(CCC1CCN(Cc2cccc([N+](=O)[O-])c2)CC1)c1ccc2c(c1)NCCCC2
3903,CHEMBL3827064,390.0,CN(CCCOc1ccc2c(c1)oc(=O)c1ccccc12)Cc1cccc(OC(=O)NCCCCCc2ccccc2)c1
882,CHEMBL188917,390.0,COc1cc2cc(C(=O)C3CCC[N+](C)(CCOc4ccccc4)CC3)sc2cc1OC
3279,CHEMBL3343713,390.2,CCCN(C)c1ccc(/C=C2\Cc3cc(OC)c(OCCN4CCCCC4)cc3C2=O)cc1
7168,CHEMBL4797355,392.0,O=c1c2ccccc2oc2ccc(OCCCCCN3CCCCCC3)cc12
1484,CHEMBL575619,392.0,C[C@@H]1CCC[C@H](C)N1S(=O)(=O)c1ccccc1
5397,CHEMBL4797355,392.0,O=c1c2ccccc2oc2ccc(OCCCCCN3CCCCCC3)cc12
1654,CHEMBL76384,393.0,O=C(CCC1CCN(Cc2ccc(F)cc2)CC1)c1ccc2c(c1)NCCCC2
924,CHEMBL363557,393.0,CCNC(=O)Oc1cccc2c1CCC1CCN(C)C21
5413,CHEMBL4758531,393.6,CC(=O)Nc1cc(-c2nc(OCC3CC3)c(C(=O)NCCCNc3c4c(nc5ccccc35)CCCC4)s2)ccn1
7049,CHEMBL5791030,395.0,CCOc1cc(N)c(Cl)cc1C(=O)CCC1CCN(CC2CCCCC2)CC1
6970,CHEMBL5791030,395.0,CCOc1cc(N)c(Cl)cc1C(=O)CCC1CCN(CC2CCCCC2)CC1
3180,CHEMBL3322156,398.0,CN(CCC(=O)NCCCNc1c2c(nc3ccccc13)CCCC2)C1CCCCC1
4379,CHEMBL4090751,398.1,O=C1C(=O)N(C(=O)c2ccccc2)c2ccc(CNc3ccc(Br)cc3)cc21
7138,CHEMBL6177357,399.37,COc1ccc2c3c1O[C@H]1C[C@@H](OC(=O)NC4CCN(Cc5ccc(F)cc5)CC4)C=C[C@@]31CCN(C)C2
4342,CHEMBL4066392,400.0,CCN(CC)c1ccc(/C=C/c2ccc3ccccc3[n+]2C)cc1.[I-]
4618,CHEMBL395280,400.0,C/C=C1\[C@H]2C=C(C)C[C@]1(N)c1ccc(=O)[nH]c1C2
4896,CHEMBL95,400.0,Nc1c2c(nc3ccccc13)CCCC2
2411,CHEMBL81,400.0,O=C(c1ccc(OCCN2CCCCC2)cc1)c1c(-c2ccc(O)cc2)sc2cc(O)ccc12
1780,CHEMBL1083976,400.0,CCCCCCNC(=O)Oc1cccc(CN(CCC)CCCOc2ccc3c(=O)c4ccccc4oc3c2)c1
6274,CHEMBL5288918,400.0,COc1cc2c(cc1OC)/C(=N\NC(=O)C(NC(=O)C(C)c1ccc(CC(C)C)cc1)C(C)C)C(CC1CCN(Cc3ccccc3)CC1)C2
5078,CHEMBL4591417,400.0,Cc1cc(Nc2nccc(-c3sc(C4CCNCC4)nc3-c3ccc(F)cc3)n2)ccn1
5140,CHEMBL4532372,400.0,Cc1ccc(-c2nc(NCC3CCN(Cc4ccccc4C(F)(F)F)CC3)sc2-c2ccc(C)cc2)cc1
1559,CHEMBL225689,400.0,[Br-].[Br-].c1cc[n+](CCCCCCCCCC[n+]2ccccc2)cc1
2787,CHEMBL2413735,400.0,Cc1ccc2[nH]c(-c3ccc(OCCN4CCCC4)cc3)nc2c1
2616,CHEMBL2206892,400.0,Cc1ccc(C2c3ccc4ccccc4c3Oc3nc4c(c(N)c32)CCCC4)cc1
70,CHEMBL294891,400.0,C/C=C1\C2C=C(C(F)(F)F)CC1(N)c1ccc(O)nc1C2
7257,CHEMBL6192902,400.0,O=C(NNC(=S)Nc1ccccc1[N+](=O)[O-])c1sccc1Cl
3374,CHEMBL85251,403.0,CCCCN1CCC(CCC(=O)c2cc(Cl)c(N)cc2OC)CC1
4676,CHEMBL85251,403.0,CCCCN1CCC(CCC(=O)c2cc(Cl)c(N)cc2OC)CC1
2307,CHEMBL1784956,404.0,C[C@H](Cc1ccccc1)NC(=O)Oc1cccc([C@H](C)N(C)C)c1.Cl
7140,CHEMBL6163761,405.8,COc1ccc2c3c1O[C@H]1C[C@@H](OC(=O)NC4CCN(Cc5ccccc5F)CC4)C=C[C@@]31CCN(C)C2
6036,CHEMBL5194197,410.0,Cc1cccc2sc(NC(=O)CCN3CCN(CCCN(C)C)CC3)nc12
5144,CHEMBL4570156,410.0,COc1ccc(-c2nc(NC(=O)C3CCN(Cc4c(F)cccc4Cl)CC3)sc2-c2ccc(OC)cc2)cc1
6969,CHEMBL5755069,411.0,Nc1cc(O)c(C(=O)CCC2CCN(CC3CCCCC3)CC2)cc1Cl
7048,CHEMBL5755069,411.0,Nc1cc(O)c(C(=O)CCC2CCN(CC3CCCCC3)CC2)cc1Cl
3876,CHEMBL3819548,411.0,O=C(/C=C/c1ccccc1)NCCC1CCN(Cc2ccccc2)CC1
6143,CHEMBL95,412.0,Nc1c2c(nc3ccccc13)CCCC2
4978,CHEMBL95,412.0,Nc1c2c(nc3ccccc13)CCCC2
6877,CHEMBL95,412.0,Nc1c2c(nc3ccccc13)CCCC2
4895,CHEMBL95,412.0,Nc1c2c(nc3ccccc13)CCCC2
5746,CHEMBL4859128,415.0,Cc1cccc2nc3c(c(N)c12)CCC3.Cl
4471,CHEMBL4160696,415.0,COc1cc2c(cc1OC)C(=O)C(CC1C=CN(Cc3ccccc3)C=C1C(C)=O)CC2
6504,CHEMBL95,415.0,Nc1c2c(nc3ccccc13)CCCC2
3709,CHEMBL3754146,416.0,COc1cccc2cc(C(=O)NCCCCCCCNc3c4c(nc5ccccc35)CCCCC4)oc12
7139,CHEMBL6175088,418.97,COc1ccc2c3c1O[C@H]1C[C@@H](OC(=O)NC4CCN(Cc5cccc(F)c5)CC4)C=C[C@@]31CCN(C)C2
3751,CHEMBL3764376,420.0,N#CC1=C(N)N2CCCNC2=C([N+](=O)[O-])C12C(=O)Nc1ccc(F)cc12
7255,CHEMBL6190088,420.0,O=C(/C=C/c1cccs1)c1ccc(OCCCCBr)cc1
5265,CHEMBL95,420.0,Nc1c2c(nc3ccccc13)CCCC2
845,CHEMBL367571,420.0,COC1=CC(=O)[C@]2(C)[C@]3(O)Cc4c(cc(-c5cc(OC)c(OC)c(OC)c5)oc4=O)O[C@]3(C)CC[C@]2(O)C1(C)C
923,CHEMBL187385,420.0,CCNC(=O)Oc1cccc2c1OCC1CCN(C)C21
2542,CHEMBL95,420.0,Nc1c2c(nc3ccccc13)CCCC2
6303,CHEMBL5283780,420.0,Cc1ccc2c(c1)c1cc[n+](-c3ccccc3)cc1n2C
1254,CHEMBL95,420.0,Nc1c2c(nc3ccccc13)CCCC2
6326,CHEMBL5283780,420.0,Cc1ccc2c(c1)c1cc[n+](-c3ccccc3)cc1n2C
3412,CHEMBL95,420.32,Nc1c2c(nc3ccccc13)CCCC2
6758,CHEMBL5574879,421.09,O=C(NCCCCCNc1c2c(nc3ccccc13)CCCC2)Oc1ccc2cc[nH]c2c1
6251,CHEMBL3416658,422.0,COc1cc(/C=C2\Oc3cc(OCCN4CCCCC4)ccc3C2=O)cc(OC)c1OC
4416,CHEMBL95,424.0,Nc1c2c(nc3ccccc13)CCCC2
4999,CHEMBL95,424.0,Nc1c2c(nc3ccccc13)CCCC2
1218,CHEMBL95,424.0,Nc1c2c(nc3ccccc13)CCCC2
1411,CHEMBL95,424.0,Nc1c2c(nc3ccccc13)CCCC2
2975,CHEMBL95,424.0,Nc1c2c(nc3ccccc13)CCCC2
963,CHEMBL95,424.0,Nc1c2c(nc3ccccc13)CCCC2
835,CHEMBL95,424.0,Nc1c2c(nc3ccccc13)CCCC2
1159,CHEMBL95,424.0,Nc1c2c(nc3ccccc13)CCCC2
3732,CHEMBL3752451,424.0,O=C(NCCCCCCNc1c2c(nc3ccccc13)CCCC2)c1cc2ccccc2o1
3724,CHEMBL95,424.0,Nc1c2c(nc3ccccc13)CCCC2
615,CHEMBL142816,425.0,CCC1=CC2Cc3nc4ccc(Cl)cc4c(N)c3C(C1)C2
4965,CHEMBL95,425.6,Nc1c2c(nc3ccccc13)CCCC2
3278,CHEMBL3343712,426.0,CCN(C)c1ccc(/C=C2\Cc3cc(OC)c(OCCN4CCCCC4)cc3C2=O)cc1
4192,CHEMBL4061527,428.0,COc1cc2c(cc1OC)C(=O)C(CC1C=CN(Cc3ccccc3C)C=C1C(C)=O)C2
177,CHEMBL133448,429.0,Nc1c2c(nc3ncccc13)CCCC2
4477,CHEMBL95,430.0,Nc1c2c(nc3ccccc13)CCCC2
3418,CHEMBL3577517,430.0,CCN(CCCCCCOc1ccc(-c2cc(=O)c3c(OC)c(OC)c(OC)cc3o2)cc1)Cc1ccccc1OC
33,CHEMBL346733,430.0,CCN(C)Cc1ccc(CNCCN2CCNC2=C(C#N)C#N)o1
7120,CHEMBL6164227,430.0,Cc1cccc(-c2nccc(N3CCOCC3)n2)c1
1904,CHEMBL90241,430.0,CC(C)c1cc(-c2ccccc2)n[nH]c1=NCCC1CCN(Cc2ccccc2)CC1
5564,CHEMBL4798336,430.0,C=CC[N+]1(C)CCN(c2ccc(/C=C3\Cc4cc(OC)c(OC)cc4C3=O)cc2)CC1.[Cl-]
3145,CHEMBL3353042,431.0,CC1=C[C@H]2Cc3nc4cc(Cl)ccc4c(NCCCCCCCCCCCCNc4c5c(nc6cc(Cl)ccc46)C[C@@H]4C=C(C)C[C@H]5C4)c3[C@@H](C1)C2
3364,CHEMBL95,435.1,Nc1c2c(nc3ccccc13)CCCC2
6709,CHEMBL5542397,436.0,COc1cc2ncnc(N3CCN(C(c4ccccc4)c4ccccc4)CC3)c2cc1OC
605,CHEMBL539072,436.0,CC1=CC2CC(C1)Cc1nc3ccccc3c(N)c12.Cl
3399,CHEMBL3415570,437.0,O=C1c2ccccc2C(=O)N1CCCCCCCNCc1ccc(F)cc1
5112,CHEMBL4575167,440.0,FC(F)(F)c1ccc(/C=N/C2CCN(Cc3ccccc3)CC2)cc1
6155,CHEMBL5203109,440.0,Cc1ccc2nc3c(c(N4CCN(C)CC4)c2c1)CCCC3
647,CHEMBL106932,440.0,CC(C)=NNc1cc(NCCSCc2ccc(CN(C)C)o2)c([N+](=O)[O-])cc1[N+](=O)[O-]
1726,CHEMBL336686,440.0,COc1ccc(CN2CCC(CCN3C(=O)c4ccc([N+](=O)[O-])cc4C3=O)CC2)cc1
1576,CHEMBL1076260,440.0,CCCCCCOC(=O)[C@H](CCC(=O)NCCC1CCN(Cc2ccccc2)CC1)NC(=O)c1cc2cccnc2s1
3464,CHEMBL3586583,440.0,CCN(CCCCCCOc1ccc2c(C)c(C)c(=O)oc2c1)Cc1ccccc1.Cl
1908,CHEMBL91774,440.0,c1ccc(CN2CCC(CCN=c3[nH]nc(-c4ccccc4)c4ccccc34)CC2)cc1
3628,CHEMBL3628185,440.0,COc1ccc2[nH]cc(CCNC(=O)CCc3cc[n+](Cc4cccc(F)c4)cc3)c2c1.[Br-]
7225,CHEMBL6173740,444.0,Nc1c2c(nc3ccc(-c4ccsc4)cc13)CCCC2
6950,CHEMBL5945921,445.0,CCCCN1CCC(CCC(=O)c2cc(Br)ccc2OC)CC1
3900,CHEMBL95,450.0,Nc1c2c(nc3ccccc13)CCCC2
3468,CHEMBL3586595,450.0,Cc1c(C)c2ccc(OCc3ccc(CN(C)Cc4ccccc4)cc3)cc2oc1=O.Cl
4731,CHEMBL4282527,450.0,COc1ccc2c(=O)cc(C(=O)NCCC3CCN(Cc4ccccc4)CC3)[nH]c2c1
3444,CHEMBL3582225,450.0,c1nnc(-c2cc3c(cn2)[nH]c2ncc(-c4ccc(CN5CCCCC5)cc4)cc23)o1
4063,CHEMBL3937974,450.0,COC(=O)C1=C(C)Nc2nc3c(c(N)c2C1c1ccccc1)CSCC3
2932,CHEMBL3115025,450.0,COc1cc2[se]n(-c3ccc(OCCN4CCCCC4)cc3)c(=O)c2cc1OC
4793,CHEMBL3819548,450.0,O=C(/C=C/c1ccccc1)NCCC1CCN(Cc2ccccc2)CC1
7144,CHEMBL6174933,451.13,COc1ccc2c3c1O[C@H]1C[C@@H](OC(=O)NC4CCN(Cc5ccc(OC(F)(F)F)cc5)CC4)C=C[C@@]31CCN(C)C2
3365,CHEMBL3410957,453.3,Cc1c(C)c2c(c(C)c1O)CCC(C)(C(=O)NCCCCCCCCCCNc1c3c(nc4ccccc14)CCCC3)O2
4974,CHEMBL4588525,454.0,c1ccc(COc2ccc(CCOCCCCCNc3c4c(nc5ccccc35)CCCC4)cc2)cc1
164,CHEMBL436367,455.0,Nc1c2c(nc3c1CCCO3)CCCC2
2348,CHEMBL1819180,455.0,c1ccc2c(c1)Cc1c-2nc2ccccc2c1NCCCCCCCNc1c2c(nc3ccccc13)-c1ccccc1C2
1486,CHEMBL575621,458.0,C[C@@H]1CCC[C@H](C)N1S(=O)(=O)c1ccc(C(C)(C)C)cc1
4005,CHEMBL95,459.0,Nc1c2c(nc3ccccc13)CCCC2
5912,CHEMBL5090504,460.0,Cc1c(C)c2ccc(OCC3CCN(Cc4cccc(F)c4)CC3)cc2oc1=O
1946,CHEMBL61986,460.0,CCCCCCCNc1c2c(nc3cc(OC)ccc13)CCCC2
735,CHEMBL538071,460.0,CN(C)C(=O)Oc1cccc2c1C(N)CC2.Cl
3907,CHEMBL3828679,460.0,CCCCCCCCCC(C)C1OCc2c[n+](C)c(C)c(OC(=O)N(C)C)c2CO1.[Br-]
5438,CHEMBL4795992,460.0,Cn1c(=O)sc2cc(C(=O)CCN3CCN(Cc4ccccc4)CC3)ccc21
304,CHEMBL612100,460.0,CN1CC[C@@]2(C)c3cc(OC(=O)NCc4ccccc4)ccc3N(C)C12
1371,CHEMBL490507,460.0,COc1ccc(C(=O)c2ccc(CN(C)Cc3ccccc3)cc2)cc1OC
792,CHEMBL418712,460.0,CN(C)Cc1ccc(CSCCCCCCCCCSCc2ccc(CN(C)C)o2)o1
5199,CHEMBL1980572,460.0,COc1cc([C@H]2OC[C@H]3[C@@H]2CO[C@@H]3c2cc(OC)c3c(c2)OCO3)cc(OC)c1OC
379,CHEMBL61986,460.0,CCCCCCCNc1c2c(nc3cc(OC)ccc13)CCCC2
2841,CHEMBL2441671,460.0,COc1cc2c(cc1OC)C[N+](C)(CCCCCc1cccc(OC)[n+]1C)CC2.O=S(=O)([O-])C(F)(F)F.O=S(=O)([O-])C(F)(F)F
6523,CHEMBL5399188,464.1,C#CCN(CC#C)C(=O)Oc1cccc2c(CN(C)CCC3CCCCCC3)c[nH]c12
6897,CHEMBL5633181,466.0,O=[N+]([O-])c1cccc(-c2cnc3cccnc3n2)c1
3304,CHEMBL95,467.0,Nc1c2c(nc3ccccc13)CCCC2
5913,CHEMBL5085674,470.0,Cc1c(C)c2ccc(OCC3CCN(Cc4cccc(C(F)(F)F)c4)CC3)cc2oc1=O
1935,CHEMBL61930,470.0,Nc1c2c(nc3cc(Cl)c(Cl)cc13)CCCC2
179,CHEMBL1202874,470.0,Cl.Cl.c1ccc(CN2CCC(CCSc3ccc(-c4ccccc4)nn3)CC2)cc1
4795,CHEMBL4469066,470.0,COc1ccc2nc3c(c(NCCCCCNC(=S)NC45CC6CC(CC(C6)C4)C5)c2c1)CCCC3
4485,CHEMBL4175175,470.0,Cc1cc(=O)oc2cc(OCCSC(=S)N3CCCCC3)ccc12
780,CHEMBL418714,470.0,CN(C)Cc1ccc(CSCCCCCCCCSCc2ccc(CN(C)C)o2)o1
2827,CHEMBL2441684,470.0,COc1c(F)c[n+](CCCCCOc2ccc3c(C)cc(=O)oc3c2)cc1F.O=S(=O)([O-])C(F)(F)F
673,CHEMBL321808,470.0,CN(C)Cc1ccc(CSCCNc2nnccc2[N+](=O)[O-])o1
6904,CHEMBL5633979,470.0,COc1ccc2nc3c(c(NCCCCCNC(=S)N[C@]45CC6C[C@@H](C[C@@H](C6)C4)C5)c2c1)CCCC3
384,CHEMBL61930,470.0,Nc1c2c(nc3cc(Cl)c(Cl)cc13)CCCC2
500,CHEMBL319451,476.0,Nc1c2c(nc3ccccc13)C(O)CCC2
5768,CHEMBL4863431,478.2,Cc1ccc(S(=O)(=O)SCc2ccc(Cl)cc2)cc1
6035,CHEMBL5207906,480.0,Cc1cccc2sc(NC(=O)CCN3CCN(CCN(C)C)CC3)nc12
5256,CHEMBL95,480.0,Nc1c2c(nc3ccccc13)CCCC2
4986,CHEMBL4455690,480.0,Cc1ccc2oc(-c3ccc(OCCCCCCN4CCCCCC4)cc3)cc(=O)c2c1
5911,CHEMBL5072382,480.0,Cc1c(C)c2ccc(OCC3CCCN(CCCC(F)F)C3)cc2oc1=O
4833,CHEMBL4578377,480.0,Cc1c(C)c2ccc(OCC3CCN(Cc4cccc(OCCCO[N+](=O)[O-])c4)CC3)cc2oc1=O
259,CHEMBL156763,480.0,CC1CCN(CC2Cc3ccccc3C2=O)CC1
5558,CHEMBL4787855,480.0,COc1cc2c(cc1OC)C(=O)/C(=C/c1ccc(N3CC[N+](C)(Cc4ccccc4Cl)CC3)cc1)C2.[Cl-]
2859,CHEMBL2441684,480.0,COc1c(F)c[n+](CCCCCOc2ccc3c(C)cc(=O)oc3c2)cc1F.O=S(=O)([O-])C(F)(F)F
6711,CHEMBL5559386,481.0,COc1cc2ncnc(N3CCN(c4ccc([N+](=O)[O-])cc4)CC3)c2cc1OC
5760,CHEMBL4847987,481.0,CCOC(=O)/C(=N\Nc1ccccc1C(=O)OCC)C(=O)C(F)(F)F
3334,CHEMBL95,484.0,Nc1c2c(nc3ccccc13)CCCC2
2331,CHEMBL95,484.0,Nc1c2c(nc3ccccc13)CCCC2
6701,CHEMBL5555058,486.0,COc1cc(NC(=O)Cn2nc(-c3ccccc3)c(-c3ccccc3)nc2=O)cc(OC)c1
1018,CHEMBL377283,486.0,CCNC(=O)Oc1ccc2c(c1)[C@@]1(C)CCO[C@H]1O2
5773,CHEMBL4875944,488.2,COc1ccc(CSS(=O)(=O)c2ccc(C)cc2)cc1
5226,CHEMBL4746898,489.0,O=C(N/N=C/c1ccc(Br)cc1)N1CCN(c2ccccn2)CC1
2774,CHEMBL2409142,489.0,C=C[C@@H]1[C@H]2C=C(C)C[C@]1(N)c1ccc(=O)[nH]c1C2
3956,CHEMBL3905695,490.0,COc1ccc(/C=C/C(=O)NCCC2CCN(Cc3ccccc3)CC2)cc1
4600,CHEMBL4209755,491.0,COc1ccc(Cn2cc(C(=O)NCCCCNc3c4c(nc5ccccc35)CCCC4)c(=O)c3ccccc32)cc1
3447,CHEMBL3582228,493.0,c1cncc(-c2cc3c(cn2)[nH]c2ncc(-c4ccc(CN5CCCCC5)cc4)cc23)c1
3443,CHEMBL3582224,496.0,c1ncc(-c2cc3c(cn2)[nH]c2ncc(-c4ccc(CN5CCCCC5)cc4)cc23)s1
3392,CHEMBL3415561,496.0,O=C1c2ccccc2C(=O)N1CCCCCCCCNCc1ccccc1
2636,CHEMBL659,500.0,COc1ccc2c3c1O[C@H]1C[C@@H](O)C=C[C@@]31CCN(C)C2
1321,CHEMBL659,500.0,COc1ccc2c3c1O[C@H]1C[C@@H](O)C=C[C@@]31CCN(C)C2
1083,CHEMBL94,500.0,CNC(=O)Oc1ccc2c(c1)[C@]1(C)CCN(C)[C@@H]1N2C
1418,CHEMBL659,500.0,COc1ccc2c3c1O[C@H]1C[C@@H](O)C=C[C@@]31CCN(C)C2
3416,CHEMBL3577510,500.0,COc1ccccc1CN(C)CCCCOc1ccc(-c2cc(=O)c3c(OC)c(OC)c(OC)cc3o2)cc1
4938,CHEMBL95,500.0,Nc1c2c(nc3ccccc13)CCCC2
2025,CHEMBL1213295,500.0,O=C(CCCN1C(=O)c2ccccc2C1=O)N1CCCCCC1
4361,CHEMBL4059766,500.0,CCOC(=O)[C@@H](CCC(=O)NCCC1CCN(Cc2ccccc2)CC1)NC(=O)c1ccccc1
2873,CHEMBL2441671,500.0,COc1cc2c(cc1OC)C[N+](C)(CCCCCc1cccc(OC)[n+]1C)CC2.O=S(=O)([O-])C(F)(F)F.O=S(=O)([O-])C(F)(F)F
18,CHEMBL337714,500.0,CSc1nc(-c2ccc(C(F)(F)F)cc2)nn1C(=O)N(C)C
2563,CHEMBL1677,500.0,Cl.Nc1c2c(nc3ccccc13)CCCC2
1573,CHEMBL1080813,500.0,CCCCCCOC(=O)[C@H](CCC(=O)NCCC1CCN(Cc2ccccc2)CC1)NC(=O)c1cccs1
4337,CHEMBL1242180,500.0,CN(C)c1ccc(/C=C/c2ccc3ccccc3[n+]2C)cc1.[I-]
3178,CHEMBL95,500.0,Nc1c2c(nc3ccccc13)CCCC2
561,CHEMBL1128,500.0,CC[N+](C)(C)c1cccc(O)c1.[Cl-]
2423,CHEMBL95,500.0,Nc1c2c(nc3ccccc13)CCCC2
5141,CHEMBL4560673,500.0,Cc1ccc(-c2nc(NCC3CCN(Cc4ccccc4C)CC3)sc2-c2ccc(C)cc2)cc1
2161,CHEMBL1669485,500.0,[Br-].[Br-].c1ccc2c[n+](CCCCCCC[n+]3ccc4ccccc4c3)ccc2c1
3466,CHEMBL3586593,500.0,Cc1cc2ccc(OCc3ccc(CN(C)Cc4ccccc4)cc3)cc2oc1=O.Cl
806,CHEMBL13308,500.0,CN(C)Cc1ccc(CSCCSCc2ccc(CN(C)C)o2)o1
2076,CHEMBL95,500.0,Nc1c2c(nc3ccccc13)CCCC2
600,CHEMBL165726,500.0,Clc1ccc2c(c1)CN1CCCCCC1=N2
6113,CHEMBL512475,500.0,Clc1ccc2c(NCCCNCC34CC5CC(CC(C5)C3)C4)ccnc2c1
3327,CHEMBL95,500.0,Nc1c2c(nc3ccccc13)CCCC2
3558,CHEMBL95,501.0,Nc1c2c(nc3ccccc13)CCCC2
6826,CHEMBL5595332,501.0,CN(Cc1ccc(COc2ccc3c(CO)cc(=O)oc3c2)cc1)Cc1cccs1
4059,CHEMBL3972317,504.0,CCOC(=O)C1=C(C)Nc2nc3c(c(N)c2C1c1cccc([N+](=O)[O-])c1)CC(F)(F)CC3
5968,CHEMBL5185134,505.0,CCN(CC)Cc1ccc(C=C2Cc3cc(OC)ccc3C2=O)cc1
1696,CHEMBL1084882,506.0,CCCCCCCNC(=O)Oc1ccc2c(c1)[C@]1(C)CCN(Cc3ccccc3)[C@@H]1C2
467,CHEMBL288549,506.0,CCCCCCCNC(=O)Oc1ccc2c(c1)[C@]1(C)CCN(Cc3ccccc3)C1C2
4975,CHEMBL4545701,506.0,c1ccc(COc2ccc(CCOCCCCCNc3c4c(nc5ccccc35)CCCC4)cc2OCc2ccccc2)cc1
3430,CHEMBL3582206,507.0,CC(C)(c1ccc(-c2cnc3[nH]c4cnc(C#N)cc4c3c2)cc1)N1CCCCC1
2306,CHEMBL1784957,508.0,C[C@@H](Cc1ccccc1)NC(=O)Oc1cccc([C@H](C)N(C)C)c1.Cl
6058,CHEMBL5180014,509.0,O=C(COc1ccc([N+](=O)[O-])cc1)NCC1CCN(Cc2ccccc2)CC1
5834,CHEMBL4870877,509.0,O=C(CC1CCN(Cc2ccccc2)CC1)Nc1n[nH]c2cc(-c3cccnc3)ccc12
6269,CHEMBL5272491,510.0,COc1ccc2c(c1)c(CC(=O)N/N=C1\c3cc(OC)c(OC)cc3CC1CC1CCN(Cc3ccccc3)CC1)c(C)n2C(=O)c1ccc(Cl)cc1
732,CHEMBL556147,510.0,CNC1CCc2cccc(OC(=O)N(C)C)c21.Cl
5799,CHEMBL4855045,510.0,Cc1ccc2c(c1)c1cnccc1n2CCC(=O)N1c2ccccc2Sc2ccccc21
4130,CHEMBL4069184,510.0,COc1cc2c(cc1OC)C(=O)/C(=C/c1ccc(O)c(CN(C)C)c1)O2
2620,CHEMBL2238005,510.0,CC1CCc2nc3nc(-c4ccccc4)cc(C(F)(F)F)c3c(N)c2C1
1532,CHEMBL598824,510.0,CCN(CC)CCCCCCCOc1ccc2c(c1)C(=O)/C(=C/c1ccc(CN(C)Cc3ccccc3)cc1)C2
5213,CHEMBL513063,510.0,COc1ccc(-c2csc(NC(=O)CCN3CCCC3)n2)cc1
7129,CHEMBL6176564,510.0,O=C1c2c(sc3c2CCCCC3)OC(c2ccccc2)N1c1ccccc1
6757,CHEMBL5575440,510.16,O=C(NCCCCNc1c2c(nc3ccccc13)CCCC2)Oc1ccc2cc[nH]c2c1
7145,CHEMBL6175862,513.9,COc1ccc2c3c1O[C@H]1C[C@@H](OCc4ccc(Cc5ccccc5F)cn4)C=C[C@@]31CCN(C)C2
1202,CHEMBL237870,517.0,CN[C@@H](C)[C@H]1[C@H](O)C[C@@]2(C)[C@@H]3CC[C@@H]4C(=CC[C@@H]5N=C(C(C)C)OC[C@]54C)C[C@H]3C(=O)C[C@]12C
5766,CHEMBL1995010,517.4,Cc1ccc(S(=O)(=O)SCc2ccccc2)cc1
475,CHEMBL32543,518.0,CCCCCCNC(=O)Oc1ccc2c(c1)[C@@H]1CCN(CCC)C1C2
5836,CHEMBL4859041,518.0,O=C(CC1CCN(Cc2ccc(F)cc2)CC1)Nc1n[nH]c2cc(-c3cccnc3)ccc12
2778,CHEMBL95,520.0,Nc1c2c(nc3ccccc13)CCCC2
3363,CHEMBL3407591,520.0,C#CCN(C)Cc1ccc(OC(=O)N(C)C)c2ncccc12
100,CHEMBL313809,520.0,COc1cc2cc(C(=O)C=C3CC[N+](C)(Cc4ccccc4)CC3)sc2cc1OC.[Br-]
875,CHEMBL188325,520.0,COc1cc2cc(C(=O)C3=CC[N+](C)(Cc4ccccc4)CC3)sc2cc1OC
2631,CHEMBL2237994,520.0,Nc1cc(-c2ccc(Cl)cc2)nc2nc(-c3ccccc3)cc(C(F)(F)F)c12
670,CHEMBL106348,520.0,CN(C)CCNc1cc(NCCSCc2ccc(CN(C)C)o2)c([N+](=O)[O-])cc1[N+](=O)[O-]
5135,CHEMBL4554666,520.0,Fc1ccc(CN2CCC(CNc3nc(-c4ccc(Cl)cc4)c(-c4ccc(Cl)cc4)s3)CC2)c(Cl)c1
4991,CHEMBL4476621,520.0,O=C(NNC(=S)Nc1ccc(Cl)c(Cl)c1)c1ccccc1O
930,CHEMBL190528,520.0,CNC(=O)Oc1cccc(CN(C)CCCCCCCOc2ccc3c(c2)O/C(=C\c2cc(OC)c(OC)c(OC)c2)C3=O)c1
6169,CHEMBL5184869,521.0,Cc1ccc2nc3c(c(N4CCN(c5c6c(nc7ccc(C)cc57)CCCC6)CC4)c2c1)CCCC3
6240,CHEMBL5218447,521.0,CN(CCCOc1ccc2ccc(=O)oc2c1)Cc1cccc(OC(=O)NC2CCCC2)c1
499,CHEMBL319451,521.0,Nc1c2c(nc3ccccc13)C(O)CCC2
3344,CHEMBL3402712,525.0,CN(CCCCCN1C(=O)c2ccccc2C1=O)Cc1ccccc1F.Cl
3299,CHEMBL3343928,526.0,CC1c2[nH]c3ccccc3c2C[C@@H](C(=O)NCCCCCCNc2c3c(nc4ccccc24)CCCC3)N1C(=O)OC(C)(C)C
3878,CHEMBL3818689,526.0,COc1ccc(/C=C/C(=O)NCCC2CCN(Cc3ccccc3)CC2)cc1OC
4570,CHEMBL4205651,528.0,O=C(CNCc1ccccc1F)Nc1ccc2nc3n(c(=O)c2c1)CCC3
6517,CHEMBL5426763,529.1,CN(CCC1CCCCCC1)Cc1c[nH]c2c(OC(=O)N3CCCCC3)cccc12
2828,CHEMBL2440134,530.0,COc1c(F)c[n+](CCCCOc2ccc3c(C)cc(=O)oc3c2)cc1F.O=S(=O)([O-])C(F)(F)F
4875,CHEMBL4173258,530.0,C#CCN(C)Cc1cc2cc(OCCCN3CCCCC3)ccc2n1C
3627,CHEMBL3628184,530.0,COc1ccc2[nH]cc(CCNC(=O)CCc3cc[n+](Cc4ccccc4F)cc3)c2c1.[Br-]
5689,CHEMBL3957605,530.0,COc1cccc2c1C=[N+](c1ccc(C)cc1)CC2.[Br-]
4426,CHEMBL4173258,530.0,C#CCN(C)Cc1cc2cc(OCCCN3CCCCC3)ccc2n1C
1572,CHEMBL1080631,530.0,CCCCCCOC(=O)[C@H](CCC(=O)NCCC1CCN(Cc2ccccc2)CC1)NC(=O)c1ccccc1
708,CHEMBL555773,530.0,CCCCCCN(C)C(=O)Oc1ccc2c(c1)C(N)CC2.Cl
2153,CHEMBL659,530.0,COc1ccc2c3c1O[C@H]1C[C@@H](O)C=C[C@@]31CCN(C)C2
4834,CHEMBL4173258,530.0,C#CCN(C)Cc1cc2cc(OCCCN3CCCCC3)ccc2n1C
4941,CHEMBL4173258,530.0,C#CCN(C)Cc1cc2cc(OCCCN3CCCCC3)ccc2n1C
6514,CHEMBL5396394,531.2,CN(CCC1CCCCCC1)Cc1c[nH]c2c(OC(=O)N(C)Cc3ccccc3)cccc12
2928,CHEMBL95,534.0,Nc1c2c(nc3ccccc13)CCCC2
2896,CHEMBL95,534.0,Nc1c2c(nc3ccccc13)CCCC2
6090,CHEMBL5186753,535.0,c1ccc2c(c1)CCCN1Cc3cc(OCCCN4CCCCC4)ccc3N=C21
4980,CHEMBL4527729,535.0,COc1cc(CN2CCC(CCC(=O)c3cc(Cl)c(N)cc3OC)CC2)ccc1O
3161,CHEMBL3323046,535.0,O=c1c2cc(OCCCN3CCCCC3)ccc2nc2n1CCCc1ccccc1-2
3370,CHEMBL3410952,535.0,Cc1c(C)c2c(c(C)c1O)CCC(C)(C(=O)NCCCCNc1c3c(nc4ccccc14)CCCC3)O2
3276,CHEMBL3343708,536.4,CCN(CC)c1ccc(/C=C2\Cc3cc(OC)c(OCCN4CCCCC4)cc3C2=O)cc1
3348,CHEMBL3402717,537.0,CN(CCCCCN1C(=O)c2ccccc2C1=O)Cc1cccc(Cl)c1.Cl
5200,CHEMBL94,538.0,CNC(=O)Oc1ccc2c(c1)[C@]1(C)CCN(C)[C@@H]1N2C
6465,CHEMBL5282788,538.0,O=C1CC2Cc3ccsc3C2=NN1CCCCN1CCN(Cc2ccccc2)CC1
5800,CHEMBL4850585,540.0,COc1ccc2c(c1)c1cnccc1n2CCC(=O)N1c2ccccc2Sc2ccccc21
5562,CHEMBL4797677,540.0,CCCCC[N+]1(C)CCN(c2ccc(/C=C3\Cc4cc(OC)c(OC)cc4C3=O)cc2)CC1.[Br-]
5561,CHEMBL4776999,540.0,CCCC[N+]1(C)CCN(c2ccc(/C=C3\Cc4cc(OC)c(OC)cc4C3=O)cc2)CC1.[Br-]
5556,CHEMBL4794208,540.0,COc1cc2c(cc1OC)C(=O)/C(=C/c1ccc(N3CC[N+](C)(Cc4ccccc4Br)CC3)cc1)C2.[Br-]
1404,CHEMBL470867,540.0,COc1ccc2c(=O)oc3c(OC)cc(CCN(C)C)c4c(=O)oc1c2c34
2915,CHEMBL3093799,540.0,[Br-].[Br-].c1cc[n+](CCCCCCC[n+]2cccc3ccccc32)cc1
6288,CHEMBL5270248,540.0,Cc1c(C)c2c(c(C)c1O)CCC(C)(C(=O)NCCC1CCN(Cc3ccccc3F)CC1)O2
6302,CHEMBL5285678,540.0,CC(C)n1c2ccccc2c2cc[n+](-c3ccccc3)cc21
4064,CHEMBL3910033,540.0,CCOC(=O)C1=C(C(F)(F)F)Nc2nc3c(c(N)c2C1c1cccc([N+](=O)[O-])c1)CC(C)(C)CC3
754,CHEMBL358026,540.0,C#CCNC(C)Cc1cccc(OC(=O)N(C)C)c1
28,CHEMBL155322,540.0,CC1CCCCN1Cc1ccc(CNCCN2CCNC2=C(C#N)C#N)o1
7149,CHEMBL6166087,540.0,Nc1ccccc1C(=O)/C=C/c1cnc2ccccc2c1
120,CHEMBL87980,540.0,C=CC[n+]1ccc(CCC(=O)c2cc3cc(OC)c(OC)cc3s2)cc1.[Br-]
4977,CHEMBL4589250,542.0,Oc1ccc(CCOCCCCCNc2c3c(nc4ccccc24)CCCC3)cc1O
3733,CHEMBL3752555,545.0,O=C(NCCCCCCNc1c2c(nc3ccccc13)CCC2)c1cc2ccccc2o1
6255,CHEMBL5272095,545.0,O=C1/C(=C/c2ccc(OCCN3CCCC3)cc2)Oc2ccccc21
3396,CHEMBL3415566,545.0,O=C1c2ccccc2C(=O)N1CCCCCCCCNCc1ccccc1F
482,CHEMBL32543,546.0,CCCCCCNC(=O)Oc1ccc2c(c1)[C@@H]1CCN(CCC)C1C2
1703,CHEMBL1085011,546.0,CCCCCCNC(=O)Oc1ccc2c(c1)C1CCN(CCC)C1C2
5919,CHEMBL5082824,550.0,CN(CCCC(F)F)Cc1ccc(COc2ccc3c(CO)cc(=O)oc3c2)cc1
595,CHEMBL54956,550.0,Cc1ccccc1NC(=O)Oc1ccc2c(c1)[C@]1(C)CCN(CCc3ccccc3)C1N2C
3019,CHEMBL659,550.0,COc1ccc2c3c1O[C@H]1C[C@@H](O)C=C[C@@]31CCN(C)C2
1929,CHEMBL62084,550.0,Nc1c2c(nc3ccc(Cl)cc13)CCCC2
362,CHEMBL62084,550.0,Nc1c2c(nc3ccc(Cl)cc13)CCCC2
7132,CHEMBL6147393,550.0,O=C1c2c(sc3c2CCCCC3)OC(c2ccc(Cl)cc2)N1c1ccccc1
758,CHEMBL543216,550.0,C#CCNC1CCc2ccc(OC(=O)N(C)c3ccccc3)cc21.Cl
2257,CHEMBL1773479,550.0,CN(Cc1ccccc1)Cc1ccc(C(=O)c2ccc(NC(=O)CN3CCCCC3)cc2)cc1
1280,CHEMBL272700,551.0,CCN(Cc1ccccc1)Cc1ccc(-c2cc3cc(OCCNC(=O)Cc4cc(F)cc(F)c4)ccc3oc2=O)cc1
6756,CHEMBL5564643,551.69,O=C(NCCCNc1c2c(nc3ccccc13)CCCC2)Oc1ccc2cc[nH]c2c1
2977,CHEMBL3122168,556.0,CCNCc1ccc2nc(-c3ccc(Cl)cc3)c3c(c2c1)NCCC3
4453,CHEMBL4172797,556.0,COc1ccc2c(c1)CCC(Cc1cc[n+](Cc3ccc(C)cc3)cc1C(C)=O)C2=O.[Br-]
4585,CHEMBL4209420,557.0,CCNCC(=O)Nc1ccc2nc3n(c(=O)c2c1)CCC3
4049,CHEMBL3985136,558.0,CC1=C(C(=O)OC(C)C)C(c2cccc(F)c2)c2c(nc3c(c2N)CC(C)(C)CC3)N1
6510,CHEMBL5435281,558.6,CN(CCC1CCCCCC1)Cc1c[nH]c2c(OC(=O)N(C)C)cccc12
4847,CHEMBL4583738,559.0,COc1c(C(=O)CCC2CCN(CC3CCCCC3)CC2)cc(Cl)c2c1ccn2S(=O)(=O)c1ccccc1.O=C(O)/C=C/C(=O)O
1704,CHEMBL55014,560.0,O=C(NCCC1CCN(Cc2ccccc2)CC1)c1ccccc1
6306,CHEMBL5281758,560.0,Cn1c2ccccc2c2cc[n+](-c3ccc(Cl)cc3)cc21
8,CHEMBL338720,560.0,CSc1nc(-c2ccc(-c3ccccc3)cc2)nn1C(=O)N(C)C
5922,CHEMBL5083613,560.0,CN(Cc1ccccc1)Cc1ccc(COc2ccc3c(C(F)F)cc(=O)oc3c2)cc1
4454,CHEMBL4172353,568.0,COc1ccc2c(c1)CCC(Cc1cc[n+](Cc3ccc(Cl)cc3)cc1C(C)=O)C2=O.[Br-]
6437,CHEMBL5290940,570.0,Cc1ccc(-c2noc(-c3cccc(OCC4CCN(Cc5ccccc5Cl)CC4)c3)n2)cn1
1372,CHEMBL470907,570.0,CCN(Cc1ccccc1)Cc1ccc(C(=O)c2ccc(OC)c(OC)c2)cc1
5147,CHEMBL4571742,570.0,COc1ccc(-c2nc(NC(=O)C3CCN(Cc4cccc(F)c4)CC3)sc2-c2ccc(OC)cc2)cc1
6133,CHEMBL5202485,570.0,COc1cc(/C=C2\CCc3cc([N+](=O)[O-])ccc3C2=O)c(Br)c(OC)c1OC
5673,CHEMBL4789238,570.0,COc1cccc2cc[n+](-c3ccc(Br)cc3Br)cc12.[Br-]
4890,CHEMBL4435178,571.0,S=C(NNc1c2c(nc3ccccc13)CCCC2)Nc1ccc(Br)cc1
6955,CHEMBL3416995,577.0,COc1cc(N)c(Cl)cc1C(=O)CCC1CCN(CC2CCC2)CC1
3376,CHEMBL3416995,577.0,COc1cc(N)c(Cl)cc1C(=O)CCC1CCN(CC2CCC2)CC1
3403,CHEMBL3415576,578.0,O=C1c2ccccc2C(=O)N1CCCCCCCCNCc1ccc(F)cc1F
3583,CHEMBL3623561,578.0,CC(C)(C)c1cccc(C(=O)CF)c1
4739,CHEMBL4277332,580.0,O=C(NCCC1CCN(Cc2ccccc2)CC1)c1cc(=O)c2c(O)cc(O)cc2o1
4651,CHEMBL4293305,580.0,O=C(O)c1sc(-c2ccnc(NC(=O)C3CC3)c2)nc1OCCNc1c2c(nc3ccccc13)CCCC2
3179,CHEMBL3322155,580.0,CN(CCC(=O)NCCNc1c2c(nc3ccccc13)CCCC2)C1CCCCC1
5030,CHEMBL4438120,580.0,Cl.Cl.N[C@@H](Cc1c[nH]c2ccccc12)C(=O)NCCCNc1c2c(nc3ccccc13)CCCC2
3629,CHEMBL3628186,580.0,COc1ccc2[nH]cc(CCNC(=O)CCc3cc[n+](Cc4ccc(F)cc4)cc3)c2c1.[Br-]
4653,CHEMBL4289362,590.0,C[C@@H]1C[C@H]2CC(=O)[C@H]3CCC[N+]4([O-])CCC[C@]2(O)[C@]34C1
1707,CHEMBL141873,590.0,COc1ccc(C(=O)N(CCC2CCN(Cc3ccccc3)CC2)c2ccccc2)cc1
4325,CHEMBL4089264,590.0,CCN(CCCCCCN1C(=O)c2ccccc2C1=O)Cc1ccccc1OC
5096,CHEMBL4587156,590.0,FC(F)(F)Oc1ccc(CNC2CCN(Cc3ccccc3)CC2)cc1
1032,CHEMBL659,590.0,COc1ccc2c3c1O[C@H]1C[C@@H](O)C=C[C@@]31CCN(C)C2
5133,CHEMBL4566786,590.0,COc1ccc(-c2nc(NCC3CCN(Cc4ccccc4C)CC3)sc2-c2ccc(OC)cc2)cc1
1986,CHEMBL427342,590.0,O=C(Nc1cccc(C2=NCCN2)c1)Nc1cccc(C2=NCCN2)c1
5572,CHEMBL4792240,590.0,O=c1cc(-c2ccc(OCCCCN3CCc4ccccc4C3)cc2)oc2cc(OCCCCN3CCc4ccccc4C3)cc(O)c12
3593,CHEMBL446060,590.0,CNC(=O)Oc1ccccc1OC(C)C
3572,CHEMBL3623553,591.0,CC(C)Cn1cc(C(=O)C(F)(F)F)cn1
1166,CHEMBL243057,593.0,CCN(CCCCCCNC1=CC(=O)C(NCCCCCCN(CC)Cc2ccccc2Cl)=CC1=O)Cc1ccccc1Cl
6619,CHEMBL659,594.0,COc1ccc2c3c1O[C@H]1C[C@@H](O)C=C[C@@]31CCN(C)C2
6060,CHEMBL5178350,595.0,Cc1cc(Br)cc(C)c1OCC(=O)NCC1CCN(Cc2ccccc2)CC1
1073,CHEMBL659,600.0,COc1ccc2c3c1O[C@H]1C[C@@H](O)C=C[C@@]31CCN(C)C2
4176,CHEMBL659,600.0,COc1ccc2c3c1O[C@H]1C[C@@H](O)C=C[C@@]31CCN(C)C2
7135,CHEMBL502,600.0,COc1cc2c(cc1OC)C(=O)C(CC1CCN(Cc3ccccc3)CC1)C2
5270,CHEMBL4757035,600.0,O=C(NO)c1ccc(Nc2c3ccccc3nc3ccc(F)cc23)cc1
262,CHEMBL54126,600.0,CN(C)C(=O)Oc1cccc([N+](C)(C)C)c1.[Br-]
4632,CHEMBL95,600.0,Nc1c2c(nc3ccccc13)CCCC2
4319,CHEMBL95,600.0,Nc1c2c(nc3ccccc13)CCCC2
6352,CHEMBL5278778,600.0,COc1ccc2c(c1)c(C=O)cn2CCCCCCCCCCN(C)Cc1ccc(O)cc1
1588,CHEMBL659,600.0,COc1ccc2c3c1O[C@H]1C[C@@H](O)C=C[C@@]31CCN(C)C2
34,CHEMBL1203539,600.0,CCN(CC)Cc1ccc(CNCCN2CCNC2=C(C#N)C#N)o1.Cl
4371,CHEMBL95,600.0,Nc1c2c(nc3ccccc13)CCCC2
3459,CHEMBL3087676,600.0,O=C(Cc1ccccc1Nc1c(Cl)cccc1Cl)NCCCNCCCNC1=CC(=O)C(NCCCNCCCNC(=O)Cc2ccccc2Nc2c(Cl)cccc2Cl)=CC1=O
4343,CHEMBL4080358,600.0,CCN(CC)c1ccc(/C=C/c2ccc3ccccc3[n+]2C)c(Cl)c1.[I-]
2889,CHEMBL3087674,600.0,CC(C)Cc1ccc(C(C)C(=O)NCCCNCCCNC2=CC(=O)C(NCCCNCCCNC(=O)C(C)c3ccc(CC(C)C)cc3)=CC2=O)cc1
4212,CHEMBL4091851,600.0,COc1ccc(CCNc2c3c(nc4cc(Cl)ccc24)CCCC3)cc1OC
3740,CHEMBL395280,600.0,C/C=C1\[C@H]2C=C(C)C[C@]1(N)c1ccc(=O)[nH]c1C2
7136,CHEMBL6171343,601.43,COc1ccc2c3c1O[C@H]1C[C@@H](OC(=O)NC4CCN(Cc5cccc(C(F)(F)F)c5)CC4)C=C[C@@]31CCN(C)C2
7221,CHEMBL6163473,603.0,COc1ncc(-c2ccc3nc4c(c(N)c3c2)CCCC4)cn1
182,CHEMBL134154,606.0,COc1cccc2nc3c(c(N)c12)CCCO3
4968,CHEMBL4536715,609.0,Oc1ccc(/C=N/c2c3c(nc4ccccc24)CCCC3)cc1O
4888,CHEMBL4580216,610.0,S=C(NNc1c2c(nc3ccccc13)CCCC2)Nc1ccccc1
1014,CHEMBL380830,610.0,CCNC(=O)Oc1ccc2c(c1)[C@@]1(C)CO[C@H](C1)O2
3765,CHEMBL3764305,610.0,COc1ccc2c3c1O[C@H]1CC(O)CC[C@@]31CCN(C)C2
779,CHEMBL13426,610.0,CN(C)Cc1ccc(CSCCCCCCCSCc2ccc(CN(C)C)o2)o1
4479,CHEMBL4164078,610.0,Cc1cc(=O)oc2cc(OCCCCCCSC(=S)N3CCCCC3)ccc12
2602,CHEMBL12089,610.0,COc1ccc2cc3[n+](cc2c1OC)CCc1cc2c(cc1-3)OCO2.[Cl-]
5965,CHEMBL5181301,612.0,CCN(CC)Cc1ccc(/C=C2\Cc3ccccc3C2=O)cc1
165,CHEMBL132365,615.0,COc1cccc2nc3c(c(N)c12)CCCC3
5201,CHEMBL454592,616.0,COc1cc([C@H]2OC[C@H]3[C@@H]2CO[C@@H]3c2cc(OC)c(OC)c(OC)c2)cc(OC)c1OC
2314,CHEMBL1783535,618.0,CC(C)C1=N[C@H]2CC[C@]34C[C@]35C(=O)C[C@]3(C)[C@@H]([C@H](C)N(C)C)[C@H](O)C[C@@]3(C)[C@@H]5CC[C@H]4[C@]2(C)CC1
5018,CHEMBL4472570,620.0,COc1ccc2nc3c(c(NCCCCCNC(=O)[C@@H](N)Cc4c[nH]c5ccccc45)c2c1)CCCC3.Cl.Cl
4727,CHEMBL4289318,620.0,COc1cc2nc(C(=O)NCCC3CCN(Cc4ccccc4)CC3)cc(OC)c2cc1OC
3652,CHEMBL3410953,620.0,Cc1c(C)c2c(c(C)c1O)CCC(C)(C(=O)NCCCCCNc1c3c(nc4ccccc14)CCCC3)O2
1987,CHEMBL185896,620.0,CC(Cc1ccc(O)cc1)C1CCC(C)C(c2ccc(O)cc2)C1
5094,CHEMBL4091169,620.0,Clc1ccc(CNC2CCN(Cc3ccccc3)CC2)c(Cl)c1
2252,CHEMBL1771549,620.0,[Br-].[Br-].c1cc(C[N+]23CCC(CC2)CC3)cc(-c2cccc(C[N+]34CCC(CC3)CC4)c2)c1
6900,CHEMBL5629932,621.0,Brc1ccc(Cn2cc(CNC3CCCCCC3)nn2)cc1
5846,CHEMBL4857955,622.0,O=C(Nc1cncc(C(=O)NC2CCN(Cc3ccccc3)CC2)c1)c1ccnc(NC(=O)C2CC2)c1
495,CHEMBL1127,623.0,Nc1c2c(nc3ccccc13)CC(O)CC2
5740,CHEMBL4865745,624.0,Cl.Nc1c2c(nc3ccc(F)cc13)CCCCC2
7211,CHEMBL6174192,625.0,C#CCCCOc1ccc(-c2cc(=O)c3ccccc3o2)cc1CN1CCCCC1
7050,CHEMBL5799857,625.0,Nc1cc(OCCF)c(C(=O)CCC2CCN(CC3CCCCC3)CC2)cc1Cl
7230,CHEMBL6151322,625.0,CC(C)COc1cccc(-c2ccc3nc4c(c(N)c3c2)CCCC4)c1
3346,CHEMBL3402714,625.0,CN(CCCCCCCN1C(=O)c2ccccc2C1=O)Cc1ccccc1F.Cl
6971,CHEMBL5799857,625.0,Nc1cc(OCCF)c(C(=O)CCC2CCN(CC3CCCCC3)CC2)cc1Cl
3592,CHEMBL167911,627.0,COP(=O)(OC)OC=C(Cl)Cl
1702,CHEMBL1085630,629.0,CCCCCCCNC(=O)Oc1ccc2c(c1)C1CCN(CCC)C1C2
469,CHEMBL33098,629.0,CCCCCCCNC(=O)Oc1ccc2c(c1)[C@@H]1CCN(CCC)C1C2
39,CHEMBL155392,630.0,CNC(NCCNCc1ccc(CN(C)C)o1)=C(C#N)C#N
1546,CHEMBL610779,630.0,COc1ccc2c(c1)C(=O)/C(=C/c1ccc(CN(C)Cc3ccccc3)cc1)C2
3955,CHEMBL3916769,630.0,COc1ccc(/C=C/C(=O)NCCC2CCN(Cc3ccccc3)CC2)c(OC)c1
667,CHEMBL106082,630.0,CN(C)Cc1ccc(CSCCNc2cc(Nc3ccccc3C#N)c([N+](=O)[O-])cc2[N+](=O)[O-])o1
5136,CHEMBL4529936,630.0,Fc1cc(F)cc(CN2CCC(CNc3nc(-c4ccc(Cl)cc4)c(-c4ccc(Cl)cc4)s3)CC2)c1
6928,CHEMBL5647222,630.0,COc1cc(-c2cc(-c3ccc(Br)cc3)nc3[nH]nc(N)c23)cc(OC)c1OC
3849,CHEMBL3818616,636.0,O=C1/C(=C/C2CCN(Cc3ccccc3)CC2)Cc2cccc(O)c21
685,CHEMBL108163,640.0,CN(C)Cc1ccc(CSCCNc2cc(Nc3ccccc3)c([N+](=O)[O-])cc2[N+](=O)[O-])o1
5975,CHEMBL5179832,640.0,CC(=O)N1N=C(c2ccc(-c3ccccc3)cc2)CC1c1ccccc1[N+](=O)[O-]
5274,CHEMBL4753795,640.0,COc1cc2nc3ccccc3c(Nc3ccc(C(=O)NO)cc3)c2c(OC)c1OC
5153,CHEMBL4532149,640.0,O=C(Nc1nc(-c2ccc(Cl)cc2)c(-c2ccc(Cl)cc2)s1)C1CCN(Cc2cc(F)cc(F)c2)CC1
6009,CHEMBL4461886,640.0,COc1ccc(-c2cc3c(c(=O)o2)C[C@]2(O)[C@@]4(C)CC[C@@H](O)C(C)(C)[C@]4(O)CC[C@@]2(C)O3)cc1
6256,CHEMBL3416657,643.0,COc1cc(/C=C2\Oc3cc(OCCN4CCCC4)ccc3C2=O)cc(OC)c1OC
3347,CHEMBL3402715,644.0,CN(CCCCCCCCN1C(=O)c2ccccc2C1=O)Cc1ccccc1F.Cl
4422,CHEMBL4164186,648.0,O=C(Nc1cc(Cl)nc(Cl)c1)OCCCCCNCc1c[nH]c2ccccc12
2541,CHEMBL2022933,650.0,C#CCN1CCc2nc3nc(N4CCCC4)c(C#N)cc3c(N)c2C1
55,CHEMBL1790041,650.0,CNC(=C[N+](=O)[O-])NCCSCc1ccc(CN(C)C)o1
5154,CHEMBL4591964,650.0,O=C(Nc1nc(-c2ccc(Cl)cc2)c(-c2ccc(Cl)cc2)s1)C1CCN(Cc2cccc(F)c2)CC1
650,CHEMBL104355,650.0,CN(C)Cc1ccc(CSCCNc2ccc(F)cc2[N+](=O)[O-])o1
663,CHEMBL104334,650.0,CN(C)Cc1ccc(CSCCNc2cc(Nc3ncccc3[N+](=O)[O-])c([N+](=O)[O-])cc2[N+](=O)[O-])o1
3406,CHEMBL3415580,651.0,O=C1c2ccccc2C(=O)N1CCCCCCCNCc1cccc(Cl)c1
3319,CHEMBL3356538,651.0,COc1ccc2nc3c(c(NCCNC4=CC(=O)c5c(O)cccc5C4=O)c2c1)CCCC3
3991,CHEMBL435071,652.0,COc1cc2c(cc1OC)C(=O)C(CC1CCN(Cc3cccc([N+](=O)[O-])c3)CC1)C2
4193,CHEMBL4105085,653.0,CC(=O)C1=CN(Cc2ccccc2C)C=CC1CC1Cc2cc(C)c(C)cc2C1=O
4661,CHEMBL4283770,657.0,CN(C)CCOc1ccc(/C=C2\COc3ccccc3C2=O)cc1
6148,CHEMBL5185422,658.0,O=C(CCN1CCCCC1)Nc1n[nH]c2ncccc12
178,CHEMBL130880,658.0,Nc1c2c(nc3c1CCC3)CCCC2
6951,CHEMBL6029360,658.0,CCCCN1CCC(CCC(=O)c2cc(I)c(N)cc2OC)CC1
3445,CHEMBL3582226,659.0,c1cc(-c2cnc3[nH]c4cnc(-c5cnoc5)cc4c3c2)ccc1CN1CCCCC1
1720,CHEMBL125578,660.0,CC(=O)N(C)CCC1CCN(Cc2ccccc2)CC1
4753,CHEMBL4292446,660.0,COc1cc2oc(C(=O)NC3CCN(Cc4ccccc4)CC3)cc(=O)c2cc1OC
5738,CHEMBL4854713,662.0,Cl.Nc1c2c(nc3ccc(F)cc13)CCC2
1459,CHEMBL575614,664.0,CCC1=CC2Cc3nc4cnccc4c(N)c3C(C1)C2
114,CHEMBL315013,665.0,COc1cc2cc(C(=O)CC(O)C3CC[N+](C)(Cc4ccccc4)CC3)sc2cc1OC.[Br-]
6499,CHEMBL5433956,667.0,Cc1cc(=O)[nH]c2c1C(=O)C(NCCNc1c3c(nc4ccccc14)CCCC3)=CC2=O
7250,CHEMBL6189950,668.0,Cc1ccc(S(=O)(=O)NCCCCNc2c3c(nc4ccccc24)CCCC3)cc1
3162,CHEMBL3323043,669.0,CCN(CC)CCCOc1ccc2nc3n(c(=O)c2c1)CCc1ccccc1-3
5570,CHEMBL4779180,670.0,O=c1cc(-c2ccc(OCCCCN3CCC(Cc4ccccc4)CC3)cc2)oc2cc(OCCCCN3CCC(Cc4ccccc4)CC3)cc(O)c12
5660,CHEMBL4796540,670.0,COc1cccc2cc[n+](-c3ccc(F)cc3)cc12.[Br-]
91,CHEMBL157182,670.0,C/N=C1/CCc2c1n(C)c1cc(Cl)c(OC(=O)NC)cc21
1426,CHEMBL513161,670.0,Cc1ccc(C2C3=C(CC(C)(C)CC3=O)Nc3nc4c(c(N)c32)CCCC4)cc1
79,CHEMBL60167,676.0,Nc1c2c(nc3ccccc13)-c1ccccc1C2
7217,CHEMBL6163299,677.0,COc1cc(-c2ccc3nc4c(c(N)c3c2)CCCC4)ccn1
3598,CHEMBL3623553,678.0,CC(C)Cn1cc(C(=O)C(F)(F)F)cn1
4194,CHEMBL4076930,678.0,COc1cc2c(cc1OC)C(=O)C(Cc1cc[n+](Cc3ccccc3C)cc1C(N)=O)C2.[Br-]
5148,CHEMBL4527101,680.0,COc1ccc(-c2nc(NC(=O)C3CCN(Cc4ccccc4C(F)(F)F)CC3)sc2-c2ccc(OC)cc2)cc1
4322,CHEMBL4091683,680.0,CCN(CCCCN1C(=O)c2ccccc2C1=O)Cc1ccccc1
642,CHEMBL107254,680.0,CN(C)Cc1ccc(CSCCNc2cc(Nc3ccc(F)cc3)c([N+](=O)[O-])cc2[N+](=O)[O-])o1
5227,CHEMBL4763434,682.0,O=C(N/N=C/c1ccc(F)cc1F)N1CCN(c2ccccn2)CC1
3407,CHEMBL3415581,686.0,O=C1c2ccccc2C(=O)N1CCCCCCCCNCc1cccc(Cl)c1
3457,CHEMBL3585375,690.0,Cc1ccc2[nH]c3c(c2c1)CN(CCCCCCCN1CCc2[nH]c4ccc(C)cc4c2C1)CC3
3879,CHEMBL3818512,690.0,COc1cccc(/C=C/C(=O)NCCC2CCN(Cc3ccccc3)CC2)c1
3654,CHEMBL3410955,690.0,Cc1c(C)c2c(c(C)c1O)CCC(C)(C(=O)NCCCCCCCNc1c3c(nc4ccccc14)CCCC3)O2
3655,CHEMBL3410956,690.0,Cc1c(C)c2c(c(C)c1O)CCC(C)(C(=O)NCCCCCCCCNc1c3c(nc4ccccc14)CCCC3)O2
283,CHEMBL131825,690.0,CN(C(=O)Oc1ccc2c(c1)[C@]1(C)CCN(C)[C@@H]1N2C)c1ccccc1
674,CHEMBL106936,690.0,CN(C)Cc1ccc(CSCCNc2cc(NCc3ccccc3)c([N+](=O)[O-])cc2[N+](=O)[O-])o1
2050,CHEMBL335167,690.0,CCc1cccc(CC)c1NC(=O)Oc1ccc2c(c1)[C@]1(C)CCN(C)[C@@H]1N2C
5652,CHEMBL4799601,690.0,COc1cccc2cc[n+](-c3ccc(C(F)(F)F)cc3)cc12.[Br-]
5132,CHEMBL4527770,690.0,COc1ccc(-c2nc(NCC3CCN(Cc4ccccc4C(F)(F)F)CC3)sc2-c2ccc(OC)cc2)cc1
2860,CHEMBL2440134,690.0,COc1c(F)c[n+](CCCCOc2ccc3c(C)cc(=O)oc3c2)cc1F.O=S(=O)([O-])C(F)(F)F
5835,CHEMBL4846646,691.0,O=C(CC1CCN(Cc2ccccc2F)CC1)Nc1n[nH]c2cc(-c3cccnc3)ccc12
6691,CHEMBL5557161,699.0,O=C(Cn1nc(-c2ccccc2)c(-c2ccccc2)nc1=O)Nc1ccc([N+](=O)[O-])cc1Cl
3229,CHEMBL659,700.0,COc1ccc2c3c1O[C@H]1C[C@@H](O)C=C[C@@]31CCN(C)C2
2117,CHEMBL1642986,700.0,CC(C)(C)c1cc[n+](Cc2cccc(C[n+]3ccc(C(C)(C)C)cc3)c2)cc1.[Br-].[Br-]
2676,CHEMBL636,700.0,CCN(C)C(=O)Oc1cccc([C@H](C)N(C)C)c1
1715,CHEMBL141801,700.0,COc1ccc(N(CCC2CCN(Cc3ccccc3)CC2)C(C)=O)cc1
4329,CHEMBL3425894,700.0,C[n+]1c(/C=C/c2cc3ccccc3[nH]2)ccc2ccccc21.[I-]
4339,CHEMBL4097284,700.0,CCN(CC)c1ccc(/C=C/c2ccc3ccccc3[n+]2C)c(OC)c1.[I-]
4122,CHEMBL4075571,700.0,CCN(CC)Cc1ccc(/C=C2\Oc3cc(OC)c(OC)cc3C2=O)cc1O
1560,CHEMBL430886,700.0,[Br-].[Br-].c1cc[n+](CCCCCCCCCCC[n+]2ccccc2)cc1
37,CHEMBL292788,700.0,CN1CC[C@@]2(C)c3cc(OC(=O)NCCN4CCOCC4)ccc3N(C)[C@@H]12
6947,CHEMBL659,700.0,COc1ccc2c3c1O[C@H]1C[C@@H](O)C=C[C@@]31CCN(C)C2
1597,CHEMBL1084167,700.0,CC(=O)Nc1cccc2n1cc(-c1ccc(OC(=O)N(C)C)cc1)[n+]2C.[Cl-]
4852,CHEMBL295124,700.0,COc1ccc2cc3[n+](cc2c1OC)CCc1cc2c(cc1-3)OCO2
3934,CHEMBL3828443,702.0,CCCCCCCNC(=O)Oc1cccc(-n2cc(COc3ccc4ccc(=O)oc4c3)nn2)c1
493,CHEMBL51934,702.0,Nc1c2c(nc3ccccc13)CCCC2O
6700,CHEMBL5555737,708.0,COc1cc(NC(=O)Cn2nc(-c3ccccc3)c(-c3ccccc3)nc2=O)cc(OC)c1OC
3432,CHEMBL3582208,708.0,N#Cc1cc2c(cn1)[nH]c1ncc(-c3ccc(CN4CCC[C@@H](O)C4)cc3)cc12
5092,CHEMBL4443695,710.0,Fc1ccc(CNC2CCN(Cc3ccccc3)CC2)c(F)c1
1419,CHEMBL512096,710.0,CC1(C)CC(=O)C2=C(C1)Nc1nc3c(c(N)c1C2c1ccccc1)CCCC3
6621,CHEMBL5396071,710.0,COc1cccc(C(c2ccc(F)cc2)N2CCN(c3cnccn3)CC2)c1O
4406,CHEMBL4174269,710.0,COc1cc2c(cc1OC)C(=O)C(CC1CCN(Cc3cc(N)c4ccccc4n3)CC1)C2
160,CHEMBL1202875,710.0,Cl.Cl.O.c1ccc(CN2CCC(CCOc3ccc(-c4ccccc4)nn3)CC2)cc1
4099,CHEMBL4080105,710.0,COc1cc(/C=C/C(=O)Nc2ccccc2)ccc1OCCCCCCN1CCCCC1
6869,CHEMBL5187045,710.0,CCN(CC)C(=O)c1ccc2c(c1)nc(Cc1ccc(OC(=O)N3CCC3)cc1)n2CCC(C)C
6002,CHEMBL5187045,711.0,CCN(CC)C(=O)c1ccc2c(c1)nc(Cc1ccc(OC(=O)N3CCC3)cc1)n2CCC(C)C
6566,CHEMBL5409352,711.0,O=c1cc(-c2ccc(O)cc2)oc2cccc(OCc3ccccc3)c12
1140,CHEMBL245047,714.0,COc1cccc(CN(C)Cc2ccc(-c3cc4cc(OC)c(OC)cc4oc3=O)cc2)c1
3606,CHEMBL3623561,715.0,CC(C)(C)c1cccc(C(=O)CF)c1
4843,CHEMBL4567394,716.0,CCCCN1CCC(CCC(=O)c2ccc3[nH]ccc3c2)CC1
6703,CHEMBL5532603,719.0,O=C(Cn1nc(-c2ccccc2)c(-c2ccccc2)nc1=O)Nc1ccccc1Cl
5269,CHEMBL4762873,720.0,O=C(NO)c1ccc(Nc2c3ccccc3nc3ccccc23)cc1
5653,CHEMBL4793631,720.0,COc1cccc2cc[n+](-c3ccc(I)cc3)cc12.[Br-]
2862,CHEMBL2441682,720.0,COc1ccc(C(F)(F)F)c[n+]1CCCCCOc1ccc2c(C)cc(=O)oc2c1.O=S(=O)([O-])C(F)(F)F
5098,CHEMBL4442580,720.0,O=[N+]([O-])c1ccc(CNC2CCN(Cc3ccccc3)CC2)cc1
2258,CHEMBL1773480,720.0,CN(Cc1ccccc1)Cc1ccc(C(=O)c2ccc(NC(=O)CN3CCOCC3)cc2)cc1
4058,CHEMBL3928459,729.0,COC(=O)C1=C(C)Nc2nc3c(c(N)c2C1c1cccc([N+](=O)[O-])c1)CSC3
3870,CHEMBL3818089,729.0,COc1cc(/C=C/C(=O)NCCC2CCN(Cc3ccccc3)CC2)ccc1O
4018,CHEMBL3948489,730.0,Brc1ccc(/C=C2/CNCC3=C2N=C2SC=C(c4ccc5ccccc5c4)N2C3c2ccc(Br)cc2)cc1
5312,CHEMBL4796437,730.0,NC(=O)c1sc(-c2ccnc(NC(=O)C3CC3)c2)nc1OCCC1CCN(Cc2ccccc2)CC1
5029,CHEMBL4459500,730.0,Cl.Cl.N[C@@H](Cc1c[nH]c2ccccc12)C(=O)NCCNc1c2c(nc3ccccc13)CCCC2
4061,CHEMBL3941497,732.0,COC(=O)C1=C(C)Nc2nc3c(c(N)c2C1c1cccc([N+](=O)[O-])c1)CCCC3Cl
6704,CHEMBL5555983,734.0,O=C(Cn1nc(-c2ccccc2)c(-c2ccccc2)nc1=O)Nc1ccccc1[N+](=O)[O-]
6065,CHEMBL5204532,735.0,O=C(COc1ccc(-c2ccccc2)cc1)NCCN1CCN(Cc2ccccc2)CC1
790,CHEMBL268499,740.0,CN(C)Cc1ccc(CSCCCCCCSCc2ccc(CN(C)C)o2)o1
5212,CHEMBL4645659,740.0,COc1ccc(CCC(=O)Nc2nc(-c3cc4ccccc4oc3=O)cs2)cc1OC
1805,CHEMBL1083057,740.0,CN(CCCCCNc1ccc(-c2ccccc2)nn1)Cc1ccccc1
4704,CHEMBL4285714,740.0,CN(C)CCOC(=O)/C=C/c1ccc2oc(C(=O)Nc3ccccc3)cc(=O)c2c1
6433,CHEMBL5278549,740.0,Cc1ccc(-c2noc(-c3cccc(OCC4CCN(Cc5ccccc5)CC4)c3)n2)cn1
5342,CHEMBL4796846,741.0,O=[N+]([O-])c1ccc(CNC2CCN(Cc3ccccc3)C2)cc1
158,CHEMBL62084,743.0,Nc1c2c(nc3ccc(Cl)cc13)CCCC2
2311,CHEMBL1783530,744.0,C[C@@H]([C@H]1[C@H](O)C[C@@]2(C)[C@@H]3CC[C@H]4[C@]5(C)COC(C(C)(C)F)=N[C@H]5CC[C@@]45C[C@@]35C(=O)C[C@]12C)N(C)C
5187,CHEMBL4639105,748.0,COc1cc2cc(NC(=O)CCCNCc3ccccc3)c(=O)oc2cc1OC
6949,CHEMBL5760715,748.0,CCCCN1CCC(CCC(=O)c2ccc(N)cc2OC)CC1
6295,CHEMBL5275040,750.0,COc1cc([C@@H](O)[C@H](CO[C@@H]2O[C@H](CO)[C@@H](O)[C@H](O)[C@H]2O)Oc2ccc(CCCO)cc2OC)ccc1O
4117,CHEMBL4095908,750.0,COc1cccc(C2c3ccc4cccnc4c3Oc3nc4c(c(N)c32)CCCC4)c1
86,CHEMBL314658,750.0,COc1cc2cc(C(=O)CC3=CC[N+](C)(Cc4ccccc4)CC3)sc2cc1OC.[Br-]
4783,CHEMBL4292766,750.0,CC(C)(C)c1cc(/C=C/C(=O)NCCC2CCN(Cc3ccccc3F)CC2)cc(C(C)(C)C)c1O
3957,CHEMBL3818512,750.0,COc1cccc(/C=C/C(=O)NCCC2CCN(Cc3ccccc3)CC2)c1
5121,CHEMBL4544950,750.0,COc1ccc(-c2nc(NC3CCN(Cc4ccc(C(F)(F)F)cc4)CC3)sc2-c2ccc(OC)cc2)cc1
0,CHEMBL133897,750.0,CCOc1nn(-c2cccc(OCc3ccccc3)c2)c(=O)o1
3306,CHEMBL129837,750.0,CC(C)c1ccc(NC(=O)Oc2ccc3c(c2)[C@]2(C)CCN(C)[C@@H]2N3C)cc1
1938,CHEMBL1084776,750.0,Cc1ccc2c(Nc3ccccc3)c3c(nc2c1)CCCC3
909,CHEMBL186090,750.0,COc1cc2c(cc1OC)SC(C(=O)CC1C=CC[N+](C)(Cc3ccccc3)CC1)C2
387,CHEMBL64465,750.0,Cc1ccc2c(NCc3ccccc3)c3c(nc2c1)CCCC3
6699,CHEMBL5532467,753.0,O=C(Cn1nc(-c2ccccc2)c(-c2ccccc2)nc1=O)Nc1ccccc1O
3855,CHEMBL3818801,755.0,O=C1/C(=C/C2CCN(Cc3ccccc3)CC2)Cc2cc3c(cc21)OCO3
6471,CHEMBL5265814,756.0,O=C1CC2CCc3ccsc3C2=NN1CCCCN1CCN(Cc2ccccc2)CC1
4055,CHEMBL3965431,757.0,CC1=C(C(=O)OC2CCC2)C(c2ccccc2F)c2c(nc3c(c2N)CC(C)(C)CC3)N1
580,CHEMBL417915,758.0,CC(C)c1ccc(NC(=O)Oc2ccc3c(c2)[C@]2(C)CCN(C)C2N3C)cc1
6209,CHEMBL129837,758.0,CC(C)c1ccc(NC(=O)Oc2ccc3c(c2)[C@]2(C)CCN(C)[C@@H]2N3C)cc1
496,CHEMBL1127,759.0,Nc1c2c(nc3ccccc13)CC(O)CC2
4424,CHEMBL4160790,759.0,O=C(Nc1cc(Cl)nc(Cl)c1)OCCCCCCNCc1ccccc1
5757,CHEMBL4854298,759.0,CCOC(=O)/C(=N\Nc1ccccc1[N+](=O)[O-])C(=O)C(F)(F)F
4356,CHEMBL4078305,760.0,O=C(CC[C@H](NC(=O)c1ccccc1)C(=O)O)NCCC1CCN(Cc2ccccc2)CC1
291,CHEMBL129837,760.0,CC(C)c1ccc(NC(=O)Oc2ccc3c(c2)[C@]2(C)CCN(C)[C@@H]2N3C)cc1
820,CHEMBL417915,760.0,CC(C)c1ccc(NC(=O)Oc2ccc3c(c2)[C@]2(C)CCN(C)C2N3C)cc1
1004,CHEMBL129837,760.0,CC(C)c1ccc(NC(=O)Oc2ccc3c(c2)[C@]2(C)CCN(C)[C@@H]2N3C)cc1
734,CHEMBL555641,760.0,CN(C)C(=O)Oc1ccc2c(c1)C(N)CC2.Cl
2022,CHEMBL417915,760.0,CC(C)c1ccc(NC(=O)Oc2ccc3c(c2)[C@]2(C)CCN(C)C2N3C)cc1
2765,CHEMBL416,760.0,COc1c2occc2cc2ccc(=O)oc12
2863,CHEMBL2441681,760.0,COc1ccc(C(F)(F)F)c[n+]1CCCCOc1ccc2c(C)cc(=O)oc2c1.O=S(=O)([O-])C(F)(F)F
391,CHEMBL332760,760.0,CC(C)c1ccc(NC(=O)Oc2ccc3c(c2)[C@]2(C)CCN(C)[C@@H]2N3C)cc1.O=C(O)C(O)C(O)C(=O)O
4242,CHEMBL4068410,760.0,CC(C)c1ccc(NC(=O)Oc2ccc3c(c2)[C@]2(C)CCC(C)[C@@H]2C3C)cc1
6915,CHEMBL5641542,762.0,COc1ccc2c3c1O[C@H]1C[C@@H](O)C=C[C@@]31CCN(CC#CCNC13CC4CC(C)(CC(C)(C4)C1)C3)C2
6164,CHEMBL5175815,763.0,Cc1ccc2nc3c(c(NCCCl)c2c1)CCCC3
6059,CHEMBL5202267,767.0,O=C(COc1ccccc1C(F)(F)F)NCC1CCN(Cc2ccccc2)CC1
4596,CHEMBL4204901,768.0,COc1ccc(Cn2cc(C(=O)NCCCCCCCCNc3c4c(nc5ccccc35)CCCC4)c(=O)c3ccccc32)cc1
4048,CHEMBL3947803,768.0,CCOC(=O)C1=C(C)Nc2nc3c(c(N)c2C1c1ccc(C(F)(F)F)cc1)CC(C)CC3
4052,CHEMBL3933508,770.0,CCOC(=O)C1=C(C)Nc2nc3c(c(N)c2C1c1cccc(Cl)c1)CC(C)(C)CC3
5122,CHEMBL4562938,770.0,COc1ccc(CN2CCC(Nc3nc(-c4ccc(OC)cc4)c(-c4ccc(OC)cc4)s3)CC2)cc1
6692,CHEMBL5557905,772.0,O=C(Cn1nc(-c2ccccc2)c(-c2ccccc2)nc1=O)Nc1cc(Br)cc(Br)c1
7027,CHEMBL6150719,773.5,COc1cc2c(cc1O)CC(CC1CCN(Cc3ccccc3)CC1)C2=O
6879,CHEMBL5597242,774.0,CCOC(=O)C1=C(Nc2ccc(F)cc2)CC(c2ccc(F)cc2)N(c2ccc(F)cc2)C1c1ccc(F)cc1
2384,CHEMBL12089,774.0,COc1ccc2cc3[n+](cc2c1OC)CCc1cc2c(cc1-3)OCO2.[Cl-]
3448,CHEMBL3582229,777.0,c1cc(-c2cc3c(cn2)[nH]c2ncc(-c4ccc(CN5CCCCC5)cc4)cc23)ccn1
1579,CHEMBL1087194,780.0,CCOC(=O)c1cc2c(N)c3c(nc2nc1C)CCCC3
4806,CHEMBL4537240,780.0,O=C(/C=C/c1ccc(OCCCCCCN2CCCC2)cc1)c1ccc(OCCCCCCN2CCCC2)cc1O
6338,CHEMBL3559488,780.0,COC(=O)C1=CO[C@@H](C)[C@H]2C[n+]3ccc4c([nH]c5ccccc54)c3C[C@H]12
1587,CHEMBL1087194,780.0,CCOC(=O)c1cc2c(N)c3c(nc2nc1C)CCCC3
4228,CHEMBL4072825,780.0,COc1ccc(N2C(=O)C3CN(C)C4(C(=O)c5ccccc5C4=O)C3C2=O)cc1
6911,CHEMBL807,780.0,CC12CC3CC(C)(C1)CC(N)(C3)C2
310,CHEMBL60745,780.0,CC[N+](C)(C)c1cccc(O)c1.[Br-]
2049,CHEMBL132285,780.4,CN(C)Cc1cc2c(cc1OC(=O)Nc1ccccc1)[C@]1(C)CCN(C)[C@@H]1N2C
342,CHEMBL100366,780.4,CN1CC[C@@]2(C)c3cc(OC(=O)Nc4ccccc4)ccc3N(C=O)C12
275,CHEMBL340867,785.0,Cc1cccc(C)c1NC(=O)Oc1ccc2c(c1)[C@]1(C)CCN(C)[C@@H]1N2C
4889,CHEMBL4435058,786.0,S=C(NNc1c2c(nc3ccccc13)CCCC2)Nc1ccc(Cl)cc1
5395,CHEMBL4752813,790.0,COc1ccc2cc3[n+](cc2c1OC(C)c1ccccc1)CCc1cc2c(cc1-3)OCO2.[Br-]
5700,CHEMBL659,790.0,COc1ccc2c3c1O[C@H]1C[C@@H](O)C=C[C@@]31CCN(C)C2
3461,CHEMBL3586576,790.0,Cc1c(C)c2ccc(OCCCCN(C)Cc3ccccc3)cc2oc1=O
5982,CHEMBL5197832,799.0,CC(=O)N1N=C(c2ccc(-c3ccccc3)cc2)CC1c1ccc2ccccc2c1
6899,CHEMBL5633253,800.0,Fc1cccc(-c2cnc3cccnc3n2)c1
2196,CHEMBL1762003,800.0,[Br-].[Br-].c1ccc2c(c1)ccc[n+]2Cc1ccc2ccc(C[n+]3cccc4ccccc43)cc2c1
4174,CHEMBL4083174,800.0,COc1cc(CCc2ccc(Nc3c4c(nc5cc(Cl)ccc35)CCCC4)cc2)cc(OC)c1
4211,CHEMBL4070182,800.0,COc1ccc(CNc2c3c(nc4cc(Cl)ccc24)CCCC3)cc1OC
1078,CHEMBL374729,800.0,COc1ccc2[nH]c3c(C)[n+](C)ccc3c2c1
2920,CHEMBL3093794,800.0,[Br-].[Br-].c1cc[n+](CCCCCCC[n+]2ccc3ccccc3c2)cc1
3239,CHEMBL3335066,800.0,O=c1oc2cc(OCCCN3CCN(Cc4ccccc4)CC3)ccc2c2ccccc12
1745,CHEMBL141810,800.0,O=C1c2ccccc2NCN1CCC1CCN(Cc2ccccc2)CC1
829,CHEMBL659,800.0,COc1ccc2c3c1O[C@H]1C[C@@H](O)C=C[C@@]31CCN(C)C2
1024,CHEMBL659,800.0,COc1ccc2c3c1O[C@H]1C[C@@H](O)C=C[C@@]31CCN(C)C2
3,CHEMBL130478,800.0,CSc1nc(-c2ccc(OC(F)(F)F)cc2)nn1C(=O)N(C)C
6,CHEMBL336538,800.0,COc1ccc(-c2nc(SC)n(C(=O)N(C)C)n2)cc1
2284,CHEMBL659,800.0,COc1ccc2c3c1O[C@H]1C[C@@H](O)C=C[C@@]31CCN(C)C2
591,CHEMBL103873,800.0,CCCCCSC(=O)OCC[N+](C)(C)C.[Cl-]
2048,CHEMBL95,800.0,Nc1c2c(nc3ccccc13)CCCC2
2277,CHEMBL659,800.0,COc1ccc2c3c1O[C@H]1C[C@@H](O)C=C[C@@]31CCN(C)C2
13,CHEMBL133388,800.0,CSc1nc(-c2ccc(C)cc2)nn1C(=O)N(C)C
395,CHEMBL659,800.0,COc1ccc2c3c1O[C@H]1C[C@@H](O)C=C[C@@]31CCN(C)C2
2981,CHEMBL3122149,801.0,CCNC(=O)c1ccc2nc(-c3ccc(Cl)cc3)c3c(c2c1)N(Cc1ccccc1)CCC3
3570,CHEMBL3623555,802.0,CC(C)n1cc(C(=O)C(F)F)cn1
6999,CHEMBL6149424,802.0,Cc1cc(=O)oc2cc(OCC(=O)N/N=C\c3ccc(C(=O)O)cc3)ccc12
3322,CHEMBL3356950,809.0,COc1ccc2nc3c(c(NCCCNC4=C(Cl)C(=O)c5ccccc5C4=O)c2c1)CCCC3
5583,CHEMBL4787690,810.0,O=c1c(-c2ccc(OCCCCN3CCCCC3)cc2)coc2cc(OCCCCN3CCCCC3)cc(O)c12
904,CHEMBL328715,810.0,c1ccc(CN2CCC(CCNc3noc4ccccc34)CC2)cc1
4876,CHEMBL1929421,810.0,C#CCN(C)Cc1cc2cc(OCCCC3CCN(Cc4ccccc4)CC3)ccc2n1C
6034,CHEMBL5171428,810.0,Cc1cccc2sc(NC(=O)CCN3CCN(C(C)(C)C)CC3)nc12
451,CHEMBL328715,810.0,c1ccc(CN2CCC(CCNc3noc4ccccc34)CC2)cc1
2879,CHEMBL2441665,810.0,COc1cccc(CCc2cccc(OC)[n+]2C)[n+]1C.O=S(=O)([O-])C(F)(F)F.O=S(=O)([O-])C(F)(F)F
6923,CHEMBL5647393,810.0,COc1ccc(-c2cc(-c3ccc(OC)c(OC)c3)c3c(N)n[nH]c3n2)cc1
5193,CHEMBL1929421,810.0,C#CCN(C)Cc1cc2cc(OCCCC3CCN(Cc4ccccc4)CC3)ccc2n1C
4942,CHEMBL1929421,810.0,C#CCN(C)Cc1cc2cc(OCCCC3CCN(Cc4ccccc4)CC3)ccc2n1C
2268,CHEMBL1773490,810.0,CCN(CC)CCCCCCCOc1ccc(C(=O)c2ccc(CN(C)Cc3ccccc3)cc2)cc1
1677,CHEMBL328715,810.0,c1ccc(CN2CCC(CCNc3noc4ccccc34)CC2)cc1
1478,CHEMBL575613,810.0,CC1=CC2Cc3nc4ncccc4c(N)c3C(C1)C2
5258,CHEMBL4752675,810.0,CO[C@]1(c2cn(O)c(=O)c(C(=O)[C@H]3[C@@H]4CC[C@@H](C)C[C@H]4C=C[C@H]3C)c2O)CC[C@@H](O)[C@H]2O[C@H]21
6160,CHEMBL5182809,811.0,Cc1ccc2nc3c(c(Nc4[nH]nc5ncccc45)c2c1)CCCC3
1624,CHEMBL306776,812.0,COc1ccccc1CN1CCC(CCC(=O)c2ccc3c(c2)CCN3)CC1
3996,CHEMBL3900401,814.0,COc1cc2c(cc1OC)C(=O)C(CC1CCN(Cc3ncc(C)cc3C)CC1)C2
6093,CHEMBL5201779,820.0,c1cc2c(cc1OCCCN1CCCCC1)CN1CCCCCC1=N2
3154,CHEMBL3323065,820.0,O=c1c2cc(OCCCN3CCCCC3)ccc2nc2n1CCCCC2
5277,CHEMBL4752558,830.0,O=C(NO)c1ccc(Nc2ccnc3ccccc23)cc1
5123,CHEMBL4555730,830.0,COc1ccc(-c2nc(NC3CCN(Cc4ccc(C)cc4)CC3)sc2-c2ccc(OC)cc2)cc1
1713,CHEMBL141853,830.0,CCC(=O)N(CCC1CCN(Cc2ccccc2)CC1)c1ccccc1
2047,CHEMBL1243140,830.0,Cc1ccccc1NC(=O)Oc1ccc2c(c1)[C@]1(C)CCN[C@@H]1N2
4010,CHEMBL3983017,830.0,O=C1/C(=C/c2ccc(Br)cc2)CN(Cc2ccc3ccccc3c2)C/C1=C\c1ccc(Br)cc1
824,CHEMBL362704,830.0,CCNC(=O)Oc1ccc2c(c1)C1(C)COC(C1)O2
30,CHEMBL1203537,830.0,CNC(NCCNCc1ccc(CN2CCCCC2)o1)=C(C#N)C#N.Cl
6827,CHEMBL5568861,832.0,CN(Cc1ccc(COc2ccc3c(CO)cc(=O)oc3c2)cc1)Cc1ccco1
6697,CHEMBL5558946,836.0,O=C(Cn1nc(-c2ccccc2)c(-c2ccccc2)nc1=O)Nc1ccc(F)cc1
1203,CHEMBL396190,839.0,CC(C)C1=N[C@H]2CC=C3C[C@H]4C(=O)C[C@]5(C)[C@@H]([C@H](C)N(C)C)[C@H](OC(=O)C(C)(C)C)C[C@@]5(C)[C@@H]4CC[C@H]3[C@]2(C)CO1
6804,CHEMBL5574870,840.0,COc1ccccc1Oc1ccc2nc3c(c(N)c2c1)CCCC3.Cl
4990,CHEMBL1459962,840.0,Cc1cc(N2CCCCC2)nc2ccccc12
5924,CHEMBL4571763,840.0,Cc1c(C)c2ccc(OCC3CCCN(Cc4ccccc4)C3)cc2oc1=O
4829,CHEMBL4470448,840.0,Cc1c(C)c2ccc(OCC3CCN(Cc4cccc(OCCCO)c4)CC3)cc2oc1=O
5718,CHEMBL4866457,840.0,COc1cc(/C=C/C(=O)NCC(=O)NCCc2c[nH]c3ccc(Cl)cc23)ccc1O
4065,CHEMBL3900977,842.0,CC1=C(C(=O)OC(C)C)C(c2cncnc2)c2c(nc3c(c2N)CC(C)(C)CC3)N1
6150,CHEMBL5176917,844.0,CN1CCN(CCC(=O)Nc2n[nH]c3ncccc23)CC1
6254,CHEMBL3416654,845.0,COc1ccc(/C=C2\Oc3cc(OCCN4CCCCC4)ccc3C2=O)cc1
5983,CHEMBL5189505,845.0,CC(=O)N1N=C(c2ccc(C)cc2)CC1c1ccc(-c2ccccc2)cc1
1650,CHEMBL72967,847.0,COc1cccc(CN2CCC(CCC(=O)c3ccc4c(c3)NCCCC4)CC2)c1
5095,CHEMBL1348834,850.0,Clc1ccc(CNC2CCN(Cc3ccccc3)CC2)cc1
4360,CHEMBL4093947,850.0,CCOC(=O)[C@H](CCC(=O)NCCC1CCN(Cc2ccccc2)CC1)NC(=O)c1ccccc1
713,CHEMBL150638,850.0,C#CCN(C)CCc1cccc(OC(=O)N(C)C)c1
3808,CHEMBL3785861,852.0,CCCCCCCNC(=O)Oc1ccc2c(c1)CN(C)C(c1cc[nH]c1)N2C
3856,CHEMBL3819531,853.0,COc1cccc(CN2CCC(/C=C3\Cc4cc(OC)ccc4C3=O)CC2)c1
1636,CHEMBL307693,853.0,O=C(CCC1CCN(Cc2ccccc2)CC1)c1ccc2c(c1)N(Cc1ccccc1)CC2
1458,CHEMBL584603,855.0,CCC1=CC2Cc3nc4ncccc4c(N)c3C(C1)C2
6480,CHEMBL5288465,860.0,O=C1CC2CCc3sccc3C2=NN1CCCCN1CCN(Cc2ccccc2)CC1
4832,CHEMBL4530960,860.0,Cc1c(C)c2ccc(OCC3CCN(CCCO[N+](=O)[O-])CC3)cc2oc1=O
4695,CHEMBL4291046,860.0,CCN(CC)CCOC(=O)/C=C/c1ccc2oc(C(=O)Nc3ccc(Cl)cc3)cc(=O)c2c1
705,CHEMBL545801,860.0,C#CCNC1CCc2ccc(OC(=O)N(C)c3ccc(OC)cc3)cc21.Cl
3343,CHEMBL3402710,860.0,CN(CCCCCCCCN1C(=O)c2ccccc2C1=O)Cc1ccccc1.Cl
5330,CHEMBL4755226,864.0,FC(F)(F)Oc1ccc(/C=N\C2CCN(Cc3ccccc3)C2)cc1
2895,CHEMBL398628,868.0,CCOC(=O)C1=C(C)Oc2nc3c(c(N)c2C1c1ccc(OC)cc1)CCCC3
3600,CHEMBL3623555,869.0,CC(C)n1cc(C(=O)C(F)F)cn1
4746,CHEMBL4294701,870.0,COc1cccc2oc(C(=O)NCCC3CCN(Cc4ccccc4)CC3)cc(=O)c12
2991,CHEMBL3133434,870.0,O=C(CN1CCN(Cc2ccccc2)CC1)NC1c2cnn(-c3ccccc3)c2-c2c(Br)sc(Br)c21
3975,CHEMBL3921061,870.0,CN(C)C(=O)Oc1cccc(C(=O)/C=C/c2ccc(O)cc2)c1
5137,CHEMBL4530559,870.0,Cc1ccccc1CN1CCC(CNc2nc(-c3ccc(Cl)cc3)c(-c3ccc(Cl)cc3)s2)CC1
7026,CHEMBL6147750,871.6,COc1cc2c(cc1O)C(=O)C(CC1CCN(Cc3ccccc3)CC1)C2
3446,CHEMBL3582227,874.0,Cn1cc(-c2cc3c(cn2)[nH]c2ncc(-c4ccc(CN5CCCCC5)cc4)cc23)cn1
4733,CHEMBL4287548,880.0,COc1ccc2[nH]c(C(=O)NCCC3CCN(Cc4ccccc4)CC3)cc(=O)c2c1
3128,CHEMBL3289936,880.0,CN(C)c1ccc(/C=C2/CNC/C(=C\c3ccc(N(C)C)cc3[N+](=O)[O-])C2=O)c([N+](=O)[O-])c1
5271,CHEMBL4796066,880.0,O=C(NO)c1ccc(Nc2c3ccccc3nc3ccc(Br)cc23)cc1
4823,CHEMBL4583273,880.0,CN1c2ccc(OC(=O)NCCCCCCN3CCCC3)cc2CN2CCc3ccccc3C21
6063,CHEMBL5177371,880.0,COc1ccc(OCC(=O)NCC2CCN(Cc3ccccc3)CC2)cc1
6024,CHEMBL5187324,880.0,CN(CCCOc1ccc([N+](=O)[O-])cc1)C(=O)c1cnc(CC(=O)c2cccs2)nc1
2990,CHEMBL3133436,880.0,Cn1ncc2c1-c1c(Br)sc(Br)c1C2NC(=O)CN1CCN(Cc2ccccc2F)CC1
3998,CHEMBL3944652,883.0,COc1cc2c(cc1OC)C(=O)C(CC1CCN(Cc3cccc(Cl)n3)CC1)C2
1538,CHEMBL598645,890.0,CCN(CC)CCCCOc1ccc2c(c1)C(=O)/C(=C/c1ccc(CN(C)Cc3ccccc3)cc1)C2
4486,CHEMBL4164540,890.0,Cc1cc(=O)oc2cc(OCCSC(=S)N3CCCC3)ccc12
1988,CHEMBL325109,890.0,COc1cc(N)c(Cl)cc1C(=O)NC1CCN(Cc2ccccc2)CC1
2630,CHEMBL2237995,890.0,Nc1cc(-c2ccccc2Br)nc2nc(-c3ccccc3)cc(C(F)(F)F)c12
4364,CHEMBL4080691,890.0,CCOC(=O)[C@H](CCC(=O)NCCC1CCN(Cc2ccccc2)CC1)NC(=O)c1ccc2cc(OC)ccc2c1
6898,CHEMBL5633252,890.0,Cc1cccc(-c2cnc3cccnc3n2)c1
3433,CHEMBL3582209,890.0,N#Cc1cc2c(cn1)[nH]c1ncc(-c3ccc(CN4CCC(F)CC4)cc3)cc12
5925,CHEMBL4464759,890.0,Cc1c(C)c2ccc(OCC3CCN(CCCO)CC3)cc2oc1=O
4830,CHEMBL4464759,890.0,Cc1c(C)c2ccc(OCC3CCN(CCCO)CC3)cc2oc1=O
4353,CHEMBL4079599,890.0,CCCCCCOC(=O)[C@@H](CCC(=O)NCCC1CCN(Cc2ccccc2)CC1)NC(=O)c1ccccc1
6864,CHEMBL5595921,890.0,C/C(NCCCCNc1c2c(nc3ccccc13)CCCC2)=C(/N=N/c1ccc(C)cc1)C(=O)c1ccccc1
1537,CHEMBL597821,890.0,CN(Cc1ccccc1)Cc1ccc(/C=C2\Cc3ccc(OCCCCN4CCOCC4)cc3C2=O)cc1
1150,CHEMBL413793,892.0,COc1ccc2cc(-c3ccc(CN(C)Cc4ccccc4)cc3)c(=O)oc2c1
4053,CHEMBL3985662,893.0,COC(=O)C1=C(C)Nc2nc3c(c(N)c2C1c1ccccc1)CC(C)(C)CC3
4445,CHEMBL4174372,893.8,COc1ccc2c(c1)CCC(Cc1cc[n+](Cc3ccccc3C)cc1C(N)=O)C2=O.[Br-]
2007,CHEMBL1085703,894.0,COc1ccccc1CN(C)CCCN(C)CCCNCCC[n+]1c(-c2ccccc2)c2cc(N)ccc2c2ccc(N)cc21.[Cl-]
4448,CHEMBL4173313,896.0,COc1cc2c(cc1OC)C(=O)C(Cc1cc[n+](CCc3ccccc3)cc1C(N)=O)C2.[Br-]
3419,CHEMBL3577520,900.0,CCN(CCCOc1ccc(-c2cc(=O)c3c(O)c(OC)c(OC)cc3o2)cc1)Cc1ccccc1OC
3257,CHEMBL3335048,900.0,O=c1oc2cc(OCCCN3CCN(Cc4ccccc4)CC3)ccc2c2c1CCCC2
5113,CHEMBL4452092,900.0,O=[N+]([O-])c1ccc(/C=N/C2CCN(Cc3ccccc3)CC2)cc1
3918,CHEMBL3827189,900.0,CN(CCCOc1ccc2cc(-c3ccc(Cl)cc3)c(=O)oc2c1)Cc1cccc(OC(=O)NCCCCCc2ccccc2)c1
884,CHEMBL366114,900.0,COc1cc2c(cc1OC)SC(C(=O)CCc1cc[n+](C)cc1)C2
1674,CHEMBL93241,900.0,c1ccc(CN2CCC(CCCc3noc4ccccc34)CC2)cc1
107,CHEMBL441632,900.0,COc1cc2cc(C(=O)CCc3cc[n+](C)cc3)sc2cc1OC.[Br-]
4878,CHEMBL4445026,900.0,C(=N/Nc1c2c(nc3ccccc13)CCCC2)\c1ccc(OCc2cn(-c3ccccc3)nn2)cc1.Cl
7114,CHEMBL6168314,900.0,CN(CCCOc1ccc([N+](=O)[O-])cc1)C(=O)c1cnc(N2CCN(c3ccc(C(=O)N4CCOCC4)cc3[N+](=O)[O-])CC2)nc1
6072,CHEMBL5185234,900.0,O=C(COc1ccc(CCc2ccccc2)cc1)NCCN1CCN(Cc2ccccc2)CC1
450,CHEMBL93241,900.0,c1ccc(CN2CCC(CCCc3noc4ccccc34)CC2)cc1
5674,CHEMBL4776809,900.0,COc1cccc2cc[n+](-c3ccc(Br)cc3F)cc12.[Br-]
800,CHEMBL13166,900.0,CN(C)Cc1ccc(CSCCCCCSCc2ccc(CN(C)C)o2)o1
7219,CHEMBL6152748,900.0,Nc1c2c(nc3ccc(-c4ccc(F)nc4)cc13)CCCC2
3245,CHEMBL3335060,900.0,O=c1oc2cc(OCCN3CCN(Cc4ccccc4)CC3)ccc2c2ccccc12
5202,CHEMBL519926,903.0,COc1ccc([C@H]2OC[C@H]3[C@@H]2CO[C@@H]3c2cc(OC)c(OC)c(OC)c2)cc1OC
5985,CHEMBL5177419,903.0,CC(=O)N1N=C(c2ccc(Br)cc2)CC1c1ccc(-c2ccccc2)cc1
3467,CHEMBL3586594,910.0,Cc1cc(=O)oc2cc(OCc3ccc(CN(C)Cc4ccccc4)cc3)ccc12.Cl
5916,CHEMBL5094348,910.0,Cc1c(C)c2ccc(OCCCN(Cc3cccc(F)c3)C(C)C)cc2oc1=O
3479,CHEMBL3586199,910.0,CC(=O)O[C@H]1CC[C@@]2(C)[C@@H](CC[C@@]3(C)C[C@@]4(O)CC[C@H]5C(C)(C)[C@@H](OC(C)=O)CC[C@]5(C)[C@H]4CC[C@@H]32)C1(C)C
7073,CHEMBL6146847,910.0,COc1ccc2[nH]cc(CCNC(=O)Nc3cccc(/C(N)=N/O)c3)c2c1
4702,CHEMBL4287595,910.0,COc1ccc(NC(=O)c2cc(=O)c3cc(/C=C/C(=O)OCCN(C)C)ccc3o2)cc1
6554,CHEMBL5419644,910.0,CCN(CCCCCOc1cc(O)c2c(c1)OC(c1ccc(O)cc1)CC2=O)Cc1ccccc1
5989,CHEMBL5184984,913.0,CC(=O)N1N=C(c2ccc3c(c2)OCO3)CC1c1ccc(-c2ccccc2)cc1
7222,CHEMBL6177054,914.0,COc1ncc(-c2ccc3nc4c(c(N)c3c2)CCCC4)c(OC)n1
6722,CHEMBL5532614,914.0,COc1cc2ncnc(N3CCN(c4ccccc4[N+](=O)[O-])CC3)c2cc1OC
6884,CHEMBL5590860,916.0,CCOC(=O)C1=C(Nc2ccc(F)cc2)CC(c2ccc(Cl)cc2)N(c2ccc(F)cc2)C1c1ccc(Cl)cc1
4056,CHEMBL3981946,919.0,COCCOC(=O)C1=C(C)Nc2nc3c(c(N)c2C1c1ccccc1Cl)CC(C)(C)CC3
3120,CHEMBL3289926,920.0,CCOC(OCC)c1ccc(/C=C2\CNC/C(=C\c3ccc(C(OCC)OCC)cc3)C2=O)cc1
4818,CHEMBL636,920.0,CCN(C)C(=O)Oc1cccc([C@H](C)N(C)C)c1
740,CHEMBL636,920.0,CCN(C)C(=O)Oc1cccc([C@H](C)N(C)C)c1
1265,CHEMBL636,920.0,CCN(C)C(=O)Oc1cccc([C@H](C)N(C)C)c1
6714,CHEMBL5559245,921.0,COc1cc2ncnc(N3CCN(Cc4ccc(Cl)cc4)CC3)c2cc1OC
3928,CHEMBL3827220,922.0,O=C(NCCCCCc1ccccc1)Oc1cccc(Cn2cc(COc3ccc4ccc(=O)oc4c3)nn2)c1
4470,CHEMBL4160310,923.0,COc1ccc(C(=O)CCC2C=CN(Cc3cccc(Cl)c3)C=C2C#N)cc1OC
4474,CHEMBL4160696,924.0,COc1cc2c(cc1OC)C(=O)C(CC1C=CN(Cc3ccccc3)C=C1C(C)=O)CC2
1211,CHEMBL95,926.0,Nc1c2c(nc3ccccc13)CCCC2
6901,CHEMBL5633087,927.0,Clc1ccc(Cn2cc(CNC3CCCCCC3)nn2)cc1
271,CHEMBL553187,930.0,CN(CCCCCNc1ccc(-c2ccccc2)nn1)Cc1ccccc1.Cl
56,CHEMBL65356,930.0,CN1CC[C@@]2(C)c3cc(OC(=O)NCCCCCCN4CCOCC4)ccc3N(C)[C@@H]12
3869,CHEMBL477772,930.0,Cc1ccc(Nc2nccc(N(C)c3ccc4c(C)n(C)nc4c3)n2)cc1S(N)(=O)=O
2995,CHEMBL3133427,930.0,Cn1ncc2c1-c1sccc1C2NC(=O)CN1CCN(Cc2ccccc2)CC1
6881,CHEMBL5598380,932.0,CCOC(=O)C1=C(Nc2ccc(F)cc2)CC(c2ccc(C(F)(F)F)cc2)N(c2ccc(F)cc2)C1c1ccc(C(F)(F)F)cc1
6716,CHEMBL236487,932.0,COc1cc2ncnc(N3CCN(Cc4ccc(F)cc4)CC3)c2cc1OC
6954,CHEMBL3414597,937.0,COc1cc(N)c(Cl)cc1C(=O)CCC1CCN(CC2CC2)CC1
3375,CHEMBL3414597,937.0,COc1cc(N)c(Cl)cc1C(=O)CCC1CCN(CC2CC2)CC1
3759,CHEMBL3764100,940.0,Cc1ccc2c(c1)C1(C(=O)N2)C(C#N)=C(N)N2CCCNC2=C1[N+](=O)[O-]
5019,CHEMBL4467355,940.0,COc1ccc2nc3c(c(NCCCCCCNC(=O)[C@@H](N)Cc4c[nH]c5ccccc45)c2c1)CCCC3.Cl.Cl
3394,CHEMBL3415564,941.0,O=C1c2ccccc2C(=O)N1CCCCCCNCc1ccccc1F
6695,CHEMBL5555683,941.0,O=C(Cn1nc(-c2ccccc2)c(-c2ccccc2)nc1=O)Nc1ccc(Br)cc1
2980,CHEMBL3122150,942.0,CCNCc1ccc2nc(-c3ccc(Cl)cc3)c3c(c2c1)N(Cc1ccccc1)CCC3
7229,CHEMBL6171344,948.0,CN(C)c1cccc(-c2ccc3nc4c(c(N)c3c2)CCCC4)c1
7226,CHEMBL6172838,948.0,Nc1c2c(nc3ccc(-c4cccs4)cc13)CCCC2
3414,CHEMBL3577508,950.0,COc1cc2oc(-c3ccc(OCCCCN(C)Cc4ccccc4)cc3)cc(=O)c2c(OC)c1OC
3465,CHEMBL3586592,950.0,CN(Cc1ccccc1)Cc1ccc(COc2ccc3ccc(=O)oc3c2)cc1
1569,CHEMBL1082081,950.0,CCCCCCOC(=O)[C@H](CCC(=O)NCCC1CCN(Cc2ccccc2)CC1)NC(=O)OC(C)(C)C
3651,CHEMBL3410952,950.0,Cc1c(C)c2c(c(C)c1O)CCC(C)(C(=O)NCCCCNc1c3c(nc4ccccc14)CCCC3)O2
1252,CHEMBL257540,952.0,COc1ccccc1CNCCCNCCCNCCC[n+]1c(-c2ccccc2)c2cc(N)ccc2c2ccc(N)cc21
839,CHEMBL361165,952.0,COc1ccccc1CN(C)CCCN(C)CCCNCCC[n+]1c(-c2ccccc2)c2cc(N)ccc2c2ccc(N)cc21
6706,CHEMBL5550021,953.0,Cc1ccccc1NC(=O)Cn1nc(-c2ccccc2)c(-c2ccccc2)nc1=O
494,CHEMBL51934,954.0,Nc1c2c(nc3ccccc13)CCCC2O
3280,CHEMBL3343714,954.2,CCCN(CCC)c1ccc(/C=C2\Cc3cc(OC)c(OCCN4CCCCC4)cc3C2=O)cc1
1224,CHEMBL251077,960.0,CC(=O)O[C@H]1[C@H]2c3cc4c(cc3CN3CCC(=C[C@@H]1O)[C@H]23)OCO4
5717,CHEMBL4869703,960.0,COc1ccc2[nH]cc(CCNC(=O)CNC(=O)/C=C/c3ccc(O)c(OC)c3)c2c1
7083,CHEMBL4854322,960.0,COc1cc(/C=C/C(=O)NCC(=O)NCCc2c[nH]c3ccccc23)ccc1O
4894,CHEMBL4459154,961.0,NS(=O)(=O)c1ccc(NC(=S)NNc2c3c(nc4ccccc24)CCCC3)cc1
5970,CHEMBL5183930,964.0,CCN(CC)Cc1ccc(/C=C2\Cc3ccc(OC)cc3C2=O)cc1
5334,CHEMBL4744470,965.0,Fc1ccc(/C=N\C2CCN(Cc3ccccc3)C2)c(F)c1
309,CHEMBL609149,970.0,CN(C)C(=O)Oc1ccc2c(c1)[C@]1(C)CCN(C)C1N2C
4755,CHEMBL4290940,970.0,COc1ccc2oc(C(=O)NC3CCN(Cc4ccccc4)CC3)cc(=O)c2c1
4691,CHEMBL4284235,970.0,Cc1ccc(NC(=O)c2coc3ccc(/C=C/C(=O)OCCN(C)C)cc3c2=O)cc1
4057,CHEMBL3983878,971.0,CC1=C(C(=O)OCC2CC2)C(c2ccccc2Cl)c2c(nc3c(c2N)CC(C)(C)CC3)N1
6721,CHEMBL5542098,973.0,COc1cc2ncnc(N3CCN(c4ccc(Br)cc4)CC3)c2cc1OC
6167,CHEMBL5177066,974.0,Cc1ccc2nc3c(c(NCCN4CCN(C)CC4)c2c1)CCCC3
5739,CHEMBL4848417,978.0,Cl.Nc1c2c(nc3ccc(F)cc13)CCCC2
4013,CHEMBL3910830,980.0,Cc1ccc(/C=C2/CNCC3=C2N=C2SC=C(c4ccc5ccccc5c4)N2C3c2ccc(C)cc2)cc1
3973,CHEMBL3950130,980.0,CC(C)Cc1ccc(/C=C2\Oc3ccccc3C2=O)cc1
1307,CHEMBL659,980.0,COc1ccc2c3c1O[C@H]1C[C@@H](O)C=C[C@@]31CCN(C)C2
3077,CHEMBL3233935,980.0,O=C(NCC1CCN(Cc2ccccc2)CC1)c1c(O)c2cc(O)c(O)cc2[nH]c1=O
7125,CHEMBL6161302,980.0,COc1cc(/C=C/C(=O)c2ccc(OCCN3CCCC3)cc2)ccc1OCc1nc(C)c(C)nc1C
5020,CHEMBL4586157,980.0,COc1ccc2nc3c(c(NCCCCCCCNC(=O)[C@@H](N)Cc4c[nH]c5ccccc45)c2c1)CCCC3.Cl.Cl
4785,CHEMBL4284475,980.0,CC(C)(C)c1cc(/C=C/C(=O)NCCC2CCN(Cc3ccc(F)cc3)CC2)cc(C(C)(C)C)c1O
7220,CHEMBL6174537,985.0,Nc1c2c(nc3ccc(-c4cncnc4)cc13)CCCC2
6832,CHEMBL5565956,985.0,CN(Cc1ccc(COc2ccc3c(CO)cc(=O)oc3c2)cc1)Cc1cccnc1
1147,CHEMBL265416,987.0,COc1cc2cc(-c3ccc(CN(C)Cc4ccccc4[N+](=O)[O-])cc3)c(=O)oc2cc1OC
5981,CHEMBL5188500,988.0,CC(=O)N1N=C(c2ccc(-c3ccccc3)cc2)CC1c1ccc2c(c1)OCO2
5383,CHEMBL4745328,990.0,COc1ccc2cc3[n+](cc2c1OCc1ccc([N+](=O)[O-])cc1)CCc1cc2c(cc1-3)OCO2.[Br-]
6821,CHEMBL5575002,990.0,Cc1cc(C)cc(Oc2ccc3nc4c(c(N)c3c2)CCCCC4)c1.Cl
3287,CHEMBL3338386,990.0,C/C=C1\[C@H]2C=C(C)C[C@]1(N[C@H]1OC(=O)C3=C4CC(C)(C)C[C@H]4[C@@H](C)[C@@H](O)C[C@]31OC)c1ccc(=O)[nH]c1C2
3951,CHEMBL3965783,990.0,O=C(/C=C/c1ccc(O)cc1O)NCCC1CCN(Cc2ccccc2)CC1
6022,CHEMBL5208032,990.0,CN(CCCOc1ccc([N+](=O)[O-])cc1)C(=O)c1cnc(CC(=O)c2ccc3c(c2)OCO3)nc1
3707,CHEMBL3754739,993.0,COc1cccc2cc(C(=O)NCCCCCCCNc3c4c(nc5ccccc35)CCC4)oc12
6071,CHEMBL5206245,993.0,O=C(COc1ccc(Cc2ccccc2)cc1)NCCN1CCN(Cc2ccccc2)CC1
3342,CHEMBL3402709,997.0,CN(CCCCCCCN1C(=O)c2ccccc2C1=O)Cc1ccccc1.Cl
1837,CHEMBL101028,1000.0,CN(CCOCCNC(=S)Nc1ccc(OC(F)(F)F)cc1)Cc1ccccc1
197,CHEMBL59192,1000.0,C=CC[N+](C)(C)c1cccc(OC(C)=O)c1.[Br-]
5111,CHEMBL4449445,1000.0,FC(F)(F)Oc1ccc(/C=N/C2CCN(Cc3ccccc3)CC2)cc1
1790,CHEMBL1085021,1000.0,Cc1cc(-c2ccc3c(c2)OCO3)nnc1NCCN1CCCCC1
6290,CHEMBL659,1000.0,COc1ccc2c3c1O[C@H]1C[C@@H](O)C=C[C@@]31CCN(C)C2
3255,CHEMBL3335050,1000.0,CN(CCCCOc1ccc2c3c(c(=O)oc2c1)CCCC3)Cc1ccccc1
598,CHEMBL640,1000.0,CCN(CC)CCNC(=O)c1ccc(N)cc1
597,CHEMBL640,1000.0,CCN(CC)CCNC(=O)c1ccc(N)cc1
4346,CHEMBL4096862,1000.0,CCN(CC)c1ccc(/C=C/c2ccc3ccccc3[n+]2C)c(OC)n1.[I-]
579,CHEMBL71740,1000.0,CCCCCCCCc1noc(/C(=N/O)SCCN(CC)CC)n1
2924,CHEMBL227075,1000.0,Cc1cccc2c3c(ccc12)C1=C(C(=O)C3=O)[C@@H](C)CO1
3469,CHEMBL3586600,1000.0,Cc1cc(=O)oc2cc(OCc3ccc(CN(C)Cc4cccc(Cl)c4)cc3)ccc12.Cl
3460,CHEMBL3586574,1000.0,Cc1c(C)c2ccc(OCCCN(C)Cc3ccccc3)cc2oc1=O.Cl
1740,CHEMBL142014,1000.0,O=C1c2ccccc2CCN1CCC1CCN(Cc2ccccc2)CC1
3182,CHEMBL1134,1000.0,C[N+](C)(C)CCCCCCCCCC[N+](C)(C)C.[Br-].[Br-]
98,CHEMBL87280,1000.0,COC(=O)c1ccc(C[n+]2ccc(CCC(=O)c3cc4cc(OC)c(OC)cc4s3)cc2)cc1
2074,CHEMBL1257525,1000.0,CCCCCCCCCCCCNc1c2c(nc3ccc(OC)cc13)CCCC2.Cl
1586,CHEMBL1086184,1000.0,COC(=O)c1cc2c(N)c3c(nc2nc1C)CCCC3
883,CHEMBL188338,1000.0,COc1cc2cc(C(=O)C3CCC[N+](C)(CC#N)CC3)sc2cc1OC
891,CHEMBL188011,1000.0,COC(=O)c1ccc(C[n+]2ccc(CCC(=O)C3Cc4cc(OC)c(OC)cc4S3)cc2)cc1
5571,CHEMBL4777818,1000.0,O=c1cc(-c2ccc(OCCCCN3CCN(Cc4ccccc4)CC3)cc2)oc2cc(OCCCCN3CCN(Cc4ccccc4)CC3)cc(O)c12
205,CHEMBL58194,1000.0,C=CC[N+](C)(C)c1ccccc1OC.[Br-]
1075,CHEMBL375862,1000.0,Cc1c2[nH]c3ccc(O)cc3c2cc[n+]1C
2576,CHEMBL659,1000.0,COc1ccc2c3c1O[C@H]1C[C@@H](O)C=C[C@@]31CCN(C)C2
5866,CHEMBL4845956,1002.0,COc1ccc2[nH]cc(CCNC(=O)CCCCn3cc(CN4CC[C@@]56C=C[C@H](O)C[C@@H]5Oc5c(OC)ccc(c56)C4)nn3)c2c1
6712,CHEMBL5557329,1006.0,COc1cc2ncnc(N3CCN(c4ccccc4)CC3)c2cc1OC
3952,CHEMBL3819320,1010.0,O=C(/C=C/c1ccc(O)cc1)NCCC1CCN(Cc2ccccc2)CC1
5684,CHEMBL3934295,1010.0,COc1cccc2c1C=[N+](c1ccc(I)cc1)CC2.[Br-]
4017,CHEMBL3921785,1010.0,Cc1ccc(C2=CSC3=NC4=C(CNC/C4=C/c4ccc(Br)cc4)C(c4ccc(Br)cc4)N23)cc1
1035,CHEMBL209924,1012.9,COc1cc(Br)c(CN2CCN(C(c3ccc(F)cc3)c3ccc(F)cc3)CC2)cc1OC
5125,CHEMBL4593917,1020.0,N#Cc1ccc(CN2CCC(Nc3nc(-c4ccc(Cl)cc4)c(-c4ccc(Cl)cc4)s3)CC2)cc1
5235,CHEMBL4743358,1020.0,Cc1ccc(-c2nnc(N3CCN(c4ccccn4)CC3)o2)cc1
3763,CHEMBL3763203,1020.0,N#CC1=C(N)N2CCCNC2=C([N+](=O)[O-])C12C(=O)Nc1ccccc12
6717,CHEMBL5517638,1024.0,COc1cc2ncnc(N3CCN(Cc4ccc(C)cc4)CC3)c2cc1OC
2382,CHEMBL1677,1026.0,Cl.Nc1c2c(nc3ccccc13)CCCC2
2830,CHEMBL2441682,1030.0,COc1ccc(C(F)(F)F)c[n+]1CCCCCOc1ccc2c(C)cc(=O)oc2c1.O=S(=O)([O-])C(F)(F)F
2790,CHEMBL2413560,1030.0,c1ccc2[nH]c(-c3ccc(OCCN4CCCCC4)cc3)nc2c1
3386,CHEMBL3417006,1030.0,COc1cc(N)c(Cl)cc1C(O)CCC1CCN(CC2CCCCC2)CC1
3689,CHEMBL3736339,1030.0,COC(=O)C1=C(C)OP(=O)(OC)OCC1
1198,CHEMBL95,1030.0,Nc1c2c(nc3ccccc13)CCCC2
3719,CHEMBL3754778,1036.0,COc1cccc2cc(CN(CCCCCCNc3c4c(nc5ccccc35)CCCCC4)Cc3cc4cccc(OC)c4o3)oc12
3450,CHEMBL3582231,1037.0,c1cc(-c2cc3c(cn2)[nH]c2ncc(-c4ccc(CN5CCCCC5)cc4)cc23)cnn1
4624,CHEMBL623,1037.0,CCc1nn(CCCN2CCN(c3cccc(Cl)c3)CC2)c(=O)n1CCOc1ccccc1
6715,CHEMBL5556374,1038.0,COc1cc2ncnc(N3CCN(c4ccc(F)cc4)CC3)c2cc1OC
5329,CHEMBL4792691,1039.0,FC(F)(F)c1ccc(/C=N\C2CCN(Cc3ccccc3)C2)cc1
3685,CHEMBL3736339,1040.0,COC(=O)C1=C(C)OP(=O)(OC)OCC1
5691,CHEMBL3925211,1040.0,COc1ccc([N+]2=Cc3c(cccc3OC)CC2)cc1.[Br-]
5693,CHEMBL3924569,1040.0,COc1cccc2c1C=[N+](c1ccc(Cl)cc1Cl)CC2.[Br-]
199,CHEMBL59074,1040.0,COc1ccc(C(=O)CCc2cccc([N+](C)(C)Cc3ccccc3)c2)cc1OC.[Br-]
4970,CHEMBL4521755,1040.0,Oc1cc(/C=N/c2c3c(nc4ccccc24)CCCC3)cc(O)c1O
3351,CHEMBL3402720,1044.0,CN(CCCCCCCCN1C(=O)c2ccccc2C1=O)Cc1cccc(Cl)c1.Cl
3930,CHEMBL3827284,1044.0,CCCCCCCNC(=O)Oc1cccc(Cn2cc(COc3ccc4ccc(=O)oc4c3)nn2)c1
4884,CHEMBL4441059,1050.0,Cl.O=[N+]([O-])c1ccc(-n2cc(COc3ccc(/C=N/Nc4c5c(nc6ccccc46)CCCC5)cc3)nn2)cc1
7128,CHEMBL6173537,1050.0,CCOC(=O)c1c(OC(=O)c2ccc(Cl)cc2)sc2c1CCCCC2
4886,CHEMBL4466829,1050.0,C(=N/Nc1c2c(nc3ccccc13)CCCC2)\c1ccc(OCc2cn(Cc3ccccc3)nn2)cc1.Cl
4051,CHEMBL3960964,1055.0,C=CCOC(=O)C1=C(C)Nc2nc3c(c(N)c2C1c1cccc([N+](=O)[O-])c1)CC(C)(C)CC3
2982,CHEMBL3122145,1060.0,CCOC(=O)c1ccc2nc(-c3cccnc3)c3c(c2c1)N(Cc1ccccc1)CCC3
5696,CHEMBL3900117,1060.0,COc1cccc2c1C=[N+](c1ccc(I)cc1F)CC2.[Br-]
5332,CHEMBL4797109,1066.0,Fc1ccc(/C=N\C2CCN(Cc3ccccc3)C2)cc1
6690,CHEMBL5505847,1067.0,O=C(Cn1nc(-c2ccccc2)c(-c2ccccc2)nc1=O)Nc1ccc([N+](=O)[O-])cc1
986,CHEMBL1385,1070.0,COc1ccc2c3c1O[C@H]1C[C@@H](O)C=C[C@@]31CCNC2
688,CHEMBL544637,1070.0,CNC1CCc2ccc(OC(=O)N(C)C)cc21.Cl
1229,CHEMBL659,1070.0,COc1ccc2c3c1O[C@H]1C[C@@H](O)C=C[C@@]31CCN(C)C2
3750,CHEMBL3763232,1070.0,CC1(C)CNC2=C([N+](=O)[O-])C3(C(=O)Nc4ccc(F)cc43)C(C#N)=C(N)N2C1
4432,CHEMBL659,1070.0,COc1ccc2c3c1O[C@H]1C[C@@H](O)C=C[C@@]31CCN(C)C2
1037,CHEMBL212111,1072.8,CC1=C(CCN2CCN(C(c3ccc(F)cc3)c3ccc(F)cc3)CC2)C(=O)C2CCCCC2=N1
478,CHEMBL33727,1076.0,CCCCNC(=O)Oc1ccc2c(c1)[C@@H]1CCN(CC)C1C2
1699,CHEMBL1085385,1076.0,CCCCNC(=O)Oc1ccc2c(c1)C1CCN(CC)C1C2
4549,CHEMBL4216807,1077.0,Cc1cc(=O)oc2cc(OCc3cc[n+](Cc4ccc([N+](=O)[O-])cc4)cc3)ccc12.[Br-]
5668,CHEMBL4800328,1080.0,COc1cccc2cc[n+](-c3ccc(C)cc3)cc12.[Br-]
6520,CHEMBL5400593,1081.0,C#CCCCN(C)C(=O)Oc1cccc2c(CN(C)CCC3CCCCCC3)c[nH]c12
6622,CHEMBL5411115,1090.0,Cc1ccc(C(c2ccccc2O)N2CCN(c3cnccn3)CC2)cc1
137,CHEMBL77896,1090.0,CNC(=O)Oc1ccc2c(c1)[C@]1(C)CCN(Cc3ccccc3)C1N2Cc1ccccc1
961,CHEMBL363391,1090.0,Nc1c2c(nc3cc(Cl)ccc13)CC(CNC(=O)CCCCC1CCSS1)CC2
5129,CHEMBL4540644,1090.0,Cc1ccc(CN2CCC(Nc3nc(-c4ccc(C)cc4)c(-c4ccc(C)cc4)s3)CC2)cc1
4014,CHEMBL3945423,1090.0,Cc1ccc(C2=CSC3=NC4=C(CNC/C4=C/c4ccc(Cl)cc4)C(c4ccc(Cl)cc4)N23)cc1
5843,CHEMBL4864059,1091.0,O=C(NCC1CCN(Cc2cccc(Cl)c2)CC1)c1cncc(NC(=O)c2ccnc(NC(=O)C3CC3)c2)c1
5832,CHEMBL4873162,1093.0,O=C(NCC1CCN(Cc2ccccc2)CC1)c1n[nH]c2ccc(-c3cccnc3)cc12
4936,CHEMBL3642041,1096.67,CC(=O)NCCc1c[nH]c2ccc(OC(=O)NCCNc3c4c(nc5ccccc35)CCCC4)cc12
3675,CHEMBL3642041,1096.67,CC(=O)NCCc1c[nH]c2ccc(OC(=O)NCCNc3c4c(nc5ccccc35)CCCC4)cc12
5452,CHEMBL4752440,1100.0,COc1ccc([C@@H]2[C@H]3CSCN3C3(C(=O)c4ccccc4C3=O)[C@]23CSc2ccccc2C3=O)cc1
3237,CHEMBL3335068,1100.0,CN(CCCCOc1ccc2c(c1)oc(=O)c1ccccc12)Cc1ccccc1
5971,CHEMBL5204407,1100.0,CCN(CC)Cc1ccc(C=C2Cc3ccc(OC)cc3C2=O)cc1
5923,CHEMBL4453856,1100.0,Cc1c(C)c2ccc(OCC3CCCN(CCCO)C3)cc2oc1=O
1739,CHEMBL141203,1100.0,O=c1c2ccccc2ccn1CCC1CCN(Cc2ccccc2)CC1
5156,CHEMBL4566613,1100.0,Cc1ccccc1CN1CCC(C(=O)Nc2nc(-c3ccc(Cl)cc3)c(-c3ccc(Cl)cc3)s2)CC1
1301,CHEMBL259482,1100.0,OCC1CCN(Cc2ccc(OCCCN3CCCCC3)cc2)CC1
3046,CHEMBL659,1100.0,COc1ccc2c3c1O[C@H]1C[C@@H](O)C=C[C@@]31CCN(C)C2
1601,CHEMBL1085284,1100.0,COC(=O)Nc1cccc2n1cc(-c1ccc(OC(=O)N(C)C)cc1)[n+]2C.[Cl-]
1605,CHEMBL1082746,1100.0,CNC(=O)Oc1ccc(-c2cn3c(NC(C)=O)cccc3[n+]2C)cc1.[I-]
11,CHEMBL334971,1100.0,CCSc1nc(-c2ccc(OC)cc2)nn1C(=O)N(C)c1ccccc1
159,CHEMBL172118,1100.0,Nc1c2c(nc3ccc(Cl)cc13)C1CCC2C1
2847,CHEMBL2441665,1100.0,COc1cccc(CCc2cccc(OC)[n+]2C)[n+]1C.O=S(=O)([O-])C(F)(F)F.O=S(=O)([O-])C(F)(F)F
3158,CHEMBL3323053,1100.0,O=c1c2cc(OCCCN3CCCCC3)ccc2nc2n1CCC2
1832,CHEMBL101155,1100.0,CN(CCOCCCNC(=S)NC(=O)c1ccccc1)Cc1ccccc1
5803,CHEMBL4873748,1100.0,Cc1ccc2c(c1)c1c[n+](C)ccc1n2CCC(=O)N1c2ccccc2Sc2ccccc21.[I-]
6091,CHEMBL3323035,1100.0,c1cc2c(cc1OCCCN1CCCCC1)CN1CCCC1=N2
5565,CHEMBL4790642,1100.0,COc1cc2c(cc1OC)C(=O)/C(=C/c1ccc(N3CC[N+](C)(CCO)CC3)cc1)C2.[Cl-]
6525,CHEMBL5412829,1101.0,CON(C)C(=O)Oc1cccc2c(CN(C)CCC3CCCCCC3)c[nH]c12
5838,CHEMBL4851835,1102.0,O=C(NCC1CCN(Cc2ccccc2)CC1)c1cncc(NC(=O)c2ccnc(NC(=O)C3CC3)c2)c1
4062,CHEMBL3922471,1107.0,COC(=O)C1=C(C)Nc2nc3c(c(N)c2C1c1cccc([N+](=O)[O-])c1)CCC(C)C3
4108,CHEMBL4072258,1110.0,COc1cc(/C=C/C(=O)Nc2ccccc2)ccc1OCCCCCCN1CCCC1
6170,CHEMBL5185503,1110.0,CC(=O)Nc1ccc2nc3c(c(N4CCOCC4)c2c1)CCCC3
2831,CHEMBL2441681,1110.0,COc1ccc(C(F)(F)F)c[n+]1CCCCOc1ccc2c(C)cc(=O)oc2c1.O=S(=O)([O-])C(F)(F)F
4887,CHEMBL4444030,1110.0,Cl.NS(=O)(=O)c1ccc(-n2cc(COc3ccc(/C=N/Nc4c5c(nc6ccccc46)CCCC5)cc3)nn2)cc1
6880,CHEMBL5598195,1119.0,CCOC(=O)C1=C(Nc2ccc(F)cc2)CC(c2cccc(F)c2)N(c2ccc(F)cc2)C1c1cccc(F)c1
6702,CHEMBL5555930,1119.0,O=C(Cn1nc(-c2ccccc2)c(-c2ccccc2)nc1=O)Nc1cccc([N+](=O)[O-])c1
189,CHEMBL335922,1120.0,Nc1c2c(nc3c1CCCO3)CCC2
5126,CHEMBL4551316,1120.0,COc1ccc(CN2CCC(Nc3nc(-c4ccc(Cl)cc4)c(-c4ccc(Cl)cc4)s3)CC2)cc1
3953,CHEMBL3892044,1120.0,O=C(/C=C/c1cccc(O)c1)NCCC1CCN(Cc2ccccc2)CC1
4050,CHEMBL3959939,1125.0,CCOC(=O)C1=C(C)Nc2nc3c(c(N)c2C1c1cccc(C(F)(F)F)c1)CC(C)(C)CC3
5335,CHEMBL4758638,1126.0,c1ccc(CNC2CCN(Cc3ccccc3)C2)cc1
6913,CHEMBL2178782,1130.0,COc1ccc2c3c1O[C@H]1C[C@@H](O)C=C[C@@]31CCN(CCCCNC13CC4CC(C)(CC(C)(C4)C1)C3)C2
2993,CHEMBL3133432,1130.0,O=C(CN1CCN(Cc2ccccc2)CC1)NC1c2cn[nH]c2-c2c(Br)sc(Br)c21
4696,CHEMBL4293364,1140.0,CCN(CC)CCOC(=O)/C=C/c1ccc2oc(C(=O)Nc3ccc(OC)cc3)cc(=O)c2c1
1548,CHEMBL598632,1140.0,COc1cc2c(cc1OC)C(=O)/C(=C/c1ccc(CN(C)Cc3ccccc3)cc1)C2
6713,CHEMBL5559310,1148.0,COc1cc2ncnc(N3CCN(c4ccccn4)CC3)c2cc1OC
6698,CHEMBL5559062,1148.0,O=C(Cn1nc(-c2ccccc2)c(-c2ccccc2)nc1=O)Nc1ccc(O)cc1
4729,CHEMBL4285912,1150.0,O=C(NCCC1CCN(Cc2ccccc2)CC1)c1cc(=O)c2cccc(O)c2[nH]1
1491,CHEMBL574487,1150.0,C[C@@H]1CCC[C@H](C)N1S(=O)(=O)c1ccc([N+](=O)[O-])cc1
3755,CHEMBL3765697,1150.0,N#CC1=C(N)N2CCCNC2=C([N+](=O)[O-])C12C(=O)Nc1ccc([N+](=O)[O-])cc12
5969,CHEMBL5209347,1150.0,CCN(CC)Cc1ccc(/C=C2/Cc3cc(OC)ccc3C2=O)cc1
2396,CHEMBL659,1156.0,COc1ccc2c3c1O[C@H]1C[C@@H](O)C=C[C@@]31CCN(C)C2
6707,CHEMBL5557719,1156.0,O=C(Cn1nc(-c2ccccc2)c(-c2ccccc2)nc1=O)Nc1ccc(F)cc1F
6613,CHEMBL5433354,1157.0,CCOP(=O)(OCC)C(Nc1ccc(C(=O)O)cc1)c1ccc(OCc2nc3ccccc3c(=O)n2-c2ccc(F)cc2)c(OC)c1
7072,CHEMBL6150428,1160.0,N/C(=N\O)c1cccc(NC(=O)NCCc2c[nH]c3ccc(Cl)cc23)c1
5145,CHEMBL4520251,1160.0,COc1ccc(-c2nc(NC(=O)C3CCN(Cc4ccc(F)cc4)CC3)sc2-c2ccc(OC)cc2)cc1
6466,CHEMBL5279473,1160.0,O=C1CC2CCc3ccsc3C2=NN1CCCCN1CCCC1
5221,CHEMBL4744259,1160.0,O=C(N/N=C/c1ccc([N+](=O)[O-])cc1)N1CCN(c2ccccn2)CC1
4502,CHEMBL4166257,1160.0,CNC(=O)c1cc2c(OC(=O)N(C)C)cccc2[n+](Cc2ccccc2)c1.[Br-]
4483,CHEMBL4159640,1160.0,Cc1cc(=O)oc2cc(OCCSC(=S)N3CCC(N4CCCCC4)CC3)ccc12
5466,CHEMBL4747183,1160.0,COc1ccc([C@@H]2CN(C)C3(C(=O)c4ccccc4C3=O)[C@]23CSc2ccccc2C3=O)cc1
6696,CHEMBL5558447,1161.0,O=C(Cn1nc(-c2ccccc2)c(-c2ccccc2)nc1=O)Nc1cccc(Cl)c1
6097,CHEMBL659,1170.0,COc1ccc2c3c1O[C@H]1C[C@@H](O)C=C[C@@]31CCN(C)C2
6720,CHEMBL5555203,1171.0,COc1cc2ncnc(N3CCN(c4ccc(C)cc4)CC3)c2cc1OC
3932,CHEMBL3828281,1175.0,O=C(NCCCCCc1ccccc1)Oc1cccc(-n2cc(COc3ccc4ccc(=O)oc4c3)nn2)c1
7216,CHEMBL6168753,1179.0,Nc1c2c(nc3ccc(-c4ccncc4)cc13)CCCC2
5231,CHEMBL4746180,1180.0,Oc1ccc(-c2nnc(N3CCN(c4ccccn4)CC3)o2)cc1
1405,CHEMBL659,1180.0,COc1ccc2c3c1O[C@H]1C[C@@H](O)C=C[C@@]31CCN(C)C2
6249,CHEMBL95,1180.0,Nc1c2c(nc3ccccc13)CCCC2
3349,CHEMBL3402718,1189.0,CN(CCCCCCN1C(=O)c2ccccc2C1=O)Cc1cccc(Cl)c1.Cl
5229,CHEMBL4744191,1190.0,COc1cccc(-c2nnc(N3CCN(c4ccccn4)CC3)o2)c1OC
6272,CHEMBL5288840,1190.0,COc1cc2c(cc1OC)/C(=N\NC(=O)CNC(=O)C(C)c1ccc(CC(C)C)cc1)C(CC1CCN(Cc3ccccc3)CC1)C2
6719,CHEMBL5505910,1192.0,COc1cc2ncnc(N3CCN(C(C)=O)CC3)c2cc1OC
6883,CHEMBL5598085,1192.0,CCOC(=O)C1=C(Nc2cccc(F)c2)CC(c2ccc(C(F)(F)F)cc2)N(c2cccc(F)c2)C1c1ccc(C(F)(F)F)cc1
1596,CHEMBL1085027,1200.0,CN(C)C(=O)Oc1ccc(-c2cn3c(NC=O)cccc3[n+]2C)cc1.[Cl-]
5915,CHEMBL5081663,1200.0,CCN(CCCOc1ccc2c(C)c(C)c(=O)oc2c1)Cc1cccc(F)c1
3157,CHEMBL3323056,1200.0,CCN(CC)CCCOc1ccc2nc3n(c(=O)c2c1)CCC3
5914,CHEMBL5081574,1200.0,Cc1c(C)c2ccc(OCC3CCN(CCCC(F)F)CC3)cc2oc1=O
6444,CHEMBL3634645,1200.0,CCN(CC)C(=O)Oc1ccc(-c2cc(=O)c3c(O)c(O)c(O)cc3o2)cc1
4321,CHEMBL4075667,1200.0,C#CCN(CCCN1C(=O)c2ccccc2C1=O)Cc1ccccc1
27,CHEMBL156659,1200.0,Oc1nc2ccccc2n1CCNCc1ccc(CN2CCCCC2)o1
5093,CHEMBL1424080,1200.0,Fc1ccc(CNC2CCN(Cc3ccccc3)CC2)cc1
6681,CHEMBL659,1200.0,COc1ccc2c3c1O[C@H]1C[C@@H](O)C=C[C@@]31CCN(C)C2
1744,CHEMBL140328,1200.0,O=c1c2ccccc2ncn1CCC1CCN(Cc2ccccc2)CC1
646,CHEMBL106418,1200.0,CCCCCNc1cc(NCCSCc2ccc(CN(C)C)o2)c([N+](=O)[O-])cc1[N+](=O)[O-]
4824,CHEMBL4553968,1200.0,CN1c2ccc(OC(=O)NCCCCCCN3CCCCC3)cc2CN2CCc3ccccc3C21
264,CHEMBL157017,1200.0,CN1CCC(=C2Cc3ccccc3C2=O)CC1
5910,CHEMBL5083014,1200.0,Cc1c(C)c2ccc(OCC3CCCN(Cc4cccc(F)c4)C3)cc2oc1=O
7137,CHEMBL6152733,1204.0,COc1ccc2c3c1O[C@H]1C[C@@H](OC(=O)NC4CCN(Cc5ccc(F)cc5F)CC4)C=C[C@@]31CCN(C)C2
3449,CHEMBL3582230,1213.0,c1cnc(-c2cc3c(cn2)[nH]c2ncc(-c4ccc(CN5CCCCC5)cc4)cc23)cn1
6157,CHEMBL5193140,1217.0,O=[N+]([O-])c1ccc2nc3c(c(N4CCOCC4)c2c1)CCCC3
7150,CHEMBL6147070,1220.0,CSc1ccc(/C=C/C(=O)c2ccccc2N)cn1
5388,CHEMBL4747158,1220.0,COc1ccc2cc3[n+](cc2c1OCc1ccc(Cl)c(Cl)c1)CCc1cc2c(cc1-3)OCO2.[Br-]
4701,CHEMBL4282037,1220.0,CN(C)CCOC(=O)/C=C/c1ccc2oc(C(=O)Nc3ccc(Cl)cc3)cc(=O)c2c1
5698,CHEMBL417799,1220.0,C[n+]1cc2c3c(ccc2c2ccc4cc5c(cc4c21)OCO5)OCO3
6462,CHEMBL5285633,1230.0,O=C1CC2CCCc3ccsc3C2=NN1CCCCN1CCN(Cc2ccccc2)CC1
5142,CHEMBL4549599,1230.0,COc1ccc(-c2nc(NC(=O)C3CCN(Cc4ccc(F)cc4C(F)(F)F)CC3)sc2-c2ccc(OC)cc2)cc1
5232,CHEMBL4782180,1230.0,Oc1ccccc1-c1nnc(N2CCN(c3ccccn3)CC2)o1
5675,CHEMBL4791061,1230.0,COc1cccc2cc[n+](-c3ccc(I)cc3F)cc12.[Br-]
1134,CHEMBL244838,1230.0,COc1cc2occ(-c3ccc(CN(C)Cc4ccccc4)cc3)c(=O)c2cc1OC
5134,CHEMBL4533530,1240.0,Fc1ccc(CN2CCC(CNc3nc(-c4ccc(Cl)cc4)c(-c4ccc(Cl)cc4)s3)CC2)c(C(F)(F)F)c1
5331,CHEMBL4785769,1241.0,Clc1ccc(/C=N\C2CCN(Cc3ccccc3)C2)cc1
4367,CHEMBL4068935,1250.0,CCN(CCCCCCNC(=O)COc1ccc(-c2cc(=O)c3c(OC)c(OC)c(OC)cc3o2)cc1)Cc1ccccc1OC
3762,CHEMBL3763778,1250.0,CC1(C)CNC2=C([N+](=O)[O-])C3(C(=O)Nc4ccccc43)C(C#N)=C(N)N2C1
6705,CHEMBL5512503,1252.0,N#Cc1cccc(NC(=O)Cn2nc(-c3ccccc3)c(-c3ccccc3)nc2=O)c1
6755,CHEMBL5556622,1253.62,O=C(NCCNc1c2c(nc3ccccc13)CCCC2)Oc1ccc2cc[nH]c2c1
3974,CHEMBL611941,1260.0,COc1ccc(/C=C2\Oc3ccccc3C2=O)cc1
610,CHEMBL166194,1260.0,N=c1c2ccc(Cl)cc2nc2n1CCCCC2
5937,CHEMBL5084379,1260.0,COC(=O)c1c(CCCCCCCCNc2c3c(nc4ccc(OC)cc24)CCCC3)cccc1OC
4634,CHEMBL4294109,1260.0,O=C(CCCc1c[nH]c2ccccc12)NCCC1CCN(Cc2ccccc2)CC1
6061,CHEMBL5203325,1270.0,O=C(COc1ccc(Cc2ccccc2)cc1)NCC1CCN(Cc2ccccc2)CC1
4410,CHEMBL659,1270.0,COc1ccc2c3c1O[C@H]1C[C@@H](O)C=C[C@@]31CCN(C)C2
6885,CHEMBL5596796,1272.0,CCOC(=O)C1=C(Nc2cccc(F)c2)CC(c2ccc(Cl)cc2)N(c2cccc(F)c2)C1c1ccc(Cl)cc1
6718,CHEMBL5558445,1275.0,COc1cc2ncnc(N3CCN(C)CC3)c2cc1OC
5158,CHEMBL4535748,1280.0,Cc1ccc(-c2nc(NC(=O)C3CCN(Cc4ccc(C#N)cc4)CC3)sc2-c2ccc(C)cc2)cc1
5130,CHEMBL4519072,1280.0,Cc1ccc(-c2nc(NC3CCN(Cc4ccccc4)CC3)sc2-c2ccc(C)cc2)cc1
6574,CHEMBL659,1290.0,COc1ccc2c3c1O[C@H]1C[C@@H](O)C=C[C@@]31CCN(C)C2
5695,CHEMBL3979102,1290.0,COc1cccc2c1C=[N+](c1ccc(Br)cc1F)CC2.[Br-]
5692,CHEMBL3981622,1290.0,COc1cccc2c1C=[N+](c1c(F)cccc1F)CC2.[Br-]
5267,CHEMBL4784757,1290.0,COc1ccc2nc3c(c(NCCCCCCCN(CC(=O)NCCc4c[nH]c5ccc(OC)cc45)C(=O)/C=C/c4ccc(O)c(OC)c4)c2c1)CCCC3
5109,CHEMBL4568264,1300.0,Clc1ccc(/C=N/C2CCN(Cc3ccccc3)CC2)c(Cl)c1
1592,CHEMBL1085759,1300.0,Cc1cccc2n1cc(-c1ccc(OC(=O)N(C)C)cc1)[n+]2C.[Cl-]
5031,CHEMBL4459416,1300.0,Cl.Cl.N[C@@H](Cc1c[nH]c2ccccc12)C(=O)NCCCCNc1c2c(nc3ccccc13)CCCC2
804,CHEMBL12547,1300.0,CN(C)Cc1ccc(CSCCCCCCCCCCSCc2ccc(CN(C)C)o2)o1
5021,CHEMBL4582203,1300.0,COc1ccc2nc3c(c(NCCCCCCCCNC(=O)[C@@H](N)Cc4c[nH]c5ccccc45)c2c1)CCCC3.Cl.Cl
286,CHEMBL130363,1300.0,Cc1cc(C)c(NC(=O)Oc2ccc3c(c2)[C@]2(C)CCN(C)[C@@H]2N3C)c(C)c1
3908,CHEMBL3827011,1300.0,CCCCCCCCC1OCc2c[n+](C)c(C)c(OC(=O)N(C)C)c2CO1.[Br-]
5016,CHEMBL4556372,1300.0,COc1ccc2nc3c(c(NCCCNC(=O)[C@@H](N)Cc4c[nH]c5ccccc45)c2c1)CCCC3.Cl.Cl
3263,CHEMBL3335029,1300.0,O=c1oc2cc(OCCN3CCN(Cc4ccccc4)CC3)ccc2c2c1CCCC2
678,CHEMBL106344,1300.0,CN(C)Cc1ccc(CSCCNc2cc(NCc3ccccn3)c([N+](=O)[O-])cc2[N+](=O)[O-])o1
5107,CHEMBL4568615,1300.0,Fc1ccc(/C=N/C2CCN(Cc3ccccc3)CC2)c(F)c1
4019,CHEMBL659,1300.0,COc1ccc2c3c1O[C@H]1C[C@@H](O)C=C[C@@]31CCN(C)C2
4831,CHEMBL4459482,1300.0,Cc1c(C)c2ccc(OCC3CCN(Cc4cccc(CO[N+](=O)[O-])c4)CC3)cc2oc1=O
6126,CHEMBL4571763,1300.0,Cc1c(C)c2ccc(OCC3CCCN(Cc4ccccc4)C3)cc2oc1=O
1079,CHEMBL385778,1300.0,COc1ccc2c(c1)c1cc[n+](C)cc1n2C
1789,CHEMBL1085020,1300.0,Cc1cc(-c2ccc(Cl)cc2)nnc1NCCN1CCCCC1
3623,CHEMBL3628065,1300.0,COc1ccc2[nH]cc(CCNC(=O)c3cc[n+](Cc4ccc(OC(=O)N(C)C)cc4)cc3)c2c1.[Br-]
5392,CHEMBL4752175,1300.0,COc1ccc2cc3[n+](cc2c1OCc1ccc(C(F)(F)F)cc1)CCc1cc2c(cc1-3)OCO2.[Br-]
1989,CHEMBL362579,1300.0,CC(C)Cc1ccc(C(=O)CC(Sc2ccccc2N)c2cccc([N+](=O)[O-])c2)cc1
195,CHEMBL300170,1300.0,COc1ccc(C(=O)CCc2ccc([N+](C)(C)Cc3ccccc3)cc2)cc1OC.[Br-]
5585,CHEMBL4782477,1300.0,CCN(CCCCOc1ccc(/C=C/C(=O)c2c(O)cc(OCCCCN(CC)Cc3ccccc3OC)cc2O)cc1)Cc1ccccc1OC
4172,CHEMBL4066309,1300.0,Oc1cc(O)cc(CCc2ccc(Nc3c4c(nc5cc(Cl)ccc35)CCCC4)cc2)c1
5333,CHEMBL4794000,1303.0,Brc1ccc(/C=N\C2CCN(Cc3ccccc3)C2)cc1
3350,CHEMBL3402719,1303.0,CN(CCCCCCCN1C(=O)c2ccccc2C1=O)Cc1cccc(Cl)c1.Cl
5855,CHEMBL4870273,1306.0,O=C(NCC1CCN(Cc2cccc(Cl)c2)CC1)c1cncc(NC(=O)c2ccnc3[nH]ccc23)c1
3866,CHEMBL1254269,1310.0,O=C(CCCCCCCCc1ccccc1)c1c(O)cccc1O
7212,CHEMBL6174600,1310.0,C#CCCCOc1c(CN2CCCCC2)cc(-c2cc(=O)c3ccccc3o2)cc1CN1CCCCC1
3610,CHEMBL3623566,1310.0,O=C(CF)c1cnn(C2CCCC2)c1
5966,CHEMBL5178629,1310.0,CCN(CC)Cc1ccc(C=C2Cc3ccccc3C2=O)cc1
1539,CHEMBL599254,1320.0,CCN(CC)CCCOc1ccc2c(c1)C(=O)/C(=C/c1ccc(CN(C)Cc3ccccc3)cc1)C2
6829,CHEMBL5595836,1320.0,CN(Cc1ccc(COc2ccc3c(CO)cc(=O)oc3c2)cc1)Cc1ncc[nH]1
4951,CHEMBL4444497,1320.0,COc1cc(NCc2ccc(Oc3c(N)cccc3Cl)cc2)cc(OC)c1OC
5222,CHEMBL4748077,1320.0,O=C(N/N=C/c1ccc(C(F)(F)F)cc1)N1CCN(c2ccccn2)CC1
2994,CHEMBL3133430,1320.0,Cn1ncc2c1-c1sccc1C2NC(=O)CN1CCN(Cc2ccccc2F)CC1
5303,CHEMBL4748993,1320.0,NC(=O)c1sc(-c2ccnc(NC(=O)C3CC3)c2)nc1OCCCC1CCN(Cc2ccccc2F)CC1
4123,CHEMBL4094805,1320.0,COc1cc2c(cc1OC)C(=O)/C(=C/c1ccc(CN3CCCC3)c(O)c1)O2
473,CHEMBL33173,1330.0,CCN1CC[C@@]2(C)c3cc(OC(=O)N[C@@H](C)c4ccccc4)ccc3CC12
1692,CHEMBL1085128,1330.0,CCN1CC[C@@]2(C)c3cc(OC(=O)NC(C)c4ccccc4)ccc3C[C@@H]12
4784,CHEMBL4295126,1330.0,CC(C)(C)c1cc(/C=C/C(=O)NCCC2CCN(Cc3cccc(F)c3)CC2)cc(C(C)(C)C)c1O
6360,CHEMBL295124,1330.0,COc1ccc2cc3[n+](cc2c1OC)CCc1cc2c(cc1-3)OCO2
1647,CHEMBL307513,1330.0,CCCN1CCCCc2ccc(C(=O)CCC3CCN(Cc4ccccc4)CC3)cc21
5233,CHEMBL4761564,1340.0,Oc1ccc(-c2nnc(N3CCN(c4ccccn4)CC3)o2)c(O)c1
5149,CHEMBL4593583,1340.0,COc1ccc(-c2nc(NC(=O)C3CCN(Cc4ccccc4C)CC3)sc2-c2ccc(OC)cc2)cc1
1036,CHEMBL212162,1341.7,Cc1cc2c(cc1CN1CCN(C(c3ccc(F)cc3)c3ccc(F)cc3)CC1)OCO2
2408,CHEMBL19215,1344.0,CN1C[C@H](CNC(=O)OCc2ccccc2)C[C@@H]2c3cccc4c3c(cn4C)C[C@H]21
4015,CHEMBL3930722,1350.0,Clc1ccc(/C=C2/CNCC3=C2N=C2SC=C(c4ccc5ccccc5c4)N2C3c2ccc(Cl)cc2)cc1
1600,CHEMBL1085029,1350.0,CNC(=O)Nc1cccc2n1cc(-c1ccc(OC(=O)N(C)C)cc1)[n+]2C.[Cl-]
7187,CHEMBL4514270,1350.0,C#CCOc1ccc(-c2cc(-c3ccc(OCC#C)cc3)nc(N)n2)cc1
6887,CHEMBL4514270,1350.0,C#CCOc1ccc(-c2cc(-c3ccc(OCC#C)cc3)nc(N)n2)cc1
5759,CHEMBL4868014,1360.0,CCOC(=O)/C(=N\Nc1ccc(Br)cc1)C(=O)C(F)(F)F
4089,CHEMBL4105158,1360.0,CCN(CC)CCCCCCCCOc1ccc(/C=C/C(=O)Nc2ccccc2)cc1OC
3415,CHEMBL3577509,1360.0,CCN(CCCCOc1ccc(-c2cc(=O)c3c(OC)c(OC)c(OC)cc3o2)cc1)Cc1ccccc1
6878,CHEMBL5596056,1362.0,CCOC(=O)C1=C(Nc2ccccc2)CC(c2ccc(F)cc2)N(c2ccccc2)C1c1ccc(F)cc1
6201,CHEMBL5186889,1368.0,CCCCN(CCc1c[nH]c2c(OC(=O)C(C)C)cccc12)CCC1CCCCCC1
3769,CHEMBL3763535,1370.0,O=c1oc2cc(OCCNC3CCN(Cc4ccccc4)CC3)ccc2c2c1CCCC2
3321,CHEMBL3356540,1370.0,COc1ccc2nc3c(c(NCCNC4=C(Cl)C(=O)c5ccccc5C4=O)c2c1)CCCC3
4369,CHEMBL4092562,1370.0,CCN(CCCCCCNC(=O)COc1ccc(-c2cc(=O)c3c(O)c(OC)c(OC)cc3o2)cc1)Cc1ccccc1OC
4054,CHEMBL3939015,1377.0,CC1=C(C(=O)OC(C)C)C(c2ccccc2F)c2c(nc3c(c2N)CC(C)(C)CC3)N1
4778,CHEMBL4279488,1380.0,CC(C)(C)c1cc(C(=O)CNCCC2CCN(Cc3ccccc3)CC2)cc(C(C)(C)C)c1O
5128,CHEMBL4575730,1380.0,Clc1ccc(-c2nc(NC3CCN(Cc4ccccc4)CC3)sc2-c2ccc(Cl)cc2)cc1
5150,CHEMBL4548499,1380.0,O=C(Nc1nc(-c2ccc(Cl)cc2)c(-c2ccc(Cl)cc2)s1)C1CCN(Cc2ccc(OC(F)(F)F)cc2)CC1
3758,CHEMBL3765093,1390.0,Cc1ccc2c(c1)C1(C(=O)N2)C(C#N)=C(N)N2CC(C)(C)CNC2=C1[N+](=O)[O-]
6567,CHEMBL5397159,1390.0,COC(=O)/C=C/C(=O)Nc1cccc(OCCSC(=S)N2CCCCC2)c1
5854,CHEMBL4855201,1394.0,O=C(Nc1cccc(OCC2CCN(Cc3ccccc3)CC2)c1)c1ccnc(NC(=O)C2CC2)c1
7109,CHEMBL502,1400.0,COc1cc2c(cc1OC)C(=O)C(CC1CCN(Cc3ccccc3)CC1)C2
9,CHEMBL131536,1400.0,CSc1nc(-c2ccc(Cl)cc2)nn1C(=O)N(C)c1ccccc1
4340,CHEMBL4070093,1400.0,CN1CCN(c2ccc(/C=C/c3ccc4ccccc4[n+]3C)cc2)CC1.[I-]
4828,CHEMBL4450045,1400.0,Cc1c(C)c2ccc(OCC3CCN(Cc4cccc(CO)c4)CC3)cc2oc1=O
3057,CHEMBL3234588,1400.0,O/N=C/c1nc(CCCCNc2c3c(nc4ccccc24)CCCC3)ccc1O
1839,CHEMBL99605,1400.0,CN(CCOCCNC(=S)NC1CCCCC1)Cc1ccccc1
2781,CHEMBL2413742,1400.0,Clc1ccc2[nH]c(-c3ccc(OCCN4CCCC4)cc3)nc2c1
6124,CHEMBL4456665,1400.0,Cc1c(C)c2ccc(OCC3CCCN(Cc4ccccc4)C3)cc2oc1=O.Cl
6694,CHEMBL5559321,1406.0,O=C(Cn1nc(-c2ccccc2)c(-c2ccccc2)nc1=O)Nc1ccc(Cl)cc1
1373,CHEMBL511468,1410.0,COc1ccc(C(=O)c2ccc(CN(CCO)Cc3ccccc3)cc2)cc1OC
4636,CHEMBL4285818,1410.0,O=C(Cc1c[nH]c2ccc(Br)cc12)NCCC1CCN(Cc2ccccc2)CC1
4668,CHEMBL4281894,1410.0,CN(C)CCOc1cccc(/C=C2\COc3ccccc3C2=O)c1
6886,CHEMBL5597315,1418.0,CCOC(=O)C1=C(Nc2cccc(F)c2)CC(c2ccc(F)cc2)N(c2cccc(F)c2)C1c1ccc(F)cc1
5663,CHEMBL4789164,1420.0,COc1cccc2cc[n+](-c3ccccc3)cc12.[Br-]
4639,CHEMBL4293015,1420.0,Cn1cc(CC(=O)NCCC2CCN(Cc3ccccc3)CC2)c2ccccc21
5716,CHEMBL4854322,1420.0,COc1cc(/C=C/C(=O)NCC(=O)NCCc2c[nH]c3ccccc23)ccc1O
1234,CHEMBL1523,1430.0,Oc1ccc2c3c1O[C@H]1C[C@@H](O)C=C[C@@]31CCNC2
2935,CHEMBL3115021,1440.0,COc1cc2[se]n(-c3ccc(CN4CCCCC4)cc3)c(=O)c2cc1OC
5699,CHEMBL13045,1450.0,COc1ccc2c(c[n+](C)c3c4cc5c(cc4ccc23)OCO5)c1OC
5385,CHEMBL4759227,1450.0,COc1ccc2cc3[n+](cc2c1OCc1cccc([N+](=O)[O-])c1)CCc1cc2c(cc1-3)OCO2.[Br-]
3874,CHEMBL3818992,1450.0,O=C(/C=C/c1ccc(O)c(O)c1)NCCC1CCN(Cc2ccccc2)CC1
6529,CHEMBL5410208,1456.0,C#CCN(C)C(=O)Oc1ccc2c(CN(C)CCC3CCCCCC3)c[nH]c2c1
4749,CHEMBL4295144,1460.0,COc1cc2oc(C(=O)NCC3CCN(Cc4ccccc4)CC3)cc(=O)c2cc1OC
4885,CHEMBL4447258,1460.0,Cl.O=[N+]([O-])c1cccc(-n2cc(COc3ccc(/C=N/Nc4c5c(nc6ccccc46)CCCC5)cc3)nn2)c1
6865,CHEMBL5594849,1460.0,O=C(CNCCCCNCC(=O)Nc1c2c(nc3c1CCC3)CCCC2)Nc1c2c(nc3c1CCC3)CCCC2
4967,CHEMBL4439554,1475.0,Oc1ccc(/C=N/c2c3c(nc4ccccc24)CCCC3)cc1
706,CHEMBL422860,1480.0,CN(C)C(=O)Oc1ccc2c(c1)C(N)CCC2
742,CHEMBL543220,1480.0,CCCNC(=O)Oc1ccc2c(c1)C(N)CC2.Cl
4016,CHEMBL3958208,1480.0,Brc1ccc(/C=C2/CNCC3=C2N=C2SC=C(c4ccccc4)N2C3c2ccc(Br)cc2)cc1
1642,CHEMBL1084254,1490.0,O=C(CCC1CCN(Cc2ccccc2)CC1)c1ccc2c(c1)N(c1ccccc1)CCC2
154,CHEMBL75743,1490.0,CNC(=O)Oc1ccc2c(c1)[C@@]1(C)CCNC1N2
5394,CHEMBL4747577,1500.0,COc1ccc2cc3[n+](cc2c1OCc1ccc2ccccc2c1)CCc1cc2c(cc1-3)OCO2.[Br-]
6565,CHEMBL327209,1500.0,O=c1cc(-c2ccc(O)cc2)oc2ccccc12
4962,CHEMBL4442213,1500.0,COc1ccc2[nH]c3nc4c(c(N)c3c2c1)CCCC4
2027,CHEMBL74257,1500.0,CNC(=O)Oc1ccc2c(c1)[C@]1(C)CCN(Cc3ccccc3)[C@@H]1N2C
3848,CHEMBL3818230,1500.0,O=C1/C(=C/C2CCN(Cc3ccccc3)CC2)Cc2ccc(O)cc21
6007,CHEMBL636,1500.0,CCN(C)C(=O)Oc1cccc([C@H](C)N(C)C)c1
3155,CHEMBL3323062,1500.0,CCN(CC)CCCOc1ccc2nc3n(c(=O)c2c1)CCCC3
1836,CHEMBL329518,1500.0,COc1ccc(NC(=S)NCCOCCN(C)Cc2cccc([N+](=O)[O-])c2)cc1OC
5681,CHEMBL3889812,1500.0,COc1cccc2c1C=[N+](c1ccccc1Br)CC2.[Br-]
5110,CHEMBL4526950,1500.0,Clc1ccc(/C=N/C2CCN(Cc3ccccc3)CC2)cc1
3475,CHEMBL3586614,1500.0,CN(Cc1ccccc1)Cc1ccc(COc2ccc3ccc(=O)[nH]c3c2)cc1.Cl
4338,CHEMBL4061433,1500.0,CCN(CC)c1ccc(/C=C/c2ccc3ccccc3[n+]2C)c(O)c1.[I-]
783,CHEMBL12473,1500.0,CN(C)Cc1ccc(CSCc2cccc(CSCc3ccc(CN(C)C)o3)c2)o1
5918,CHEMBL5078658,1500.0,Cc1c(C)c2ccc(OCc3ccc(CN(C)CCCC(F)F)cc3)cc2oc1=O
6333,CHEMBL5222694,1500.0,Cc1ccc([N+]2=Cc3c(c4ccccc4n3C)CC2)cc1
6339,CHEMBL602937,1500.0,O=C1c2ccccc2-[n+]2ccc3c([nH]c4ccccc43)c21
3961,CHEMBL3961103,1500.0,C#CCN(CCCC1CCN(Cc2ccccc2)CC1)Cc1ccc2cccc(O)c2n1
606,CHEMBL349977,1500.0,Clc1cccc2c1N=C1CCCCCN1C2
5313,CHEMBL4753478,1500.0,NC(=O)c1sc(-c2ccnc(NC(=O)C3CC3)c2)nc1OCC1CCN(Cc2ccccc2)CC1
6332,CHEMBL5274308,1500.0,Cn1c2c(c3ccccc31)CC[N+](c1ccc(I)cc1)=C2
6331,CHEMBL5290939,1500.0,Cn1c2c(c3ccccc31)CC[N+](c1ccc(Br)cc1)=C2
273,CHEMBL335167,1500.0,CCc1cccc(CC)c1NC(=O)Oc1ccc2c(c1)[C@]1(C)CCN(C)[C@@H]1N2C
54,CHEMBL157208,1500.0,N#CC(C#N)=C1NCCN1CCNCc1ccc(CN2CCSCC2)o1
3853,CHEMBL3818167,1509.0,COc1cccc2c1C(=O)/C(=C/C1CCN(Cc3ccccc3)CC1)C2
4116,CHEMBL4085738,1510.0,COc1ccc(C2c3ccc4cccnc4c3Oc3nc4c(c(N)c32)CCCC4)cc1
5340,CHEMBL4756849,1522.0,Oc1ccc(CNC2CCN(Cc3ccccc3)C2)c(O)c1
7143,CHEMBL659,1529.0,COc1ccc2c3c1O[C@H]1C[C@@H](O)C=C[C@@]31CCN(C)C2
1540,CHEMBL599253,1530.0,CCN(CC)CCOc1ccc2c(c1)C(=O)/C(=C/c1ccc(CN(C)Cc3ccccc3)cc1)C2
4604,CHEMBL4217617,1530.0,COc1ccc(Cn2cc(C(=O)NCCCCCCCNc3c4c(nc5ccc(OC)cc35)CCCC4)c(=O)c3ccccc32)cc1
916,CHEMBL636,1535.0,CCN(C)C(=O)Oc1cccc([C@H](C)N(C)C)c1
2549,CHEMBL636,1535.0,CCN(C)C(=O)Oc1cccc([C@H](C)N(C)C)c1
4821,CHEMBL636,1535.0,CCN(C)C(=O)Oc1cccc([C@H](C)N(C)C)c1
3936,CHEMBL636,1535.0,CCN(C)C(=O)Oc1cccc([C@H](C)N(C)C)c1
3887,CHEMBL3824239,1540.0,Cc1ccccc1CN1CCC(CC(=O)NCCc2c[nH]c3ccccc23)CC1
5049,CHEMBL636,1540.0,CCN(C)C(=O)Oc1cccc([C@H](C)N(C)C)c1
7071,CHEMBL6151131,1540.0,N/C(=N\O)c1cccc(NC(=O)NCCc2c[nH]c3ccccc23)c1
3754,CHEMBL3763820,1540.0,CC1(C)CNC2=C([N+](=O)[O-])C3(C(=O)Nc4ccc([N+](=O)[O-])cc43)C(C#N)=C(N)N2C1
3127,CHEMBL3289935,1540.0,CN(C)c1ccc(/C=C2/COC/C(=C\c3ccc(N(C)C)cc3[N+](=O)[O-])C2=O)c([N+](=O)[O-])c1
3846,CHEMBL3818415,1540.0,COc1cc2c(cc1O)C(=O)/C(=C/C1CCN(Cc3ccccc3)CC1)C2
3847,CHEMBL3819155,1540.0,COc1cc2c(cc1O)C/C(=C\C1CCN(Cc3ccccc3)CC1)C2=O
2601,CHEMBL258893,1540.0,COc1ccc2c(c[n+](C)c3c4cc5c(cc4ccc23)OCO5)c1OC.[Cl-]
3643,CHEMBL3632847,1540.0,COc1ccc2nc3c(c(NCCCNC(=O)C4(C)CCc5c(C)c(O)c(C)c(C)c5O4)c2c1)CCCC3
2962,CHEMBL636,1540.0,CCN(C)C(=O)Oc1cccc([C@H](C)N(C)C)c1
5901,CHEMBL74926,1560.0,CN1CC[C@@]2(C)c3cc(OC(=O)Nc4ccccc4)ccc3N(C)[C@@H]12
7197,CHEMBL3546039,1560.0,COc1ccc(/C=C2\Oc3cc(OCCN4CCCC4)ccc3C2=O)c(OC)c1OC
7193,CHEMBL3416658,1560.0,COc1cc(/C=C2\Oc3cc(OCCN4CCCCC4)ccc3C2=O)cc(OC)c1OC
4093,CHEMBL4087978,1560.0,CCOC(=O)/C=C/c1ccc(OCCCCCCCCN(CC)CC)c(OC)c1
1374,CHEMBL474837,1570.0,COc1ccc(C(=O)c2ccc(CN(C)Cc3ccccc3)cc2)cc1F
5729,CHEMBL4857554,1580.0,Cl.Nc1c2c(nc3ccc(Cl)cc13)CCC2
4009,CHEMBL3928840,1590.0,Cc1ccc(/C=C2\CN(Cc3ccc4ccccc4c3)C/C(=C\c3ccc(C)cc3)C2=O)cc1
1132,CHEMBL388714,1590.0,CCN(Cc1ccccc1)Cc1cccc(-c2coc3cc(OC)c(OC)cc3c2=O)c1
3401,CHEMBL3415574,1596.0,O=C1c2ccccc2C(=O)N1CCCCCCNCc1ccc(F)cc1F
1940,CHEMBL1085017,1600.0,O=[N+]([O-])c1ccc2nc3c(c(Nc4ccccc4)c2c1)CCCC3
1742,CHEMBL142013,1600.0,c1ccc(CN2CCC(CCN3CCc4ccccc4C3)CC2)cc1
2072,CHEMBL1257644,1600.0,CCCCCCCCCNc1c2c(nc3ccc(OC)cc13)CCCC2.Cl
4816,CHEMBL659,1600.0,COc1ccc2c3c1O[C@H]1C[C@@H](O)C=C[C@@]31CCN(C)C2
6125,CHEMBL4571763,1600.0,Cc1c(C)c2ccc(OCC3CCCN(Cc4ccccc4)C3)cc2oc1=O
385,CHEMBL418643,1600.0,O=[N+]([O-])c1ccc2nc3c(c(NCc4ccccc4)c2c1)CCCC3
1602,CHEMBL1085022,1600.0,CN(C)C(=O)Nc1cccc2n1cc(-c1ccc(OC(=O)N(C)C)cc1)[n+]2C.[Cl-]
1427,CHEMBL468000,1600.0,CC1(C)CC(=O)C2=C(C1)Nc1nc3c(c(N)c1C2c1ccc(F)cc1)CCCC3
4335,CHEMBL3425891,1600.0,COc1cc(/C=C/c2ccc3ccccc3[n+]2C)cc(OC)c1OC.[I-]
4872,CHEMBL4566976,1600.0,COc1ccc2nc3c(c(NCCCCCCCCNC(=S)NC45CC6CC(CC(C6)C4)C5)c2c1)CCCC3
2644,CHEMBL189797,1610.0,CNC(=O)Oc1cccc(CN(C)CCCCCCCOc2ccc3c(c2)OCC3=O)c1
1961,CHEMBL189797,1610.0,CNC(=O)Oc1cccc(CN(C)CCCCCCCOc2ccc3c(c2)OCC3=O)c1
497,CHEMBL318026,1610.0,Nc1c2c(nc3ccccc13)CCC(O)C2
1542,CHEMBL597001,1610.0,CCN(CC)CCCOc1ccc2c(c1)C/C(=C\c1ccc(CN(C)Cc3ccccc3)cc1)C2=O
6349,CHEMBL5268704,1610.0,COc1ccc2c(c1)c(C=O)cn2CCCCCCCN(C)Cc1ccc(O)cc1
1228,CHEMBL409610,1610.0,COc1ccc2c3c1O[C@H]1C[C@@H](O)C=C[C@@]31[C@H](O)CN(C)C2
5884,CHEMBL5087321,1610.0,CO[C@H]1C[C@H]2C(=C[C@@H]1OC(=O)c1ccc(Cl)c([N+](=O)[O-])c1)[C@H]1CN2Cc2cc3c(cc21)OCO3
3807,CHEMBL3787116,1610.0,CCCCCCCNC(=O)Oc1ccc2c(c1)CN(C)C(c1ccc(F)cc1)N2C
5677,CHEMBL3969818,1620.0,COc1cccc2c1C=[N+](c1ccccc1)CC2.[Br-]
6811,CHEMBL5571784,1620.0,Cc1cc(C)cc(Oc2ccc3nc4c(c(N)c3c2)CCCC4)c1.Cl
4787,CHEMBL4281066,1620.0,CC(C)(C)c1cc(/C=C/C(=O)NCCC2CCN(Cc3ccc(F)c(F)c3)CC2)cc(C(C)(C)C)c1O
2671,CHEMBL594229,1630.0,COc1cc2occ(-c3ccc(N4CCCC4)cc3)c(=O)c2cc1OC
6893,CHEMBL5271210,1630.0,O=C1[C@@H]2Cc3c([nH]c4ccccc34)[C@@H](c3ccc4c(c3)OCO4)N2C(=O)CN1CCC1CCN(Cc2ccccc2)CC1
2759,CHEMBL2386558,1630.0,CN(C)C(=O)[C@H]1C[C@@H]1c1ccc(-c2ncn(C)c2Sc2ccc(Cl)cn2)cc1
4730,CHEMBL4290401,1640.0,COc1cccc2c(=O)cc(C(=O)NCCC3CCN(Cc4ccccc4)CC3)[nH]c12
730,CHEMBL146873,1640.0,C#CCN(C)C(C)Cc1cccc(OC(=O)N(C)C)c1
7223,CHEMBL6166006,1646.0,Nc1c2c(nc3ccc(-c4ccoc4)cc13)CCCC2
1375,CHEMBL471581,1650.0,COc1ccc(C(=O)c2ccc(CN(C)Cc3cccc(C)c3)cc2)cc1OC
6186,CHEMBL5188116,1660.0,CC1=C[C@H]2Cc3nc4cc(Cl)ccc4c(NCCCCC(=O)N4CCC(NC(=O)Nc5ccc(OC(F)(F)F)cc5)CC4)c3[C@@H](C1)C2
3871,CHEMBL3818086,1660.0,COc1ccc(/C=C/C(=O)NCCC2CCN(Cc3ccccc3)CC2)cc1O
7163,CHEMBL5188116,1660.0,CC1=C[C@H]2Cc3nc4cc(Cl)ccc4c(NCCCCC(=O)N4CCC(NC(=O)Nc5ccc(OC(F)(F)F)cc5)CC4)c3[C@@H](C1)C2
6991,CHEMBL6132963,1670.0,O=c1c2nc(-c3ccc(C(F)(F)F)cc3)sc2nc2n1CCCC2
5350,CHEMBL636,1680.0,CCN(C)C(=O)Oc1cccc([C@H](C)N(C)C)c1
6064,CHEMBL5175950,1680.0,O=C(COc1ccc(Cl)cc1)NCC1CCN(Cc2ccccc2)CC1
5244,CHEMBL636,1680.0,CCN(C)C(=O)Oc1cccc([C@H](C)N(C)C)c1
3730,CHEMBL3753508,1685.0,COc1cccc2cc(C(=O)NCCCCCCNc3c4c(nc5ccccc35)CCC4)oc12
3480,CHEMBL3586200,1690.0,C[C@@]12CC[C@@H]3[C@](C)(CC[C@H](OC(=O)CCc4ccc(O)cc4)[C@]3(C)C(=O)O)[C@H]1CC[C@H]1C(=CC[C@@H]3[C@]1(C)CC[C@@H](O)[C@]3(C)CO)C2
2603,CHEMBL2163795,1690.0,COc1cc2c(cc1OC)-c1cc3ccc(OC)c(OC)c3c[n+]1CC2.O.[Cl-]
3767,CHEMBL3764609,1690.0,Cc1c(C)c2ccc(OCCNC3CCN(Cc4ccccc4)CC3)cc2oc1=O
5205,CHEMBL659,1700.0,COc1ccc2c3c1O[C@H]1C[C@@H](O)C=C[C@@]31CCN(C)C2
6055,CHEMBL5170984,1700.0,O=C(COc1ccc(-c2ccccc2)cc1)NCC1CCN(Cc2ccccc2)CC1
4851,CHEMBL206106,1700.0,COc1cc2c(cc1OC)-c1cc3ccc(OC)c(OC)c3c[n+]1CC2
5382,CHEMBL4745801,1700.0,COc1ccc2cc3[n+](cc2c1OCc1ccccc1Br)CCc1cc2c(cc1-3)OCO2.[Br-]
6548,CHEMBL772,1700.0,COC(=O)[C@H]1[C@H]2C[C@@H]3c4[nH]c5cc(OC)ccc5c4CCN3C[C@H]2C[C@@H](OC(=O)c2cc(OC)c(OC)c(OC)c2)[C@@H]1OC
5390,CHEMBL4795843,1700.0,COc1ccc2cc3[n+](cc2c1OCc1ccc(C#N)cc1)CCc1cc2c(cc1-3)OCO2.[Br-]
2152,CHEMBL395280,1700.0,C/C=C1\[C@H]2C=C(C)C[C@]1(N)c1ccc(=O)[nH]c1C2
314,CHEMBL609668,1700.0,COc1ccc(NC(=O)Oc2ccc3c(c2)[C@]2(C)CCN(C)C2N3C)cc1
4850,CHEMBL659,1700.0,COc1ccc2c3c1O[C@H]1C[C@@H](O)C=C[C@@]31CCN(C)C2
5105,CHEMBL4453051,1700.0,c1ccc(CNC2CCN(Cc3ccccc3)CC2)cc1
2375,CHEMBL1834806,1700.0,CCCCC/C=C\C/C=C\CCCCCCCC(=O)OCCCc1cc(OC)c2oc(-c3ccc4c(c3)OCO4)cc2c1
4334,CHEMBL3425881,1700.0,COc1cc(/C=C/c2ccc3ccccc3[n+]2C)cc(OC)c1O.[I-]
6278,CHEMBL5279596,1700.0,CN1c2ccc(OC(=O)Nc3cccnc3)cc2[C@]2(C)CCO[C@H]12
5917,CHEMBL5083737,1700.0,Cc1c(C)c2ccc(OCc3cccc(CN(C)CCCC(F)F)c3)cc2oc1=O
2861,CHEMBL2441683,1700.0,COc1c(F)c[n+](CCCOc2ccc3c(C)cc(=O)oc3c2)cc1F.O=S(=O)([O-])C(F)(F)F
617,CHEMBL161880,1700.0,Clc1cccc2c1CN1CCCCCC1=N2
3254,CHEMBL3335051,1700.0,COc1cccc(CN(C)CCCCOc2ccc3c4c(c(=O)oc3c2)CCCC4)c1
6687,CHEMBL5395312,1710.0,CN1CCN(c2ccc(C(=O)Nc3cc(-c4nc5ccccc5[nH]4)n[nH]3)cc2)CC1
7058,CHEMBL6148442,1720.0,N/C(=N\O)c1cccc(NC(=O)Nc2cccc(F)c2)c1
4119,CHEMBL4067497,1730.0,Nc1c2c(nc3c1C(c1ccccc1)c1ccc4cccnc4c1O3)CCCC2
5338,CHEMBL4764465,1748.0,Oc1ccc(CNC2CCN(Cc3ccccc3)C2)cc1
3950,CHEMBL3818992,1750.0,O=C(/C=C/c1ccc(O)c(O)c1)NCCC1CCN(Cc2ccccc2)CC1
6534,CHEMBL5405496,1750.0,COc1ccc2sc3c([N+](=O)[O-])ccc(NCCC[C@@H]4CCCN5CCCC[C@H]45)c3c(=O)c2c1
5664,CHEMBL4785451,1750.0,COc1cccc2cc[n+](-c3ccccc3C#N)cc12.[Br-]
5839,CHEMBL4870746,1755.0,O=C(NCC1CCN(Cc2ccccc2F)CC1)c1cncc(NC(=O)c2ccnc(NC(=O)C3CC3)c2)c1
583,CHEMBL292695,1760.0,Cc1ccccc1NC(=O)Oc1ccc2c(c1)[C@]1(C)CCN(Cc3ccccc3)C1N2Cc1ccccc1
2758,CHEMBL2381401,1760.0,COc1ccc2cc(C(=O)CN3CCN(Cc4ccccc4)CC3)c(=O)oc2c1
5151,CHEMBL4547993,1770.0,N#Cc1ccccc1CN1CCC(C(=O)Nc2nc(-c3ccc(Cl)cc3)c(-c3ccc(Cl)cc3)s2)CC1
6153,CHEMBL5209231,1775.0,Cc1ccc2nc3c(c(N4CCOCC4)c2c1)CCCC3
2725,CHEMBL2377875,1780.0,Fc1ccccc1Cc1nnc2sc(-c3ccoc3)nn12
2724,CHEMBL2377876,1780.0,Fc1ccc(Cc2nnc3sc(-c4ccoc4)nn23)cc1
6831,CHEMBL5591982,1780.0,CN(Cc1ccc(COc2ccc3c(CO)cc(=O)oc3c2)cc1)Cc1cscn1
4073,CHEMBL3896153,1780.0,C=CCOC(=O)C1=C(C)Nc2nc3c(c(N)c2C1c1cccc(F)c1)CC(C)(C)CC3
2721,CHEMBL2377874,1780.0,Clc1ccc(-c2nnc3sc(-c4ccoc4)nn23)cc1
698,CHEMBL553599,1780.0,C#CCNC1CCc2ccc(OC(=O)N(C)Cc3ccccc3)cc21.Cl
2726,CHEMBL2375480,1780.0,Fc1cccc(Cc2nnc3sc(-c4ccoc4)nn23)c1
2727,CHEMBL2377873,1780.0,Clc1ccccc1-c1nnc2sc(-c3ccoc3)nn12
2731,CHEMBL2375482,1780.0,Brc1ccc(-c2nnc3sc(-c4ccoc4)nn23)cc1
2723,CHEMBL2377877,1780.0,COc1ccccc1-c1nnc2sc(-c3ccoc3)nn12
4786,CHEMBL4291697,1780.0,CC(C)(C)c1cc(/C=C/C(=O)NCCC2CCN(Cc3ccc(F)cc3F)CC2)cc(C(C)(C)C)c1O
2722,CHEMBL2377878,1780.0,COc1cccc(-c2nnc3sc(-c4ccoc4)nn23)c1
2732,CHEMBL2375481,1780.0,COc1ccc(-c2nnc3sc(-c4ccoc4)nn23)cc1
6612,CHEMBL5421943,1782.0,CCOP(=O)(OCC)C(Nc1ccc([N+](=O)[O-])cc1)c1ccc(OCc2nc3ccccc3c(=O)n2-c2ccc(F)cc2)c(OC)c1
6635,CHEMBL5414074,1790.0,COc1cc(O)c(C(=O)Nc2nc(C(=O)NCCN(C(C)C)C(C)C)cs2)cc1OC.Cl
5683,CHEMBL3925400,1790.0,COc1cccc2c1C=[N+](c1ccccc1I)CC2.[Br-]
4074,CHEMBL3920662,1792.0,C#CCOC(=O)C1=C(C)Nc2nc3c(c(N)c2C1c1cccc(F)c1)CC(C)(C)CC3
6098,CHEMBL5176910,1800.0,COc1cc(/C=C/c2cc(=O)oc3c2ccc2oc(-c4ccccc4)cc23)cc(OC)c1
6099,CHEMBL5202541,1800.0,COc1cc(/C=C/c2cc(=O)oc3c2ccc2oc(-c4cccc(F)c4)cc23)cc(OC)c1
6104,CHEMBL5200035,1800.0,COc1ccc(-c2cc3c(ccc4c(/C=C/c5cc(OC)cc(OC)c5)cc(=O)oc43)o2)cc1
4333,CHEMBL1303143,1800.0,C[n+]1c(/C=C/c2ccc(O)cc2)ccc2ccccc21.[I-]
4961,CHEMBL3291021,1800.0,C#CCN(C)Cc1ccc(O)c2ncccc12
1584,CHEMBL1084517,1800.0,COC(=O)c1cc2c(N)c3c(nc2nc1C)CCCCCC3
771,CHEMBL148760,1800.0,C#CC(C)NC1CCc2ccc(SC(=O)N(C)C)cc21
6102,CHEMBL5185240,1800.0,COc1cc(/C=C/c2cc(=O)oc3c2ccc2oc(-c4ccc(Cl)cc4)cc23)cc(OC)c1
6101,CHEMBL5197349,1800.0,COc1cc(/C=C/c2cc(=O)oc3c2ccc2oc(-c4cccc(Cl)c4)cc23)cc(OC)c1
724,CHEMBL1788298,1800.0,C#CCN[C@@H]1CCc2ccc(OC(=O)N(C)C)cc21.Cl
1076,CHEMBL373651,1800.0,Cn1c2ccc(O)cc2c2cc[n+](C)cc21
2376,CHEMBL1834808,1800.0,CCCCCCCC/C=C\CCCCCCCC(=O)OCCCc1cc(OC)c2oc(-c3ccc4c(c3)OCO4)cc2c1
4011,CHEMBL3901794,1800.0,Cc1ccc(/C=C2/CNCC3=C2N=C2SC=C(c4ccc(C)cc4)N2C3c2ccc(C)cc2)cc1
6103,CHEMBL5169638,1800.0,COc1cc(/C=C/c2cc(=O)oc3c2ccc2oc(-c4ccc(C)cc4)cc23)cc(OC)c1
307,CHEMBL609409,1800.0,CN1CC[C@@]2(C)c3cc(OC(=O)Nc4ccc(Cl)cc4)ccc3N(C)C12
1834,CHEMBL101988,1800.0,CN(CCOCCNC(=S)Nc1ccc(Cl)cc1)Cc1ccccc1
937,CHEMBL191461,1800.0,CNC(=O)Oc1cccc(CN(C)CCCCCCCOc2ccc3c(c2)C/C(=C\c2cc(OC)c(OC)c(OC)c2)C3=O)c1
1582,CHEMBL1084519,1800.0,CCOC(=O)c1cc2c(N)c3c(nc2nc1C)CCCCCC3
6100,CHEMBL5196941,1800.0,COc1cc(/C=C/c2cc(=O)oc3c2ccc2oc(-c4ccc(F)cc4)cc23)cc(OC)c1
7028,CHEMBL6151857,1805.0,O=C1c2cc(O)c(O)cc2CC1CC1CCN(Cc2ccccc2)CC1
2271,CHEMBL514966,1820.0,COc1ccc(C(=O)c2ccc(CN(C)Cc3ccccc3)cc2)cc1
1376,CHEMBL514966,1820.0,COc1ccc(C(=O)c2ccc(CN(C)Cc3ccccc3)cc2)cc1
3768,CHEMBL3764762,1820.0,Cc1c(Cl)c(=O)oc2cc(OCCNC3CCN(Cc4ccccc4)CC3)ccc12
2409,CHEMBL481,1827.0,CCc1c2c(nc3ccc(OC(=O)N4CCC(N5CCCCC5)CC4)cc13)-c1cc3c(c(=O)n1C2)COC(=O)[C@]3(O)CC
4088,CHEMBL4094981,1830.0,CCN(CC)CCCCCCOc1ccc(/C=C/C(=O)Nc2ccccc2)cc1OC
3341,CHEMBL3402708,1831.0,CN(CCCCCCN1C(=O)c2ccccc2C1=O)Cc1ccccc1.Cl
4072,CHEMBL3968230,1836.0,CCOC(=O)C1=C(C)Nc2nc3c(c(N)c2C1c1cccc(F)c1)CC(C)(C)CC3
3000,CHEMBL3133439,1840.0,COc1cc2c(cc1OC)C(NC(=O)CN1CCN(Cc3ccccc3)CC1)c1cnn(C)c1-2
3865,CHEMBL489354,1840.0,O=C(CCCCCCCCc1ccc(O)cc1)c1c(O)cccc1O
4664,CHEMBL4280935,1850.0,CCN(CC)CCCCCCOc1ccc(/C=C2\COc3ccccc3C2=O)cc1
2464,CHEMBL1940616,1850.0,COc1ccccc1CNCCCCCCNC1=CC(=O)c2ccccc2C1=O
200,CHEMBL60596,1850.0,C=CC[N+](C)(C)c1ccccc1O.[Br-]
4558,CHEMBL4203538,1850.0,COc1ccc(CC(=O)Nc2ccc(CN(C)Cc3ccccc3)cc2)cc1OC
4076,CHEMBL3911730,1860.0,CCOC(=O)C1=C(C)N(C)c2nc3c(c(N)c2C1c1ccccc1Cl)CC(C)(C)CC3
6693,CHEMBL5555216,1861.0,N#Cc1ccccc1NC(=O)Cn1nc(-c2ccccc2)c(-c2ccccc2)nc1=O
4447,CHEMBL4170940,1861.0,COc1cc2c(cc1OC)C(=O)C(Cc1cc[n+](Cc3cccc(C)n3)cc1C(N)=O)C2.[Br-]
921,CHEMBL371787,1870.0,CC(NC(=O)Oc1cccc2c1OCC1CCN(C)C21)c1ccccc1
5225,CHEMBL4788019,1870.0,O=C(N/N=C/c1ccc(F)cc1)N1CCN(c2ccccn2)CC1
2015,CHEMBL1172830,1875.0,COS(=O)(=O)[O-].C[N+](C)(C)c1cccc(OC(=O)Nc2ccccc2)c1
6833,CHEMBL5569900,1880.0,CN(Cc1ccncc1)Cc1ccc(COc2ccc3c(CO)cc(=O)oc3c2)cc1
6158,CHEMBL5202798,1885.0,O=[N+]([O-])c1ccc2nc3c(c(N4CCCCC4)c2c1)CCCC3
6281,CHEMBL5273857,1890.0,COc1cc2c(cc1OC)C(=O)[C@]1(C2)[C@H](c2cccc([N+](=O)[O-])c2)[C@H](Cc2c[nH]c3ccccc23)NC12C(=O)Nc1ccccc12
6920,CHEMBL5639262,1890.0,COc1cc(-c2cc(-c3ccccc3)nc3[nH]nc(N)c23)cc(OC)c1OC
6868,CHEMBL5594084,1900.0,CC(C)(C)c1cc(CNCCNc2c3c(nc4ccccc24)CCCCC3)cc(C(C)(C)C)c1O
3104,CHEMBL3263724,1900.0,CN(Cc1ccccc1)Cc1ccc(C(=O)NCCc2c[nH]c3ccccc23)cc1
5090,CHEMBL636,1900.0,CCN(C)C(=O)Oc1cccc([C@H](C)N(C)C)c1
3047,CHEMBL388560,1900.0,CCOP(=S)(OCC)Oc1cc(C)nc(C(C)C)n1
5386,CHEMBL4753534,1900.0,COc1ccc2cc3[n+](cc2c1OCc1cccc(Cl)c1)CCc1cc2c(cc1-3)OCO2.[Br-]
2829,CHEMBL2441683,1900.0,COc1c(F)c[n+](CCCOc2ccc3c(C)cc(=O)oc3c2)cc1F.O=S(=O)([O-])C(F)(F)F
5807,CHEMBL4849276,1900.0,C[n+]1ccc2[nH]c3ccc(F)cc3c2c1.[I-]
1585,CHEMBL1083972,1900.0,COC(=O)c1cc2c(N)c3c(nc2nc1C)CCC3
6336,CHEMBL5286146,1900.0,C=C[C@H]1[C@@H](/C(=C/O)C(=O)OC)C[C@H]2c3[nH]c4ccccc4c3CCN2[C@H]1O[C@@H]1O[C@H](CO)[C@@H](O)[C@H](O)[C@H]1O
7249,CHEMBL6190268,1900.0,CC(C)(C)c1ccc(CNCCNc2c3c(nc4ccccc24)CCCCC3)c(C(C)(C)C)c1O
4331,CHEMBL3425892,1900.0,COc1cc(/C=C/c2ccc3ccccc3[n+]2C)ccc1N1CCOCC1.[I-]
1074,CHEMBL441868,1900.0,Cc1c2c(cc[n+]1C)c1cc(O)ccc1n2C
4362,CHEMBL4081699,1900.0,CCOC(=O)[C@H](CCC(=O)NCCC1CCN(Cc2ccccc2)CC1)NC(=O)c1c[nH]c2ccccc12
6297,CHEMBL5285611,1900.0,C#CCn1c2cc(OC)ccc2c2ccnc(C)c21
4436,CHEMBL659,1900.0,COc1ccc2c3c1O[C@H]1C[C@@H](O)C=C[C@@]31CCN(C)C2
3992,CHEMBL171048,1910.0,COc1cc2c(cc1OC)C(=O)C(CC1CCN(Cc3ccc([N+](=O)[O-])cc3)CC1)C2
4075,CHEMBL3981703,1928.0,C#CCOC(=O)C1=C(C)Nc2nc3c(c(N)c2C1c1cccc([N+](=O)[O-])c1)CC(C)(C)CC3
6848,CHEMBL5594172,1930.0,Cc1ccc(C(C)C)cc1OCC(=O)NCCN1CCOCC1
6851,CHEMBL5591277,1930.0,Cc1ccc(C(C)C)cc1OCC(=O)NCc1ccc2c(c1)OCO2
6847,CHEMBL5593429,1930.0,Cc1ccc(C(C)C)cc1OCC(=O)NCCN1CCCC1
6850,CHEMBL5594511,1930.0,COc1ccc(CCNC(=O)COc2cc(C(C)C)ccc2C)cc1OC
4007,CHEMBL3955393,1930.0,O=C1/C(=C/c2ccccc2)CN(Cc2ccc3ccccc3c2)C/C1=C\c1ccccc1
6852,CHEMBL5591729,1930.0,Cc1ccc(C(C)C)cc1OCC(=O)NCCN1CCN(C)CC1
6853,CHEMBL5591597,1930.0,Cc1ccc(C(C)C)cc1OCC(=O)NCCNc1cccc2cccnc12
6846,CHEMBL5583734,1930.0,Cc1ccc(C(C)C)cc1OCC(=O)N1Cc2ccccc2C1
6845,CHEMBL5592999,1930.0,Cc1ccc(C(C)C)cc1OCC(=O)N1CCCCC1
6844,CHEMBL5592053,1930.0,Cc1ccc(C(C)C)cc1OCC(=O)NC1CCCCC1
6843,CHEMBL5583545,1930.0,Cc1ccc(C(C)C)cc1OCC(=O)N(C(C)C)C(C)C
6842,CHEMBL5593745,1930.0,CCN(CC)C(=O)COc1cc(C(C)C)ccc1C
6841,CHEMBL5591504,1930.0,CCCNC(=O)COc1cc(C(C)C)ccc1C
6840,CHEMBL5591073,1930.0,CNC(=O)COc1cc(C(C)C)ccc1C
6849,CHEMBL5589858,1930.0,Cc1ccc(C(C)C)cc1OCC(=O)NCCC1=CCCCC1
6596,CHEMBL5401178,1937.0,O=C(Nc1cccc(-c2cc(-c3ccc(Cl)cc3)n[nH]2)c1)c1ccccc1
5685,CHEMBL3915297,1940.0,COc1cccc2c1C=[N+](c1ccc(C(F)(F)F)cc1)CC2.[Br-]
3864,CHEMBL524100,1940.0,O=C(CCCCCCCCc1ccc(O)c(O)c1)c1c(O)cccc1O
5730,CHEMBL4876686,1940.0,Cl.Nc1c2c(nc3ccc(Cl)cc13)CCCC2
4487,CHEMBL4177242,1940.0,CCN(CC)C(=S)SCCOc1ccc2c(C)cc(=O)oc2c1
4091,CHEMBL4072405,1940.0,CCOC(=O)/C=C/c1ccc(OCCCCCCN(CC)CC)c(OC)c1
6146,CHEMBL5192450,1946.0,O=C(CN1CCN(c2ccccc2)CC1)Nc1n[nH]c2ncccc12
934,CHEMBL370961,1950.0,CNC(=O)Oc1cccc(CN(C)CCCCCCCOc2ccc3c(c2)O/C(=C\c2ccccc2)C3=O)c1
6810,CHEMBL5572528,1960.0,CC(C)(C)c1ccc(Oc2ccc3nc4c(c(N)c3c2)CCCC4)cc1.Cl
7207,CHEMBL6152852,1960.0,C#CCCCOc1c(CN2CCCCC2)cc(-c2cc(=O)c3ccccc3o2)cc1OCC
5276,CHEMBL4799871,1970.0,O=C(NO)c1ccc(Nc2c3c(nc4ccccc24)CCCC3)cc1
6568,CHEMBL5435812,1980.0,COC(=O)/C=C/C(=O)Nc1cccc(OCCCSC(=S)N2CCCCC2)c1
3999,CHEMBL3973337,1980.0,COc1cc2c(cc1OC)C(=O)C(CC1CCN(Cc3cccc(Br)n3)CC1)C2
5555,CHEMBL4778690,1990.0,COc1cc2c(cc1OC)C(=O)/C(=C/c1ccc(N3CC[N+](C)(Cc4cccc(Br)c4)CC3)cc1)C2.[Br-]
4484,CHEMBL4167973,1990.0,Cc1cc(=O)oc2cc(OCCSC(=S)N3CCN(C(C)C)CC3)ccc12
5679,CHEMBL3892652,1990.0,COc1cccc2c1C=[N+](c1ccc(F)cc1)CC2.[Br-]
3345,CHEMBL3402713,1992.0,CN(CCCCCCN1C(=O)c2ccccc2C1=O)Cc1ccccc1F.Cl
4947,CHEMBL356385,2000.0,C#CCN(C)C(C)Cc1cccc(OC(=O)N(C)CCCCCC)c1
6300,CHEMBL5288400,2000.0,COc1ccc2c3c([nH]c2c1N)C(C)NCC3
1558,CHEMBL105742,2000.0,[Br-].[Br-].c1cc[n+](CCCCCCCCC[n+]2ccccc2)cc1
1581,CHEMBL1084250,2000.0,COC(=O)c1cc2c(N)c3c(nc2nc1C)CCCCC3
696,CHEMBL1788255,2000.0,C#CCN(C)[C@H](C)Cc1cccc(OC(=O)N(C)CCCCCC)c1
1580,CHEMBL1083973,2000.0,CCOC(=O)c1cc2c(N)c3c(nc2nc1C)CCCCC3
1263,CHEMBL225567,2000.0,O=C(CCc1c[nH]c2ccccc12)NCCCCCCNc1c2c(nc3cc(Cl)ccc13)CCCC2
6264,CHEMBL5267972,2000.0,COc1ccc2[nH]cc(CCNC(=O)CN(CCCCC3CCN(Cc4ccccc4)CC3)C(=O)c3cc(=O)c4ccccc4o3)c2c1
2193,CHEMBL1761999,2000.0,C(=C\C[n+]1cccc2ccccc21)\C[n+]1cccc2ccccc21.[Cl-].[Cl-]
78,CHEMBL435373,2000.0,CC1=CC2Cc3nc(O)ccc3C(N)(C1)/C2=C/C(F)(F)F
6605,CHEMBL659,2000.0,COc1ccc2c3c1O[C@H]1C[C@@H](O)C=C[C@@]31CCN(C)C2
3421,CHEMBL3577524,2000.0,CCN(CCCCCCOc1ccc(-c2cc(=O)c3c(O)c(OC)c(OC)cc3o2)cc1)Cc1ccccc1OC
1094,CHEMBL225021,2000.0,O=C(CCCc1c[nH]c2ccccc12)NCCCCCNc1c2c(nc3cc(Cl)ccc13)CCCC2
1091,CHEMBL225567,2000.0,O=C(CCc1c[nH]c2ccccc12)NCCCCCCNc1c2c(nc3cc(Cl)ccc13)CCCC2
2118,CHEMBL1642984,2000.0,CC(C)(C)c1cc[n+](C/C=C\C[n+]2ccc(C(C)(C)C)cc2)cc1.[Cl-].[Cl-]
3152,CHEMBL659,2000.0,COc1ccc2c3c1O[C@H]1C[C@@H](O)C=C[C@@]31CCN(C)C2
2757,CHEMBL659,2000.0,COc1ccc2c3c1O[C@H]1C[C@@H](O)C=C[C@@]31CCN(C)C2
2167,CHEMBL1669487,2000.0,[Cl-].[Cl-].c1ccc2c[n+](COC[n+]3ccc4ccccc4c3)ccc2c1
3405,CHEMBL3415579,2008.0,O=C1c2ccccc2C(=O)N1CCCCCCNCc1cccc(Cl)c1
2881,CHEMBL659,2010.0,COc1ccc2c3c1O[C@H]1C[C@@H](O)C=C[C@@]31CCN(C)C2
5887,CHEMBL659,2010.0,COc1ccc2c3c1O[C@H]1C[C@@H](O)C=C[C@@]31CCN(C)C2
3735,CHEMBL659,2010.0,COc1ccc2c3c1O[C@H]1C[C@@H](O)C=C[C@@]31CCN(C)C2
4782,CHEMBL4284895,2010.0,Cc1ccc(CN2CCC(CCNC(=O)/C=C/c3cc(C(C)(C)C)c(O)c(C(C)(C)C)c3)CC2)cc1
1157,CHEMBL659,2010.0,COc1ccc2c3c1O[C@H]1C[C@@H](O)C=C[C@@]31CCN(C)C2
1367,CHEMBL659,2010.0,COc1ccc2c3c1O[C@H]1C[C@@H](O)C=C[C@@]31CCN(C)C2
2573,CHEMBL2071425,2010.0,CC(=O)Oc1cccc2nc3c(OC(C)=O)ccc(C/C=C(\C)CCC=C(C)C)c3nc12
5170,CHEMBL4639749,2020.0,Cc1ccc(C2C([N+](=O)[O-])C(Cc3c[nH]cn3)NC23c2ccccc2-c2nc4ccccc4nc23)cc1
1133,CHEMBL245054,2020.0,COc1cc2occ(-c3cccc(CN(C)Cc4ccccc4)c3)c(=O)c2cc1OC
590,CHEMBL294208,2020.0,CC(C)c1ccc(NC(=O)Oc2ccc3c(c2)[C@]2(C)CCN(C)C2N3)cc1
3766,CHEMBL3765293,2040.0,O=c1cc(Cl)c2ccc(OCCNC3CCN(Cc4ccccc4)CC3)cc2o1
5173,CHEMBL4642244,2050.0,COc1ccc(C2C([N+](=O)[O-])C(Cc3c[nH]cn3)NC23c2ccccc2-c2nc4ccccc4nc23)cc1
5654,CHEMBL4778914,2060.0,COc1cccc2cc[n+](-c3ccccc3I)cc12.[Br-]
6350,CHEMBL5280435,2060.0,COc1ccc2c(c1)c(C=O)cn2CCCCCCCCN(C)Cc1ccc(O)cc1
4247,CHEMBL636,2070.0,CCN(C)C(=O)Oc1cccc([C@H](C)N(C)C)c1
6481,CHEMBL636,2070.0,CCN(C)C(=O)Oc1cccc([C@H](C)N(C)C)c1
3716,CHEMBL3754341,2070.0,c1ccc2oc(CN(CCCCCCNc3c4c(nc5ccccc35)CCC4)Cc3cc4ccccc4o3)cc2c1
5176,CHEMBL659,2090.0,COc1ccc2c3c1O[C@H]1C[C@@H](O)C=C[C@@]31CCN(C)C2
932,CHEMBL365678,2090.0,CCC(=O)Oc1cccc(CN(C)CCCCCCCOc2ccc3c(c2)O/C(=C\c2ccc4ccccc4c2)C3=O)c1
6464,CHEMBL5291438,2090.0,O=C1CC2CCc3ccsc3C2=NN1CCCCN1CCCCC1
2939,CHEMBL659,2090.0,COc1ccc2c3c1O[C@H]1C[C@@H](O)C=C[C@@]31CCN(C)C2
2687,CHEMBL659,2090.0,COc1ccc2c3c1O[C@H]1C[C@@H](O)C=C[C@@]31CCN(C)C2
2734,CHEMBL659,2090.0,COc1ccc2c3c1O[C@H]1C[C@@H](O)C=C[C@@]31CCN(C)C2
6283,CHEMBL659,2090.0,COc1ccc2c3c1O[C@H]1C[C@@H](O)C=C[C@@]31CCN(C)C2
3909,CHEMBL3828028,2100.0,CCCCCCCC1OCc2c[n+](C)c(C)c(OC(=O)N(C)C)c2CO1.[Br-]
1377,CHEMBL474836,2100.0,COc1ccc(C(=O)c2ccc(/C=C/CN(C)Cc3ccccc3)cc2)cc1OC
40,CHEMBL153311,2100.0,CNC(NCCNCc1ccc(CN(C(C)C)C(C)C)o1)=C(C#N)C#N
4722,CHEMBL4291845,2100.0,CCN1CCN(C2CCN(C(=O)COc3ccc(-c4ccc([N+](=O)[O-])cc4)cc3)CC2)CC1
5581,CHEMBL3127002,2100.0,CCN(CCCCOc1ccc(-c2coc3cc(OCCCCN(CC)Cc4ccccc4)cc(O)c3c2=O)cc1)Cc1ccccc1
1882,CHEMBL1083677,2100.0,O=C1c2ccccc2CCC1CC1CCN(c2ccccc2)CC1
4224,CHEMBL4088091,2100.0,CN1C(=O)C2CN(C)C3(C(=O)c4ccccc4C3=O)C2C1=O
3112,CHEMBL3263733,2100.0,COc1ccc2c(CCNC(=O)c3ccc(CN(C)Cc4cccc(Cl)c4)cc3)c[nH]c2c1
649,CHEMBL421601,2100.0,CN(C)Cc1ccc(CSCCNc2cccc(F)c2C#N)o1
1499,CHEMBL659,2100.0,COc1ccc2c3c1O[C@H]1C[C@@H](O)C=C[C@@]31CCN(C)C2
1583,CHEMBL1084518,2100.0,CCOC(=O)c1cc2c(N)c3c(nc2nc1C)CCC3
5118,CHEMBL4537808,2100.0,C(=N/C1CCN(Cc2ccccc2)CC1)\c1ccccc1
4341,CHEMBL4093946,2100.0,COc1cc(/C=C/c2ccc3ccccc3[n+]2C)ccc1N1CCN(C)CC1.[I-]
3261,CHEMBL3335031,2100.0,CN(CCCOc1ccc2c3c(c(=O)oc2c1)CCCC3)Cc1ccccc1
3390,CHEMBL3415559,2105.0,O=C1c2ccccc2C(=O)N1CCCCCCNCc1ccccc1
5075,CHEMBL4473127,2111.0,Fc1ccc2[nH]c3c(c2c1)C[PH](Cc1cccc2ccccc12)(c1ccccc1)CC3
5460,CHEMBL4794820,2120.0,CN1C[C@@H](c2cccc3ccccc23)[C@@]2(CSc3ccccc3C2=O)C12C(=O)c1ccccc1C2=O
2082,CHEMBL1289045,2120.0,COc1cc2c(cc1OC)C(=O)C1(C2)C(c2ccc(F)cc2)CN(C)C12C(=O)Nc1ccccc12
3988,CHEMBL3961494,2120.0,COc1cc2c(cc1OC)C(=O)C(CC1CCN(Cc3cccc(C(F)(F)F)c3)CC1)C2
4780,CHEMBL4288282,2120.0,COc1ccc(CN2CCC(CCNC(=O)/C=C/c3cc(C(C)(C)C)c(O)c(C(C)(C)C)c3)CC2)cc1
2791,CHEMBL2413559,2130.0,c1ccc2[nH]c(-c3ccc(OCCN4CCCC4)cc3)nc2c1
3095,CHEMBL3262666,2140.0,COc1cc2c(cc1OC)C(Cc1ccc(OCCCCCCN3CCCCC3)cc1)NCC2
6364,CHEMBL249448,2140.0,O=C(/C=C/c1ccc(O)c(O)c1)O[C@@H]1[C@H](O)C[C@@](O)(C(=O)O)C[C@H]1OC(=O)/C=C/c1ccc(O)c(O)c1
6004,CHEMBL5188111,2148.0,CCCCCCCNC(=O)Oc1ccc(Cc2nc3cc(C(=O)N(CC)CC)ccc3n2CCCCN2CCCCC2)cc1
774,CHEMBL542266,2150.0,CN(C)C(=O)Oc1ccc2c(c1)C(N(C)C)CC2.Cl
5560,CHEMBL4794690,2150.0,CCC[N+]1(C)CCN(c2ccc(/C=C3\Cc4cc(OC)c(OC)cc4C3=O)cc2)CC1.[Br-]
690,CHEMBL545103,2150.0,C#CCNC1CCc2c(OC(=O)N(C)CC)cccc21.Cl
3850,CHEMBL3819646,2160.0,O=C1/C(=C/C2CCN(Cc3ccccc3)CC2)Cc2cc(O)ccc21
7127,CHEMBL6147723,2160.0,CCOC(=O)c1c(OC(=O)c2ccccc2)sc2c1CCCCC2
7258,CHEMBL502,2160.0,COc1cc2c(cc1OC)C(=O)C(CC1CCN(Cc3ccccc3)CC1)C2
5632,CHEMBL502,2170.0,COc1cc2c(cc1OC)C(=O)C(CC1CCN(Cc3ccccc3)CC1)C2
3286,CHEMBL3338387,2170.0,C/C=C1\[C@H]2C=C(C)C[C@]1(N[C@H]1OC(=O)C3=C4CC(C)(C)C[C@H]4[C@@H](C)[C@@H](O)C[C@]31O)c1ccc(=O)[nH]c1C2
5833,CHEMBL4854572,2176.0,O=C(NCC1CCN(Cc2ccccc2F)CC1)c1n[nH]c2ccc(-c3cccnc3)cc12
1111,CHEMBL376186,2180.0,COc1ccccc1CN(C)CCCCCCCOc1ccc2c(=O)c3ccccc3oc2c1
7210,CHEMBL6173562,2190.0,C#CCOc1ccc(-c2cc(=O)c3ccccc3o2)cc1CN1CCOCC1
489,CHEMBL32653,2192.0,CCCNC(=O)Oc1ccc2c(c1)[C@@H]1CCN(CC)C1C2
1700,CHEMBL1085386,2192.0,CCCNC(=O)Oc1ccc2c(c1)C1CCN(CC)C1C2
344,CHEMBL99414,2193.5,CNC(=O)Oc1ccc2c(c1)[C@@]1(C)CCN(C)C1N2
1080,CHEMBL376434,2200.0,COc1ccc2[nH]c3c[n+](C)ccc3c2c1
5801,CHEMBL4870561,2200.0,C[n+]1ccc2c(c1)c1ccccc1n2CCC(=O)N1c2ccccc2Sc2ccccc21.[I-]
3012,CHEMBL3220804,2200.0,C[C@@]12CC[C@@H]3[C@@](CC[C@H]4[C@@]3(C)CCC[C@@]4(C)C(=O)OCC[N+](C)(C)CCCCCCCCCCCC[N+](C)(C)CCOC(=O)[C@]3(C)CCC[C@@]4(C)[C@@H]5CC[C@@]6(C)C[C@]5(CC[C@@H]43)CC6=O)(CC1=O)C2.[Br-].[Br-]
3873,CHEMBL3819320,2200.0,O=C(/C=C/c1ccc(O)cc1)NCCC1CCN(Cc2ccccc2)CC1
3094,CHEMBL3262665,2200.0,COc1cc2c(cc1OC)C(Cc1ccc(OCCCCCCN3CCCCC3C)cc1)NCC2
2425,CHEMBL1917825,2200.0,C=CCCCNc1c2c(nc3ccc(OC)cc13)CCCC2
4210,CHEMBL4076034,2200.0,COc1ccc(CNc2c3c(nc4ccccc24)CCCC3)cc1OC
5863,CHEMBL4866752,2200.0,COc1ccc2[nH]cc(CCNC(=O)Cn3cc(CCCCN(C)CCCC4c5cc(OC)c(OC)cc5CCN4C)nn3)c2c1
5805,CHEMBL4850804,2200.0,O=C(CCn1c2ccccc2c2c[n+](Cc3ccccc3)ccc21)N1c2ccccc2Sc2ccccc21.[Br-]
4118,CHEMBL4104551,2200.0,Nc1c2c(nc3c1C(c1cccc(F)c1)c1ccc4cccnc4c1O3)CCCC2
5106,CHEMBL4435826,2200.0,COc1cccc(CNC2CCN(Cc3ccccc3)CC2)c1OC
5927,CHEMBL5079544,2200.0,CN(CCCO)Cc1ccc(COc2ccc3c(CO)cc(=O)oc3c2)cc1
5104,CHEMBL4591283,2200.0,COc1cc(CNC2CCN(Cc3ccccc3)CC2)cc(OC)c1OC
5667,CHEMBL4784649,2210.0,COc1cccc2cc[n+](-c3cccc(C)c3)cc12.[Br-]
4655,CHEMBL4290877,2220.0,Fc1ccc2c(C3CCN(CCN4CCCCC4)CC3)noc2c1
5203,CHEMBL4632461,2229.0,COc1ccc([C@H]2OC[C@H]3[C@@H]2C(=O)O[C@@H]3c2ccc3c(c2)OCO3)cc1OC
4776,CHEMBL4283390,2230.0,CC(C)(C)c1cc(/C=C/C(=O)NCCC2CCN(Cc3ccccc3)CC2)cc(C(C)(C)C)c1O
6917,CHEMBL5647144,2240.0,Nc1n[nH]c2nc(-c3ccccc3)cc(-c3ccc(Br)cc3)c12
4608,CHEMBL4217126,2240.0,COc1ccc(Cn2cc(C(=O)NCCCNc3c4c(nc5ccc(OC)cc35)CCCC4)c(=O)c3ccccc32)cc1
2383,CHEMBL221753,2246.0,CC(C)(C)CC(C)(C)c1ccc(OCCOCC[N+](C)(C)Cc2ccccc2)cc1.[Cl-]
5629,CHEMBL4795569,2248.0,CC(C)c1ccc(NC(=O)OCC2CCN(Cc3ccccc3)CC2)cc1
738,CHEMBL2093015,2250.0,C#CCN[C@H]1CCc2ccc(OC(=O)N(C)C)cc21.Cl
5339,CHEMBL4778302,2258.0,Oc1ccccc1CNC1CCN(Cc2ccccc2)C1
1139,CHEMBL244415,2260.0,COc1ccc(CN(C)Cc2ccc(-c3cc4cc(OC)c(OC)cc4oc3=O)cc2)cc1
1131,CHEMBL245055,2270.0,COc1cc2oc(-c3cccc(CN(C)Cc4ccccc4)c3)cc(=O)c2cc1OC
4012,CHEMBL3972865,2270.0,Cc1ccc(/C=C2/CNCC3=C2N=C2SC=C(c4ccc(Br)cc4)N2C3c2ccc(C)cc2)cc1
6724,CHEMBL636,2288.0,CCN(C)C(=O)Oc1cccc([C@H](C)N(C)C)c1
1151,CHEMBL243311,2290.0,COc1ccc2cc(-c3cccc(CN(C)Cc4ccccc4)c3)c(=O)oc2c1
6743,CHEMBL636,2290.97,CCN(C)C(=O)Oc1cccc([C@H](C)N(C)C)c1
4882,CHEMBL4553902,2300.0,COc1ccc(-n2cc(COc3ccc(/C=N/Nc4c5c(nc6ccccc46)CCCC5)cc3)nn2)cc1.Cl
5797,CHEMBL4848411,2300.0,O=C(CCn1c2ccccc2c2cnccc21)N1c2ccccc2Sc2ccccc21
498,CHEMBL318026,2300.0,Nc1c2c(nc3ccccc13)CCC(O)C2
5101,CHEMBL4443013,2300.0,Oc1ccc(CNC2CCN(Cc3ccccc3)CC2)c(O)c1
5961,CHEMBL5183944,2300.0,Oc1cc2c(cc1O)-c1cc3ccc(O)c(O)c3c[n+]1CC2.[Br-]
4350,CHEMBL4095051,2300.0,CCn1c2ccccc2c2cc(/C=C/c3cc(N4CCOCC4)c4ccccc4[n+]3C)ccc21.[I-]
805,CHEMBL1790041,2300.0,CNC(=C[N+](=O)[O-])NCCSCc1ccc(CN(C)C)o1
4613,CHEMBL4216666,2300.0,O/N=C/c1nc(CCCCNc2c3c(nc4ccc(Cl)cc24)CCCC3)ccc1O
1302,CHEMBL129306,2300.0,OC1CCN(Cc2ccc(OCCCN3CCCCC3)cc2)CC1
1841,CHEMBL98497,2300.0,CN(CCOCCNC(=O)Nc1ccc([N+](=O)[O-])cc1)Cc1ccccc1
3581,CHEMBL446060,2300.0,CNC(=O)Oc1ccccc1OC(C)C
5628,CHEMBL4776331,2308.0,CC(C)c1ccc(NC(=O)OC2CCN(C3Cc4ccccc4C3)CC2)cc1
1165,CHEMBL395815,2310.0,CCN(CCCCCCNC1=CC(=O)C(NCCCCCCN(CC)Cc2ccccc2[N+](=O)[O-])=CC1=O)Cc1ccccc1[N+](=O)[O-]
3580,CHEMBL167911,2310.0,COP(=O)(OC)OC=C(Cl)Cl
6280,CHEMBL5274569,2310.0,COc1cccc([C@@H]2[C@H](Cc3c[nH]c4ccccc34)NC3(C(=O)Nc4ccccc43)[C@@]23Cc2cc(OC)c(OC)cc2C3=O)c1
5157,CHEMBL4572079,2320.0,Cc1ccc(-c2nc(NC(=O)C3CCN(Cc4ccc([N+](=O)[O-])cc4)CC3)sc2-c2ccc(C)cc2)cc1
3023,CHEMBL3237527,2320.0,O=C(c1ccc(CN2CCC(CCO)CC2)cc1)c1ccc(O)c(F)c1
1113,CHEMBL224981,2320.0,COc1cc2oc3cc(OCCCCCCCN(C)Cc4ccccc4)ccc3c(=O)c2cc1OC
1233,CHEMBL252723,2320.0,COc1cc2c(cc1OC)[C@]1(OC2=O)[C@H](O)[C@@H](O)C=C2CCN(C)[C@H]21
7019,CHEMBL659,2320.0,COc1ccc2c3c1O[C@H]1C[C@@H](O)C=C[C@@]31CCN(C)C2
2941,CHEMBL3115037,2350.0,CN1CC[C@@H](C(=O)N2C/C(=C\c3ccc(F)cc3)C(=O)[C@@]3(C2)[C@H](c2ccc(F)cc2)CN(C)[C@]32C(=O)Nc3ccccc32)[C@@]12C(=O)Nc1ccccc12
4754,CHEMBL4283079,2360.0,O=C(NC1CCN(Cc2ccccc2)CC1)c1cc(=O)c2cc(O)ccc2o1
6080,CHEMBL355821,2370.0,c1ccc2c(c1)CN1CCCC1=N2
6727,CHEMBL355821,2370.0,c1ccc2c(c1)CN1CCCC1=N2
1378,CHEMBL491526,2370.0,COc1ccc(C(=O)c2ccc(CN(C)CCN(C)C)cc2)cc1OC
726,CHEMBL543218,2380.0,C#CCNC1CCc2ccc(OC(=O)NCCC)cc21.Cl
5840,CHEMBL4866150,2388.0,O=C(NCC1CCN(Cc2cccc(F)c2)CC1)c1cncc(NC(=O)c2ccnc(NC(=O)C3CC3)c2)c1
5676,CHEMBL4796496,2390.0,Brc1ccc(-[n+]2ccc3ccccc3c2)cc1.[Br-]
5103,CHEMBL4447514,2400.0,Oc1ccccc1CNC1CCN(Cc2ccccc2)CC1
4870,CHEMBL4591636,2400.0,COc1ccccc1CN1CCN(CCCCCOc2cccc3[nH]c4ccccc4c23)CC1
4,CHEMBL130112,2400.0,CSc1nc(-c2ccc(C)cc2)nn1C(=O)N(C)c1ccccc1
6535,CHEMBL5436261,2400.0,COc1ccc2sc3c(N)ccc(NCC[C@@H]4CCCN5CCCC[C@H]45)c3c(=O)c2c1
6822,CHEMBL5590314,2400.0,Nc1c2c(nc3ccc(Oc4ccccc4)cc13)CCCC2
3190,CHEMBL278020,2400.0,CN(C)C(=O)Oc1cccc([N+](C)(C)C)c1
6620,CHEMBL5430903,2400.0,Cc1cc(C)c(C(=O)/C=C/c2nc(C)c(C)nc2C)cc1C
4330,CHEMBL3425893,2400.0,C[n+]1c(/C=C/c2ccc(N3CCOCC3)cc2)ccc2ccccc21.[I-]
4345,CHEMBL597863,2400.0,C[n+]1c(/C=C/c2ccc(F)cc2)ccc2ccccc21.[I-]
5714,CHEMBL4848548,2410.0,COc1cccc(NC(=O)CCNC(=O)/C=C/c2ccc(O)c(OC)c2)c1
5594,CHEMBL4799854,2420.0,COc1cccc(NC(=O)CNC(=O)/C=C/c2ccc(O)c(OC)c2)c1
3436,CHEMBL3582212,2420.0,N#Cc1cc2c(cn1)[nH]c1ncc(-c3ccc(CN4CCC5(CC4)COC5)cc3)cc12
1013,CHEMBL205967,2420.0,CCNC(=O)Oc1ccc2c(c1)[C@]1(C)CO[C@@H](C1)O2
2997,CHEMBL3133443,2430.0,COc1cc2c(cc1OC)C(NC(=O)CN1CCN(Cc3ccccc3F)CC1)c1cnn(-c3ccccc3)c1-2
4788,CHEMBL4293155,2440.0,CC(C)(C)c1cc(/C=C/C(=O)NCCC2CCN(Cc3ccccc3Cl)CC2)cc(C(C)(C)C)c1O
4777,CHEMBL4286736,2440.0,CC(C)(C)c1cc(C(=O)CNCC2CCN(Cc3ccccc3)CC2)cc(C(C)(C)C)c1O
2998,CHEMBL3133442,2440.0,COc1cc2c(cc1OC)C(NC(=O)CN1CCN(Cc3ccccc3F)CC1)c1cnn(C)c1-2
5146,CHEMBL4514685,2450.0,COc1ccc(-c2nc(NC(=O)C3CCN(Cc4cc(F)cc(F)c4)CC3)sc2-c2ccc(OC)cc2)cc1
6366,CHEMBL2235239,2460.0,COc1cc(O)c2c(=O)cc(-c3ccccc3)oc2c1OC
5328,CHEMBL4757415,2461.0,O=[N+]([O-])c1ccc(/C=N\C2CCN(Cc3ccccc3)C2)cc1
2945,CHEMBL3115033,2470.0,CN1CC[C@@H](C(=O)N2C/C(=C\c3cccc([N+](=O)[O-])c3)C(=O)[C@@]3(C2)[C@H](c2cccc([N+](=O)[O-])c2)CN(C)[C@]32C(=O)Nc3ccccc32)[C@@]12C(=O)Nc1ccccc12
4693,CHEMBL4294446,2470.0,CCN(CC)CCOC(=O)/C=C/c1ccc2oc(C(=O)Nc3ccc(C)c(C)c3)cc(=O)c2c1
1611,CHEMBL1083063,2500.0,CC(=O)Nc1cccc2n1cc(-c1cccc(OC(=O)N(C)C)c1)[n+]2C.[Cl-]
2046,CHEMBL1243170,2500.0,CNC(=O)Oc1ccc2c(c1)[C@]1(C)CCN(C)[C@@H]1N2C=O
2014,CHEMBL1171854,2500.0,CN(C)c1cccc(OC(=O)Nc2ccccc2)c1
3594,CHEMBL3623566,2500.0,O=C(CF)c1cnn(C2CCCC2)c1
6211,CHEMBL1081032,2500.0,CN1c2ccc(OC(=O)NCC3CCCCC3)cc2[C@]2(C)CCN(CCc3ccccc3)[C@H]12
3107,CHEMBL3263728,2500.0,CN(Cc1ccccc1)Cc1ccc(C(=O)NCCc2c[nH]c3cc(F)ccc23)cc1
841,CHEMBL359719,2500.0,COc1ccc(-c2cc3c(c(=O)o2)C[C@@]2(O)[C@@]4(C)CCC(=O)OC(C)(C)[C@@]4(O)CC[C@@]2(C)O3)cc1
5379,CHEMBL4789099,2500.0,COc1ccc2cc3[n+](cc2c1OCc1cc(C)cc(C)c1)CCc1cc2c(cc1-3)OCO2.[Br-]
1990,CHEMBL189870,2500.0,Cc1ccc(S(=O)(=O)N(Cc2ccccc2)c2ccc(N)cc2O)cc1
786,CHEMBL12941,2500.0,CN(C)Cc1ccc(CSCCNC(=O)CSCc2ccc(CN(C)C)o2)o1
5160,CHEMBL4535218,2500.0,Cc1ccc(-c2nc(NC(=O)C3CCN(Cc4cc(F)cc(F)c4)CC3)sc2-c2ccc(C)cc2)cc1
4347,CHEMBL4093514,2500.0,CN1CCN(c2ccc(/C=C/c3cc(N4CCN(C)CC4)c4ccccc4[n+]3C)cc2)CC1.[I-]
3638,CHEMBL3632852,2500.0,COc1ccc(-c2cc3c(c(=O)o2)C[C@H]2[C@@](C)(CC[C@@]4(O)C(C)(C)C(=O)CC[C@]24C)O3)cc1
3191,CHEMBL3310703,2500.0,CC(=O)N1OC(C)(C)CC(c2ccccc2)=C1CN1C(=O)c2ccccc2C1=O
6299,CHEMBL5272229,2500.0,COc1ccc([C@@H]2N[C@@H](C(=O)O)Cc3c2n(C)c2ccccc32)cc1OC
290,CHEMBL132285,2500.0,CN(C)Cc1cc2c(cc1OC(=O)Nc1ccccc1)[C@]1(C)CCN(C)[C@@H]1N2C
697,CHEMBL555919,2500.0,C#CCNC1CCc2cccc(OC(=O)N(C)C)c21.Cl
5387,CHEMBL4749346,2500.0,COc1ccc2cc3[n+](cc2c1OCc1ccc(Cl)cc1)CCc1cc2c(cc1-3)OCO2.[Br-]
5847,CHEMBL4854209,2501.0,O=C(Nc1cncc(C(=O)NC2CCN(Cc3cccc(Cl)c3)CC2)c1)c1ccnc(NC(=O)C2CC2)c1
1469,CHEMBL576004,2510.0,CC1=CC2Cc3nc4cc(Cl)ccc4c(NC(=O)CCl)c3C(C1)C2
4781,CHEMBL4277644,2510.0,Cc1ccccc1CN1CCC(CCNC(=O)/C=C/c2cc(C(C)(C)C)c(O)c(C(C)(C)C)c2)CC1
4794,CHEMBL3819320,2510.0,O=C(/C=C/c1ccc(O)cc1)NCCC1CCN(Cc2ccccc2)CC1
3309,CHEMBL3356528,2530.0,COc1ccc2nc3c(c(NCCNC4=CC(=O)c5ccccc5C4=O)c2c1)CCCC3
4789,CHEMBL4282558,2540.0,CC(C)(C)c1cc(/C=C/C(=O)NCCC2CCN(Cc3cccc(Cl)c3)CC2)cc(C(C)(C)C)c1O
6166,CHEMBL5188928,2542.0,Cc1ccc2nc3c(c(NCCN4CCCCC4)c2c1)CCCC3
5554,CHEMBL4780628,2550.0,COc1cc2c(cc1OC)C(=O)/C(=C/c1ccc(N3CC[N+](C)(Cc4ccc(Br)cc4)CC3)cc1)C2.[Br-]
6368,CHEMBL4089910,2550.0,Cc1cc2c(c(C)c1CCO[C@@H]1O[C@H](CO)[C@@H](O)[C@H](O)[C@H]1O)C(=O)[C@H](C)C2
5662,CHEMBL4776766,2550.0,COc1cccc2cc[n+](-c3ccccc3F)cc12.[Br-]
6617,CHEMBL5402496,2554.0,CCOP(=O)(OCC)C(Nc1cccc(Cl)c1Cl)c1ccc(OCc2nc3ccccc3c(=O)n2-c2ccc(F)cc2)c(OC)c1
5264,CHEMBL4760427,2570.0,CC1=C[C@@H]2Cc3[nH]c(=O)ccc3[C@]3(C1)NCCC[C@H]23
6998,CHEMBL6091955,2570.0,COc1cc(Cn2cc(COc3ccc4ccc(=O)oc4c3C(C)=O)nn2)cc(OC)c1
89,CHEMBL87295,2570.0,CCC[n+]1ccc(CCC(=O)c2cc3cc(OC)c(OC)cc3s2)cc1.[Br-]
912,CHEMBL187330,2570.0,CCC[n+]1ccc(CCC(=O)C2Cc3cc(OC)c(OC)cc3S2)cc1
461,CHEMBL94059,2600.0,c1ccc(CN2CCC(COc3noc4ccccc34)CC2)cc1
1991,CHEMBL360186,2600.0,Cc1nn(S(=O)(=O)c2cc(C(F)(F)F)cc(C(F)(F)F)c2)cc1-c1nsc(Nc2ccccc2)n1
5802,CHEMBL4874126,2600.0,C[n+]1ccc2c(c1)c1cc(F)ccc1n2CCC(=O)N1c2ccccc2Sc2ccccc21.[I-]
860,CHEMBL94059,2600.0,c1ccc(CN2CCC(COc3noc4ccccc34)CC2)cc1
5384,CHEMBL4790739,2600.0,COc1ccc2cc3[n+](cc2c1OCc1ccc(SC)cc1)CCc1cc2c(cc1-3)OCO2.[Br-]
5389,CHEMBL4748939,2600.0,COC(=O)c1ccc(COc2c(OC)ccc3cc4[n+](cc23)CCc2cc3c(cc2-4)OCO3)cc1.[Br-]
5115,CHEMBL4556855,2600.0,Oc1ccc(/C=N/C2CCN(Cc3ccccc3)CC2)c(O)c1
3773,CHEMBL659,2600.0,COc1ccc2c3c1O[C@H]1C[C@@H](O)C=C[C@@]31CCN(C)C2
3109,CHEMBL3263730,2600.0,COc1ccc2[nH]cc(CCNC(=O)c3ccc(CN(C)Cc4ccccc4Cl)cc3)c2c1
2179,CHEMBL659,2600.0,COc1ccc2c3c1O[C@H]1C[C@@H](O)C=C[C@@]31CCN(C)C2
6345,CHEMBL5271644,2600.0,COc1ccc2c(c1)c(C=O)cn2CCCCCCCCN(C)Cc1cccc(O)c1
4620,CHEMBL4214417,2600.0,CC(=O)OC(C)(C)/C=C/C(=O)[C@](C)(O)[C@H]1[C@H](O)C[C@@]2(C)[C@@H]3CC=C(C(C)(C)C(=O)O)C4=CC(=O)O[C@](O)(C[C@]12C)[C@@]43C
4166,CHEMBL1555,2600.0,Br.COc1ccc2c3c1O[C@H]1C[C@@H](O)C=C[C@@]31CCN(C)C2
181,CHEMBL130427,2600.0,Nc1c2c(nc3cnccc13)CCCC2
5076,CHEMBL4579590,2604.0,Oc1ccc2[nH]c3c(c2c1)C[PH](Cc1cccc2ccccc12)(c1ccccc1)CC3
2310,CHEMBL636,2615.0,CCN(C)C(=O)Oc1cccc([C@H](C)N(C)C)c1
2572,CHEMBL2071424,2620.0,CC(C)=CCC/C(C)=C/Cc1ccc(O)c2nc3cccc(O)c3nc12
2950,CHEMBL3115197,2630.0,CN1CC[C@@H](C(=O)N2C/C(=C\c3ccccc3)C(=O)[C@@]3(C2)[C@H](c2ccccc2)CN(C)[C@]32C(=O)Nc3ccccc32)[C@@]12C(=O)Nc1ccccc12
6106,CHEMBL5191506,2630.0,COc1ccc2nc3c(c(N)c2c1)C1CC=CC(C3)C1
5785,CHEMBL4850590,2630.0,COc1ccc2nc3c(c(N)c2c1)C1CC(C)=CC(C3)C1.Cl
6094,CHEMBL5182486,2640.0,CCn1c2ccccc2c2cc(/C=C/c3ccc(NC(=S)NCCN4CCCC4)cc3)ccc21
5273,CHEMBL4761847,2640.0,O=C(NO)c1ccc(Nc2c3ccccc3nc3ccc(OCc4ccccc4)cc23)cc1
4609,CHEMBL4212151,2640.0,COc1ccc(Cn2cc(C(=O)NCCNc3c4c(nc5ccc(OC)cc35)CCCC4)c(=O)c3ccccc32)cc1
6806,CHEMBL5593367,2640.0,COc1cccc(Oc2ccc3nc4c(c(N)c3c2)CCCC4)c1.Cl
4102,CHEMBL4094761,2650.0,CCOC(=O)/C=C/c1ccc(OCCCCCCN2CCCCC2)c(OC)c1
6213,CHEMBL206642,2650.0,CC(C)c1ccc(NC(=O)Oc2ccc3c(c2)[C@]2(C)CCO[C@@H]2O3)cc1
823,CHEMBL179320,2650.0,CC(C)c1ccc(NC(=O)Oc2ccc3c(c2)C2(C)CCOC2O3)cc1
1649,CHEMBL309173,2652.0,COc1ccccc1CN1CCC(CCC(=O)c2ccc3c(c2)NCCCC3)CC1
6611,CHEMBL5429003,2653.0,CCOP(=O)(OCC)C(Nc1ccccc1OC)c1ccc(OCc2nc3ccccc3c(=O)n2-c2ccc(F)cc2)c(OC)c1
2406,CHEMBL7568,2667.0,CCN(CC)CCCC(C)Nc1c2ccc(Cl)cc2nc2ccc(OC)cc12
7192,CHEMBL3545935,2670.0,COc1ccccc1/C=C1\Oc2cc(OCCN3CCCC3)ccc2C1=O
5758,CHEMBL4858186,2670.0,CCOC(=O)/C(=N\Nc1ccc(F)cc1)C(=O)C(F)(F)F
877,CHEMBL191729,2670.0,COc1cc2cc(C3=CC[N+](C)(Cc4ccccc4)CC3)sc2cc1OC
3201,CHEMBL659,2670.0,COc1ccc2c3c1O[C@H]1C[C@@H](O)C=C[C@@]31CCN(C)C2
125,CHEMBL87550,2670.0,COc1cc2cc(C=C3CC[N+](C)(Cc4ccccc4)CC3)sc2cc1OC.[Br-]
4092,CHEMBL4099340,2670.0,CCN(CC)CCCCCCOc1ccc(/C=C/C(=O)O)cc1OC
3875,CHEMBL3817981,2680.0,O=C(/C=C/c1ccccc1O)NCCC1CCN(Cc2ccccc2)CC1
1625,CHEMBL73447,2680.0,COc1cccc(CN2CCC(CCC(=O)c3ccc4c(c3)CCN4)CC2)c1
1097,CHEMBL225610,2680.0,CN(CCCOc1ccc2c(=O)c3ccccc3oc2c1)Cc1ccccc1
3434,CHEMBL3582210,2690.0,N#Cc1cc2c(cn1)[nH]c1ncc(-c3ccc(CN4CCC(C#N)CC4)cc3)cc12
3260,CHEMBL3335032,2700.0,COc1cccc(CN(C)CCCOc2ccc3c4c(c(=O)oc3c2)CCCC4)c1
2377,CHEMBL1834807,2700.0,CCCCC/C=C\C/C=C\CCCCCCCC(=O)OCCCc1ccc2oc(-c3ccc4c(c3)OCO4)cc2c1
3617,CHEMBL3628059,2700.0,Cc1cccc(C[n+]2ccc(C(=O)NCCc3c[nH]c4ccccc34)cc2)c1.[Br-]
5381,CHEMBL4743436,2700.0,COc1ccc2cc3[n+](cc2c1OCc1cccc(Br)c1)CCc1cc2c(cc1-3)OCO2.[Br-]
5671,CHEMBL4788638,2700.0,COc1cccc2cc[n+](-c3c(F)cccc3F)cc12.[Br-]
3387,CHEMBL3417008,2720.0,COc1cc(N)c(Cl)cc1C(=O)OCC1CCN(CC2CCCCC2)CC1
6968,CHEMBL3417008,2720.0,COc1cc(N)c(Cl)cc1C(=O)OCC1CCN(CC2CCCCC2)CC1
4877,CHEMBL4542112,2730.0,C#CCOc1ccc(/C=N/Nc2c3c(nc4ccccc24)CCCC3)cc1.Cl
6452,CHEMBL5276273,2750.0,CN(C)CCNC(=O)COc1cc(O)c2c(=O)c(-c3ccc(O)cc3)coc2c1.Cl
6033,CHEMBL5183248,2750.0,Cc1cccc2sc(NC(=O)CCN3CCN(C(C)C)CC3)nc12
2401,CHEMBL334255,2753.0,CCCCCCCCCCCCCCCC[n+]1ccccc1.[Br-]
4557,CHEMBL4214755,2760.0,CCN(Cc1ccccc1)Cc1ccc(NC(=O)Cc2ccc(OC)c(O)c2)cc1
1256,CHEMBL364545,2760.0,CNC(=O)Oc1cccc(CN(C)CCCCCCCOc2ccc3c(c2)O/C(=C\c2cccc4ccccc24)C3=O)c1
6279,CHEMBL5287904,2760.0,COc1cc2c(cc1OC)C(=O)[C@]1(C2)[C@H](c2ccccc2OC)[C@H](Cc2c[nH]c3ccccc23)NC12C(=O)Nc1ccccc12
931,CHEMBL364545,2760.0,CNC(=O)Oc1cccc(CN(C)CCCCCCCOc2ccc3c(c2)O/C(=C\c2cccc4ccccc24)C3=O)c1
5155,CHEMBL4592283,2770.0,O=C(Nc1nc(-c2ccc(Cl)cc2)c(-c2ccc(Cl)cc2)s1)C1CCN(Cc2ccccc2C(F)(F)F)CC1
1278,CHEMBL248922,2770.0,CCN(Cc1ccccc1)Cc1ccc(-c2cc3cc(OCCNC(=O)CCc4ccc(F)c(F)c4)ccc3oc2=O)cc1
4982,CHEMBL659,2770.0,COc1ccc2c3c1O[C@H]1C[C@@H](O)C=C[C@@]31CCN(C)C2
6557,CHEMBL5407446,2780.0,O=c1nc2sc3ccccc3n2c2ncccc12
3133,CHEMBL3290190,2780.0,CN1C/C(=C/c2ccc(N3CCCC3)cc2)C(=O)/C(=C/c2ccc(N3CCCC3)cc2)C1
6800,CHEMBL5565153,2780.0,CC(C)(C)c1ccc(Oc2ccc3nc4c(c(N)c3c2)CCC4)cc1.Cl
4792,CHEMBL4278260,2780.0,CC(C)(C)c1cc(/C=C/C(=O)NCCC2CCN(Cc3ccc(C#N)cc3)CC2)cc(C(C)(C)C)c1O
3362,CHEMBL3407581,2800.0,C#CCN(C)Cc1cc2cc(OCCCC3CCN(Cc4ccccc4C)CC3)ccc2n1C
4336,CHEMBL3425890,2800.0,COc1cc(/C=C/c2ccc3ccccc3[n+]2C)ccc1F.[I-]
1424,CHEMBL468002,2800.0,CC1(C)CC(=O)C2=C(C1)Nc1nc3c(c(N)c1C2c1ccncc1)CCCC3
3272,CHEMBL3335019,2800.0,COc1cc(C(C)N(C)C)cc2oc(=O)c3ccccc3c12.Cl
5143,CHEMBL4587025,2800.0,COc1ccc(-c2nc(NC(=O)C3CCN(Cc4ccccc4C#N)CC3)sc2-c2ccc(OC)cc2)cc1
5117,CHEMBL4467620,2800.0,Oc1ccccc1/C=N/C1CCN(Cc2ccccc2)CC1
6096,CHEMBL5182136,2800.0,COc1cc(/C=C/c2cc(=O)oc3c2ccc2oc(-c4cc(OC)cc(OC)c4)cc23)cc(OC)c1
3267,CHEMBL3335025,2800.0,CN(CCOc1ccc2c3c(c(=O)oc2c1)CCCC3)Cc1ccccc1
6941,CHEMBL3545710,2800.0,COc1cc(C(C)N(C)C)cc2oc(=O)c3ccccc3c12
1120,CHEMBL224433,2820.0,CN(CCCCCCCOc1ccc2c(=O)c3ccccc3oc2c1)Cc1ccccc1
2643,CHEMBL224433,2820.0,CN(CCCCCCCOc1ccc2c(=O)c3ccccc3oc2c1)Cc1ccccc1
6512,CHEMBL5440735,2833.0,CC(C)N(C)C(=O)Oc1cccc2c(CN(C)CCC3CCCCCC3)c[nH]c12
337,CHEMBL317162,2847.5,CNC(=O)Oc1ccc2c(c1)[C@@]1(C)CCN(C)C1N2Cc1ccccc1
4115,CHEMBL4103664,2850.0,Cc1ccc(C2c3ccc4cccnc4c3Oc3nc4c(c(N)c32)CCCC4)cc1
3986,CHEMBL3926911,2860.0,COc1cc2c(cc1OC)C(=O)C(CC1CCN(Cc3ccc(Cl)cc3)CC1)C2
4952,CHEMBL4466944,2880.0,COc1cc(NCc2ccc(Oc3c(N)cccc3Cl)cc2)cc(OC)c1
5159,CHEMBL4573793,2880.0,Cc1ccc(-c2nc(NC(=O)C3CCN(Cc4c(F)cccc4Cl)CC3)sc2-c2ccc(C)cc2)cc1
1121,CHEMBL390737,2890.0,CN(CCCCCCOc1ccc2c(=O)c3ccccc3oc2c1)Cc1ccccc1
5666,CHEMBL4798736,2890.0,COc1cccc2cc[n+](-c3ccccc3C)cc12.[Br-]
2884,CHEMBL3087680,2890.0,C[C@H](C(=O)NCCCNCCCNC1=CC(=O)C(NCCCNCCCNC(=O)[C@@H](C)c2ccc(-c3ccccc3)c(F)c2)=CC1=O)c1ccc(-c2ccccc2)c(F)c1
5688,CHEMBL3973603,2890.0,COc1cccc2c1C=[N+](c1cccc(C)c1)CC2.[Br-]
5864,CHEMBL659,2900.0,COc1ccc2c3c1O[C@H]1C[C@@H](O)C=C[C@@]31CCN(C)C2
1992,CHEMBL187030,2900.0,O=C(CC1S/C(=N/c2ccc(C3CCCCC3)cc2)NC1=O)Nc1ccc(OC(F)(F)F)cc1
5108,CHEMBL4518938,2900.0,Fc1ccc(/C=N/C2CCN(Cc3ccccc3)CC2)cc1
6808,CHEMBL5592792,2900.0,COc1ccc(Oc2ccc3nc4c(c(N)c3c2)CCCC4)cc1.Cl
763,CHEMBL554453,2900.0,C#CCNC1CCc2ccc(OC(=O)N(C)C)cc21.Cl
2972,CHEMBL3116279,2900.0,c1ccc(COc2nn(Cc3ccccc3)c3ccccc23)cc1
265,CHEMBL155128,2900.0,CC1CCN(Cc2ccc3ccccc3c2)CC1
1543,CHEMBL604715,2900.0,CCN(CC)CCOc1ccc2c(c1)C/C(=C\c1ccc(CN(C)Cc3ccccc3)cc1)C2=O
4109,CHEMBL4100736,2910.0,COc1cc(/C=C/C(=O)Nc2ccccc2)ccc1OCCCCCCCCN1CCCC1
5223,CHEMBL4782122,2910.0,O=C(N/N=C/c1ccc(OC(F)(F)F)cc1)N1CCN(c2ccccn2)CC1
6361,CHEMBL50,2910.0,O=c1c(O)c(-c2ccc(O)c(O)c2)oc2cc(O)cc(O)c12
3173,CHEMBL3322158,2910.0,O=C(Cc1cc(=O)oc2cc(O)ccc12)NCCNc1c2c(nc3ccccc13)CCCC2
1481,CHEMBL575167,2920.0,C#CCCCCCCN1CCc2cc(OC)c(OC)cc2C1c1ccc([N+](=O)[O-])cc1
6132,CHEMBL5205498,2920.0,COc1ccc(/C=C2\CCc3cc([N+](=O)[O-])ccc3C2=O)c(Cl)c1OC
7151,CHEMBL6173475,2920.0,Cc1ccc(/C=C/C(=O)c2ccccc2N)cn1
6809,CHEMBL5569743,2920.0,Cl.Nc1c2c(nc3ccc(Oc4ccc(Cl)cc4)cc13)CCCC2
6469,CHEMBL5272119,2930.0,CCN(CC)CCCCN1N=C2c3sccc3CCC2CC1=O
4036,CHEMBL4109726,2930.0,CC1=C[C@H]2Cc3nc4cc(Cl)ccc4c(NCCCCCCCCCNC(=O)c4cc(O)c5c(c4)C(=O)c4cccc(O)c4C5=O)c3[C@@H](C1)C2
3068,CHEMBL3233831,2930.0,CC1=C[C@H]2Cc3nc4cc(Cl)ccc4c(NCCCCCCCCCNC(=O)c4cc(O)c5c(c4)C(=O)c4cccc(O)c4C5=O)c3[C@@H](C1)C2.Cl
5678,CHEMBL3942074,2940.0,COc1cccc2c1C=[N+](c1ccccc1F)CC2.[Br-]
6608,CHEMBL5407606,2943.0,CCOP(=O)(OCC)C(Nc1ccccc1C#N)c1ccc(OCc2nc3ccccc3c(=O)n2-c2ccc(F)cc2)c(OC)c1
2398,CHEMBL12131,2951.0,Cc1cc(C(C#N)c2ccc(Cl)cc2)c(Cl)cc1NC(=O)c1cc(I)cc(I)c1O
4563,CHEMBL3917990,2960.0,COc1ccc(/C=C/C(=O)Nc2ccc(CN(C)Cc3ccccc3)cc2)cc1OC
3096,CHEMBL3262667,2980.0,COc1cc2c(cc1OC)C(Cc1ccc(OCCCCCCN3CCCC3)cc1)NCC2
80,CHEMBL89012,2980.0,Nc1c2c(nc3ccccc13)-c1ccccc1CC2
2999,CHEMBL3133440,2990.0,COc1cc2c(cc1OC)C(NC(=O)CN1CCN(Cc3ccccc3)CC1)c1cnn(-c3ccccc3)c1-2
6434,CHEMBL5267104,2990.0,Cc1ccc(-c2noc(-c3cccc(OCC4CCN(Cc5ccc(F)cc5)CC4)c3)n2)cn1
927,CHEMBL191416,2990.0,CNC(=O)Oc1cccc(CN(C)CCCOc2ccc3c(c2)O/C(=C\c2cc(OC)c(OC)c(OC)c2)C3=O)c1
6334,CHEMBL3262479,3000.0,CN1c2ccc(OCc3ccccc3)cc2C(=O)N2CCc3c([nH]c4ccccc34)C21
4214,CHEMBL2179375,3000.0,CO[P@]1(=O)CC[C@@H]2COC(=O)C2=C(C)O1
6423,CHEMBL325761,3000.0,Cc1c(C)c2ccc(OCc3ccc(F)c(F)c3)cc2oc1=O
6425,CHEMBL18966,3000.0,Cc1ccc(COc2ccc3c(C)c(C)c(=O)oc3c2)cc1
6422,CHEMBL274030,3000.0,Cc1c(C)c2ccc(OCc3ccc(Cl)cc3)cc2oc1=O
6426,CHEMBL109018,3000.0,Cc1c(C)c2ccc(OCc3cccc(Cl)c3)cc2oc1=O
6427,CHEMBL108697,3000.0,Cc1c(C)c2ccc(OCc3cccc(F)c3)cc2oc1=O
6428,CHEMBL320251,3000.0,Cc1c(C)c2ccc(OCc3cccc(N)c3)cc2oc1=O
6429,CHEMBL111310,3000.0,COc1cccc(COc2ccc3c(C)c(C)c(=O)oc3c2)c1
6421,CHEMBL108928,3000.0,Cc1c(C)c2ccc(OCc3cc(F)cc(F)c3)cc2oc1=O
68,CHEMBL59109,3000.0,NC12CC(C(F)(F)F)=CC(Cc3nc(O)ccc31)/C2=C\C(F)(F)F
6420,CHEMBL109084,3000.0,Cc1c(C)c2ccc(OCCc3ccccc3)cc2oc1=O
6419,CHEMBL5271985,3000.0,Cc1cc(=O)c2cc(Oc3ccccc3)ccc2o1
5302,CHEMBL4776811,3000.0,NC(=O)c1sc(-c2ccnc(NC(=O)C3CC3)c2)nc1OCCCC1CCN(Cc2cccc(F)c2)CC1
810,CHEMBL1202417,3000.0,CN(C)Cc1ccc(CSCC/N=C/NCCSCc2ccc(CN(C)C)o2)o1.Cl
194,CHEMBL59790,3000.0,COc1ccc(C(=O)CCc2ccc([N+](C)(C)C)cc2)cc1OC.[Br-]
196,CHEMBL61312,3000.0,C=CC[N+](C)(C)c1cccc(O)c1.[Br-]
6430,CHEMBL107488,3000.0,Cc1c(C)c2ccc(OCc3cccc(O)c3)cc2oc1=O
1517,CHEMBL590031,3000.0,CO[P@@]1(=O)CC[C@H]2COC(=O)C2=C(C)O1
4355,CHEMBL4102571,3000.0,CCOC(=O)CC[C@@H](NC(=O)OCc1ccccc1)C(=O)NCCC1CCN(Cc2ccccc2)CC1
6790,CHEMBL2107723,3000.0,COc1cc(O)c(C(=O)Nc2nc(C(=O)NCCN(C(C)C)C(C)C)cs2)cc1OC
6432,CHEMBL109085,3000.0,Cc1cccc(COc2ccc3c(C)c(C)c(=O)oc3c2)c1
352,CHEMBL59977,3000.0,Nc1c2c(nc3ccc([N+](=O)[O-])cc13)CCCC2
6431,CHEMBL107541,3000.0,Cc1ccccc1COc1ccc2c(C)c(C)c(=O)oc2c1
1724,CHEMBL326868,3000.0,O=C1c2ccc([N+](=O)[O-])cc2C(=O)N1CC1CCN(Cc2ccccc2)CC1
3693,CHEMBL2179375,3000.0,CO[P@]1(=O)CC[C@@H]2COC(=O)C2=C(C)O1
6417,CHEMBL5290626,3000.0,O=c1ccoc2ccc(Oc3ccccc3)cc12
1931,CHEMBL59977,3000.0,Nc1c2c(nc3ccc([N+](=O)[O-])cc13)CCCC2
6418,CHEMBL111309,3000.0,Cc1c(C)c2ccc(OCc3ccccc3)cc2oc1=O
6424,CHEMBL276076,3000.0,Cc1c(C)c2ccc(OCc3ccc(F)cc3)cc2oc1=O
2142,CHEMBL1651042,3000.0,CC(=O)O[C@H]1C[C@@H]2C(=CC[C@]3(C)[C@@H]([C@H](C)N(C)C)[C@H](O)C[C@@]23C)C[C@@]23O[C@@H]2[C@H]2OC[C@](C)([C@H]2NC(=O)c2ccccc2)[C@H]13
5569,CHEMBL659,3000.0,COc1ccc2c3c1O[C@H]1C[C@@H](O)C=C[C@@]31CCN(C)C2
2312,CHEMBL1783531,3003.0,C[C@@H]([C@H]1[C@H](O)C[C@@]2(C)[C@@H]3CC[C@H]4[C@]5(C)COC(C(F)(C(F)(F)F)C(F)(F)F)=N[C@H]5CC[C@@]45C[C@@]35C(=O)C[C@]12C)N(C)C
6863,CHEMBL5595908,3010.0,COc1cc(CNCCCNc2c3c(nc4ccccc24)CCCCC3)ccc1O
2392,CHEMBL496,3014.9,Oc1c(Cl)cc(Cl)c(Cl)c1Cc1c(O)c(Cl)cc(Cl)c1Cl
6616,CHEMBL5407691,3016.0,CCOP(=O)(OCC)C(Nc1c(C)cccc1C)c1ccc(OCc2nc3ccccc3c(=O)n2-c2ccc(F)cc2)c(OC)c1
5841,CHEMBL4868956,3029.0,O=C(NCC1CCN(Cc2ccc(F)cc2)CC1)c1cncc(NC(=O)c2ccnc(NC(=O)C3CC3)c2)c1
4070,CHEMBL3919972,3030.0,CC1=C(C(=O)OC(C)C)C(c2ccccc2Cl)c2c(nc3c(c2N)CC(C)(C)CC3)N1
4757,CHEMBL636,3030.0,CCN(C)C(=O)Oc1cccc([C@H](C)N(C)C)c1
2422,CHEMBL636,3030.0,CCN(C)C(=O)Oc1cccc([C@H](C)N(C)C)c1
1340,CHEMBL636,3030.0,CCN(C)C(=O)Oc1cccc([C@H](C)N(C)C)c1
3307,CHEMBL636,3030.0,CCN(C)C(=O)Oc1cccc([C@H](C)N(C)C)c1
1156,CHEMBL636,3030.0,CCN(C)C(=O)Oc1cccc([C@H](C)N(C)C)c1
4964,CHEMBL659,3030.0,COc1ccc2c3c1O[C@H]1C[C@@H](O)C=C[C@@]31CCN(C)C2
4556,CHEMBL4217212,3040.0,COc1ccc(CC(=O)Nc2ccc(CN(C)Cc3ccccc3)cc2)cc1O
4363,CHEMBL4076207,3040.0,CCCCCCOC(=O)[C@H](CCC(=O)NCCC1CCN(Cc2ccccc2)CC1)NC(=O)c1c[nH]c2ccccc12
7079,CHEMBL6162131,3040.0,N/C(=N\O)c1ccc(NC(=O)Nc2cccc(F)c2)cc1
7002,CHEMBL6149232,3040.0,O=C1OC2=C(O)C(O)=CCC2C=C1c1ccc(O)c(O)c1
4510,CHEMBL4171520,3050.0,COc1cccc(C2NC(=S)Nc3nc4c(c(N)c32)CCCC4)c1
722,CHEMBL356385,3060.0,C#CCN(C)C(C)Cc1cccc(OC(=O)N(C)CCCCCC)c1
4946,CHEMBL356385,3060.0,C#CCN(C)C(C)Cc1cccc(OC(=O)N(C)CCCCCC)c1
1244,CHEMBL356385,3060.0,C#CCN(C)C(C)Cc1cccc(OC(=O)N(C)CCCCCC)c1
5842,CHEMBL4865615,3067.0,O=C(NCC1CCN(Cc2ccc(F)c(F)c2)CC1)c1cncc(NC(=O)c2ccnc(NC(=O)C3CC3)c2)c1
5687,CHEMBL3897479,3070.0,COc1cccc2c1C=[N+](c1ccccc1C)CC2.[Br-]
7205,CHEMBL6161963,3090.0,C#CCOc1c(CN2CCCCC2)cc(-c2cc(=O)c3ccccc3o2)cc1OC
2378,CHEMBL1834809,3100.0,CCCCCCCC/C=C\CCCCCCCC(=O)OCCCc1ccc2oc(-c3ccc4c(c3)OCO4)cc2c1
4619,CHEMBL4210949,3100.0,CC(=O)OC(C)(C)/C=C/C(=O)[C@](C)(O)[C@H]1[C@H](O)C[C@@]2(C)[C@@H]3CC=C(C(C)(C)C(=O)O)/C(=C\C(=O)O)[C@]3(C)C(=O)C[C@]12C
24,CHEMBL152722,3100.0,COc1cc(N)c(Cl)cc1C(=O)NCCNCc1ccc(CN(C)C)o1
6325,CHEMBL5285678,3100.0,CC(C)n1c2ccccc2c2cc[n+](-c3ccccc3)cc21
2581,CHEMBL2088783,3100.0,N#Cc1cc(C#N)c(NC2CCN(Cc3ccccc3)CC2)nc1N
1130,CHEMBL241827,3100.0,COc1cc2oc(-c3ccc(CN(C)Cc4ccccc4)cc3)cc(=O)c2cc1OC
1201,CHEMBL238062,3108.0,CC(C)C1=N[C@H]2CC[C@]34C[C@]35C(=O)C[C@]3(C)[C@@H]([C@H](C)N(C)C)[C@H](O)C[C@@]3(C)[C@@H]5CC[C@H]4[C@]2(C)CN1
3990,CHEMBL145361,3110.0,COc1cc2c(cc1OC)C(=O)C(CC1CCN(Cc3ccccc3[N+](=O)[O-])CC1)C2
2084,CHEMBL1289160,3120.0,COc1cc2c(cc1OC)C(=O)C1(C2)C(c2ccccc2)CN(C)C12C(=O)Nc1ccccc12
3977,CHEMBL636,3120.0,CCN(C)C(=O)Oc1cccc([C@H](C)N(C)C)c1
5337,CHEMBL4757216,3125.0,COc1cc(CNC2CCN(Cc3ccccc3)C2)cc(OC)c1OC
1648,CHEMBL74962,3140.0,O=C(CCC1CCN(Cc2ccccc2)CC1)c1ccc2c(c1)N(Cc1ccccc1)CCCC2
7134,CHEMBL6163696,3140.0,COc1ccc(N2C(=O)c3c(sc4c3CCCCC4)OC2c2ccc(Cl)cc2)cc1
1100,CHEMBL224553,3150.0,CCN(CCCCCCCOc1ccc2c(=O)c3ccccc3oc2c1)Cc1ccccc1OC
3398,CHEMBL3415569,3167.0,O=C1c2ccccc2C(=O)N1CCCCCCNCc1ccc(F)cc1
4420,CHEMBL4161860,3170.0,O=C(NCCCCCCNCc1ccccc1)c1cc(Cl)nc(Cl)c1
99,CHEMBL348607,3170.0,CCCCNC(=O)Oc1ccc2c(c1Br)c1c(n2C)/C(=N\C)CC1
6836,CHEMBL5569594,3170.0,CN(CCc1ccsc1)Cc1ccc(COc2ccc3c(CO)cc(=O)oc3c2)cc1
4008,CHEMBL3976003,3180.0,Cc1cccc(CN2C/C(=C\c3ccccc3)C(=O)/C(=C/c3ccccc3)C2)c1
5886,CHEMBL5091842,3180.0,CO[C@H]1C[C@H]2C(=C[C@@H]1OC(=O)c1cc([N+](=O)[O-])ccc1Cl)[C@H]1CN2Cc2cc3c(cc21)OCO3
4094,CHEMBL4059684,3180.0,CCN(CC)CCCCCCCCOc1ccc(/C=C/C(=O)O)cc1OC
5127,CHEMBL4588487,3190.0,Cc1ccc(CN2CCC(Nc3nc(-c4ccc(Cl)cc4)c(-c4ccc(Cl)cc4)s3)CC2)cc1
7147,CHEMBL6171117,3198.0,COc1ccccc1Cc1ccc(CO[C@H]2C=C[C@@]34CCN(C)Cc5ccc(OC)c(c53)O[C@H]4C2)nc1
2550,CHEMBL659,3200.0,COc1ccc2c3c1O[C@H]1C[C@@H](O)C=C[C@@]31CCN(C)C2
3614,CHEMBL3628056,3200.0,O=C(NCCc1c[nH]c2ccccc12)c1cc[n+](Cc2ccccc2F)cc1.[Br-]
4807,CHEMBL4476091,3200.0,O=C(/C=C/c1ccccc1)c1ccc(OCCCCCCN2CCCC2)cc1O
2373,CHEMBL1555,3200.0,Br.COc1ccc2c3c1O[C@H]1C[C@@H](O)C=C[C@@]31CCN(C)C2
2926,CHEMBL659,3200.0,COc1ccc2c3c1O[C@H]1C[C@@H](O)C=C[C@@]31CCN(C)C2
6894,CHEMBL5275356,3200.0,COc1ccc([C@@H]2c3[nH]c4ccccc4c3C[C@H]3C(=O)N(CCC4CCN(Cc5ccccc5)CC4)CC(=O)N23)cc1
1297,CHEMBL129542,3200.0,c1cc(OCCCN2CCCCC2)ccc1CN1CCCCC1
5587,CHEMBL4798445,3200.0,O=C(/C=C/c1ccc(OCCCCN2CCCC2)cc1)c1c(O)cc(OCCCCN2CCCC2)cc1O
6293,CHEMBL5279434,3200.0,CC1=C(CO[C@@H]2O[C@H](CO[C@@H]3O[C@H](CO)[C@@H](O)[C@H](O)[C@H]3O)[C@@H](O)[C@H](O)[C@H]2O)C(C)(C)CCC1
1085,CHEMBL659,3200.0,COc1ccc2c3c1O[C@H]1C[C@@H](O)C=C[C@@]31CCN(C)C2
1038,CHEMBL209863,3203.7,Cc1nc2ccccn2c(=O)c1CCN1CCN(C(c2ccc(F)cc2)c2ccc(F)cc2)CC1
4725,CHEMBL4293626,3213.0,C[C@H]1COc2c1c(=O)oc(=O)c1c3c(ccc21)C(C)(C)CCC3
4559,CHEMBL4203653,3220.0,CCN(Cc1ccccc1)Cc1ccc(NC(=O)Cc2ccc(OC)c(OC)c2)cc1
5753,CHEMBL4853742,3220.0,CCOC(=O)/C(=N\Nc1ccccc1)C(=O)C(F)(F)F
4006,CHEMBL3984034,3220.0,Cc1ccc(/C=C2\CN(Cc3cccc(C)c3)C/C(=C\c3ccc(C)cc3)C2=O)cc1
3756,CHEMBL3765569,3240.0,N#CC1=C(N)N2CCNC2=C([N+](=O)[O-])C12C(=O)Nc1ccc([N+](=O)[O-])cc12
4552,CHEMBL4208392,3240.0,CN(Cc1ccccc1)Cc1ccc(NC(=O)Cc2ccc(O)cc2)cc1
710,CHEMBL151387,3240.0,CN(C)C(=O)Oc1ccc2c(c1)CC(N)CC2
6498,CHEMBL5071046,3240.0,CON(C)C(=O)Oc1ccccc1C(=O)NCCc1c[nH]c2ccccc12
2621,CHEMBL2238004,3250.0,CC1CCc2c(nc3nc(-c4ccccc4)cc(C(F)(F)F)c3c2N)C1
3681,CHEMBL3642051,3280.6,CC(=O)NCCc1c[nH]c2ccc(OC(=O)NCCNc3c4c(nc5ccc(Cl)cc35)CCCC4)cc12
6807,CHEMBL5570038,3290.0,Cc1ccc(Oc2ccc3nc4c(c(N)c3c2)CCCC4)cc1.Cl
4654,CHEMBL4280241,3290.0,Fc1ccc2c(C3CCN(CCN4CCCC4)CC3)noc2c1
4662,CHEMBL4277095,3290.0,CCN(CC)CCOc1ccc(/C=C2\COc3ccccc3C2=O)cc1
3752,CHEMBL3763609,3290.0,N#CC1=C(N)N2CCNC2=C([N+](=O)[O-])C12C(=O)Nc1ccc(F)cc12
6116,CHEMBL5196827,3290.0,O=C(CCN1CCN(Cc2ccccc2)CC1)Nc1ccc2nc3n(c(=O)c2c1)CCC3
6547,CHEMBL5412278,3300.0,COC(=O)c1cc(C(=O)c2ccc(OC)cc2)n2ccc(CCCc3cc[n+](C)cc3)cc12.[I-]
236,CHEMBL348318,3300.0,CN1CCC(C2Cc3ccccc3C2=O)CC1
3881,CHEMBL3818332,3300.0,O=C(/C=C/c1ccc(F)cc1)NCCC1CCN(Cc2ccccc2)CC1
64,CHEMBL1203535,3300.0,COC1CCCN(Cc2ccc(CNCCN3CCNC3=C(C#N)C#N)o2)C1.Cl
3963,CHEMBL3972214,3300.0,C#CCN(Cc1ccc2cccc(O)c2n1)C(C#N)CC1CCN(Cc2ccccc2)CC1
3620,CHEMBL3628062,3300.0,COc1ccc2[nH]cc(CCNC(=O)c3cc[n+](Cc4ccccc4F)cc3)c2c1.[Br-]
5380,CHEMBL4761840,3300.0,COc1ccc2cc3[n+](cc2c1OCc1ccc(Br)cc1)CCc1cc2c(cc1-3)OCO2.[Br-]
2045,CHEMBL1243388,3310.0,O=C(Nc1ccccc1Cl)Oc1ccc2c(c1)CCCN2Cc1ccccc1
4723,CHEMBL4290236,3312.0,Cc1coc2c1c(=O)oc(=O)c1c3c(ccc12)C(C)(C)CCC3
6180,CHEMBL5181657,3320.0,CCCCC1OC(=O)c2cc(OCc3ccc(CN4CCOCC4)c(O)c3)ccc21
3428,CHEMBL3582204,3330.0,CC1(C)CCCN(Cc2ccc(-c3cnc4[nH]c5cnc(C#N)cc5c4c3)cc2)C1
2739,CHEMBL2380674,3330.0,O=C1/C(=C/c2ccc(Cl)cc2Cl)CN(C(=O)[C@H]2C[C@H]3CCCN3[C@]23C(=O)Nc2cc(Cl)ccc23)C/C1=C\c1ccc(Cl)cc1Cl
2737,CHEMBL2380676,3360.0,O=C1/C(=C/c2ccc(Cl)cc2)CN(C(=O)[C@H]2C[C@H]3CCCN3[C@]23C(=O)Nc2cc(Cl)ccc23)C/C1=C\c1ccc(Cl)cc1
2701,CHEMBL2332979,3360.0,O=C1/C(=C/c2ccc(Cl)cc2)CN(C(=O)C[C@H]2C[C@H]3CCCN3[C@]23C(=O)Nc2ccccc23)C/C1=C\c1ccc(Cl)cc1
104,CHEMBL156931,3360.0,C/N=C1/CCc2c1n(C)c1ccc(OC(=O)NC)cc21
6618,CHEMBL5424712,3365.0,CCOP(=O)(OCC)C(Nc1nncs1)c1ccc(OCc2nc3ccccc3c(=O)n2-c2ccc(F)cc2)c(OC)c1
2296,CHEMBL1782730,3370.0,CCN(CC)C(C)C(=O)N1c2ccccc2Sc2ccccc21.Cl
3753,CHEMBL3765476,3370.0,N#CC1=C(N)N(Cc2ccccc2)C(NCc2ccccc2)=C([N+](=O)[O-])C12C(=O)Nc1ccc([N+](=O)[O-])cc12
2305,CHEMBL1782730,3370.0,CCN(CC)C(C)C(=O)N1c2ccccc2Sc2ccccc21.Cl
7209,CHEMBL6175583,3380.0,C#CCCCOc1c(CN2CCOCC2)cc(-c2cc(=O)c3ccccc3o2)cc1CN1CCOCC1
7146,CHEMBL6161649,3386.0,COc1ccc2c3c1O[C@H]1C[C@@H](OCc4ccc(Cc5cccc(Cl)c5)cn4)C=C[C@@]31CCN(C)C2
1247,CHEMBL109018,3390.0,Cc1c(C)c2ccc(OCc3cccc(Cl)c3)cc2oc1=O
6367,CHEMBL94,3390.0,CNC(=O)Oc1ccc2c(c1)[C@]1(C)CCN(C)[C@@H]1N2C
5646,CHEMBL4786060,3400.0,O=C(CN1CCN(C(=O)c2ccc(F)cc2)CC1)N1CCN(CCCc2c[nH]c3ccc(F)cc23)CC1
777,CHEMBL2093018,3400.0,C#CCN(C)[C@@H](C)Cc1cccc(OC(=O)N(C)CCCCCC)c1
1112,CHEMBL390083,3400.0,COc1ccccc1CN(C)CCCOc1ccc2c(=O)c3ccccc3oc2c1
4948,CHEMBL356385,3400.0,C#CCN(C)C(C)Cc1cccc(OC(=O)N(C)CCCCCC)c1
3616,CHEMBL3628058,3400.0,O=C(NCCc1c[nH]c2ccccc12)c1cc[n+](Cc2ccc(F)cc2)cc1.[Br-]
2119,CHEMBL1642983,3400.0,CC(C)(C)c1cc[n+](C/C=C/C[n+]2ccc(C(C)(C)C)cc2)cc1.[Br-].[Br-]
6340,CHEMBL472788,3400.0,c1ccc2c(c1)CN1CCc3c([nH]c4ccccc34)C1=N2
3355,CHEMBL1929421,3400.0,C#CCN(C)Cc1cc2cc(OCCCC3CCN(Cc4ccccc4)CC3)ccc2n1C
929,CHEMBL191386,3410.0,CNC(=O)Oc1cccc(CN(C)CCCOc2ccc3c(c2)O/C(=C\c2ccc4ccccc4c2)C3=O)c1
2930,CHEMBL3115026,3410.0,COc1cc2[se]n(-c3ccc(OCCCCN4CCCCC4)cc3)c(=O)c2cc1OC
5665,CHEMBL4785000,3410.0,COc1cccc2cc[n+](-c3cccc(C#N)c3)cc12.[Br-]
4775,CHEMBL4287826,3420.0,CC(C)(C)c1cc(CCC(=O)NCCC2CCN(Cc3ccccc3)CC2)cc(C(C)(C)C)c1O
6365,CHEMBL28,3420.0,O=c1cc(-c2ccc(O)cc2)oc2cc(O)cc(O)c12
5672,CHEMBL4786171,3420.0,COc1cccc2cc[n+](-c3ccc(Cl)cc3Cl)cc12.[Br-]
5224,CHEMBL4740676,3420.0,O=C(N/N=C/c1ccc(Cl)cc1)N1CCN(c2ccccn2)CC1
5598,CHEMBL4778635,3430.0,COc1cc(/C=C/C(=O)NCC(=O)Nc2ccc(Cl)cc2)ccc1O
1010,CHEMBL205321,3430.0,CC(C)c1ccc(NC(=O)Oc2ccc3c(c2)[C@]2(C)CO[C@@H](C2)O3)cc1
6562,CHEMBL5416421,3460.0,CCN(CC)C(=O)c1ccc2c(c1)nc(Cc1ccc(OC(=O)N(C)c3ccccc3)cc1)n2CCC(C)C
3091,CHEMBL3262662,3460.0,CCCN(CCC)CCCCCCOc1ccc(CC2NCCc3cc(OC)c(OC)cc32)cc1
4791,CHEMBL4292349,3460.0,CC(C)(C)c1cc(/C=C/C(=O)NCCC2CCN(Cc3cccc([N+](=O)[O-])c3)CC2)cc(C(C)(C)C)c1O
4240,CHEMBL4072478,3470.0,COc1ccc2nc3c(c(NCCCCCCCNC(=S)NC45CC6CC(CC(C6)C4)C5)c2c1)CCCC3
4698,CHEMBL4289981,3470.0,CCN(CC)CCOC(=O)/C=C/c1ccc2oc(C(=O)Nc3ccccc3)cc(=O)c2c1
3648,CHEMBL3632851,3480.0,COc1ccc2nc3c(c(NCCCCCCCCNC(=O)C4(C)CCc5c(C)c(O)c(C)c(C)c5O4)c2c1)CCCC3
3944,CHEMBL3949439,3490.0,CN(Cc1ccccc1)Cc1ccc(NC(=O)/C=C/c2cccc(O)c2)cc1
5363,CHEMBL4746231,3500.0,CS[C@@H](Cn1nnc2cc(C#Cc3ccc(CN4CCOCC4)cc3)ccc21)N(O)C=O
5391,CHEMBL4762943,3500.0,COc1cccc(COc2c(OC)ccc3cc4[n+](cc23)CCc2cc3c(cc2-4)OCO3)c1.[Br-]
151,CHEMBL75919,3500.0,CN1CC[C@]2(C)c3cc(OC(=O)Nc4ccccc4)ccc3N(C)C12
3637,CHEMBL3632853,3500.0,COc1ccc(-c2cc3c(c(=O)o2)C[C@]2(O)[C@@]4(C)CC[C@@H](OC(C)=O)C(C)(C)[C@]4(O)CC[C@@]2(C)O3)cc1
1878,CHEMBL119390,3500.0,CC1=C(C)c2nc3ccccc3c(N)c2C1
340,CHEMBL75919,3500.5,CN1CC[C@]2(C)c3cc(OC(=O)Nc4ccccc4)ccc3N(C)C12
2611,CHEMBL2206897,3510.0,COc1cc(C2c3ccc4ccccc4c3Oc3nc4c(c(N)c32)CCCC4)cc(OC)c1OC
7025,CHEMBL659,3520.0,COc1ccc2c3c1O[C@H]1C[C@@H](O)C=C[C@@]31CCN(C)C2
3749,CHEMBL3763973,3540.0,N#CC1=C(N)N(Cc2ccccc2)C(NCc2ccccc2)=C([N+](=O)[O-])C12C(=O)Nc1ccc(F)cc12
4690,CHEMBL4294859,3540.0,COc1ccc(NC(=O)c2coc3ccc(/C=C/C(=O)OCCN(C)C)cc3c2=O)cc1
6476,CHEMBL5275394,3550.0,O=C1CC2Cc3ccsc3C2=NN1CCCCN1CCN(Cc2cccc3c2ccn3S(=O)(=O)c2ccccc2)CC1
4640,CHEMBL4283651,3550.0,O=C(Cc1c[nH]c2ccccc12)NCCC1CCN(Cc2ccccc2)CC1
156,CHEMBL440497,3560.0,CNC(=O)Oc1ccc2c(c1)[C@@]1(C)CCN(Cc3ccccc3)C1N2Cc1ccccc1
3895,CHEMBL3822890,3560.0,Cc1ccccc1CN1CCC(C(=O)NCCc2c[nH]c3ccccc23)CC1
2044,CHEMBL1243234,3560.0,CNC(=O)Oc1ccc2c(c1)[C@]1(C)CCN(Cc3ccccc3)[C@@H]1N2Cc1ccccc1
6518,CHEMBL5407369,3584.0,CN(CCC1CCCCCC1)Cc1c[nH]c2c(OC(=O)N3CCOCC3)cccc12
6532,CHEMBL5419364,3590.0,COc1ccc2sc3c(C)ccc(NCC[C@@H]4CCCN5CCCC[C@H]45)c3c(=O)c2c1
3888,CHEMBL3823317,3600.0,COc1ccc2[nH]cc(CCNC(=O)CC3CCN(Cc4ccccc4C)CC3)c2c1
2864,CHEMBL2441680,3600.0,COc1ccc(C(F)(F)F)c[n+]1CCCOc1ccc2c(C)cc(=O)oc2c1.O=S(=O)([O-])C(F)(F)F
4185,CHEMBL4073501,3600.0,CC1(C)CNC2=C([N+](=O)[O-])C3(C(C#N)=C(N)N2C1)c1ccccc1-c1nc2ccc([N+](=O)[O-])cc2nc13
2832,CHEMBL2441680,3600.0,COc1ccc(C(F)(F)F)c[n+]1CCCOc1ccc2c(C)cc(=O)oc2c1.O=S(=O)([O-])C(F)(F)F
756,CHEMBL148879,3600.0,C#CCNC(C)Cc1cccc(OC(=O)N(C)C2CCCCC2)c1
737,CHEMBL540352,3600.0,CCCNC1CCc2ccc(OC(=O)N(C)CC)cc21.Cl
2834,CHEMBL2441678,3600.0,COc1ccc(C(F)(F)F)c[n+]1CCC[n+]1cc(C(F)(F)F)ccc1OC.O=S(=O)([O-])C(F)(F)F.O=S(=O)([O-])C(F)(F)F
5645,CHEMBL4782029,3600.0,Cc1ccc(C(=O)N2CCN(CC(=O)N3CCN(CCCc4c[nH]c5ccc(F)cc45)CC3)CC2)cc1
4750,CHEMBL4287889,3610.0,COc1ccc2oc(C(=O)NCC3CCN(Cc4ccccc4)CC3)cc(=O)c2c1
5217,CHEMBL4743485,3620.0,O=C(N/N=C/c1ccccc1)N1CCN(c2ccccn2)CC1
6818,CHEMBL5567301,3630.0,COc1ccc(Oc2ccc3nc4c(c(N)c3c2)CCCCC4)cc1.Cl
6463,CHEMBL5283557,3650.0,O=C1CC2CCc3ccsc3C2=NN1Cc1ccc(CN2CCN(Cc3ccccc3)CC2)cc1
5272,CHEMBL4751082,3650.0,O=C(NO)c1ccc(Nc2c3ccccc3nc3ccc(OC(F)(F)F)cc23)cc1
599,CHEMBL163362,3660.0,c1ccc2c(c1)CN1CCCCC1=N2
3022,CHEMBL3237520,3660.0,CN(Cc1ccccc1)Cc1ccc(C(=O)c2ccc(O)c(F)c2)cc1
5327,CHEMBL4780232,3679.0,Oc1ccc(/C=N\C2CCN(Cc3ccccc3)C2)c(O)c1
2782,CHEMBL2413741,3680.0,CC(C)N(CCOc1ccc(-c2nc3cc(Cl)ccc3[nH]2)cc1)C(C)C
162,CHEMBL62084,3680.0,Nc1c2c(nc3ccc(Cl)cc13)CCCC2
4692,CHEMBL4286556,3690.0,CN(C)CCOC(=O)/C=C/c1ccc2occ(C(=O)Nc3ccccc3)c(=O)c2c1
365,CHEMBL64815,3700.0,Cc1ccc2nc3c(c(NCc4ccccc4)c2c1)CCCC3
2086,CHEMBL1289274,3700.0,COc1cc2c(cc1OC)C(=O)C1(C2)C(c2ccc(F)cc2)CN(C)C12C(=O)Nc1ccc(Cl)cc12
2104,CHEMBL1288828,3700.0,COc1cc2c(cc1OC)C(=O)C1(C2)C(c2ccccc2)C(c2ccccc2)NC12C(=O)Nc1ccc([N+](=O)[O-])cc12
2120,CHEMBL1642973,3700.0,CC(C)(C)c1cc[n+](CCCC[n+]2ccc(C(C)(C)C)cc2)cc1.[Br-].[Br-]
5309,CHEMBL4742138,3700.0,NC(=O)c1sc(-c2ccnc(NC(=O)C3CC3)c2)nc1OCCC1CCN(Cc2ccccc2Cl)CC1
5152,CHEMBL4529976,3700.0,O=C(Nc1nc(-c2ccc(Cl)cc2)c(-c2ccc(Cl)cc2)s1)C1CCN(Cc2ccc(F)cc2Cl)CC1
5099,CHEMBL4444968,3700.0,Cc1ccc(CNC2CCN(Cc3ccccc3)CC2)cc1
7095,CHEMBL6168124,3700.0,C[C@@H]1CC[C@]2(C(=O)NCc3ccccc3Cl)CC[C@]3(C)C(=CC[C@@H]4[C@@]5(C)C[C@@H](O)[C@H](O)[C@@](C)(CO)[C@@H]5CC[C@]43C)[C@@H]2[C@]1(C)O
4324,CHEMBL4096963,3700.0,CCN(CCCCCCN1C(=O)c2ccccc2C1=O)Cc1ccccc1
6292,CHEMBL5271815,3700.0,C/C=C1/CN2CCc3c([nH]c4ccccc34)[C@@H]2CC1/C(=C\C(=O)OC)OC
1937,CHEMBL1084155,3700.0,Cc1ccc2nc3c(c(Nc4ccccc4)c2c1)CCCC3
1379,CHEMBL513236,3710.0,COc1ccccc1CN(C)Cc1ccc(C(=O)c2ccc(OC)c(OC)c2)cc1
3757,CHEMBL3763482,3710.0,Cc1ccc2c(c1)C1(C(=O)N2)C(C#N)=C(N)N(Cc2ccccc2)C(NCc2ccccc2)=C1[N+](=O)[O-]
621,CHEMBL355821,3720.0,c1ccc2c(c1)CN1CCCC1=N2
6921,CHEMBL5647220,3720.0,COc1ccc(-c2cc(-c3ccc(Br)cc3)c3c(N)n[nH]c3n2)cc1
5694,CHEMBL3982580,3720.0,COc1cccc2c1C=[N+](c1ccc(Br)cc1Br)CC2.[Br-]
6802,CHEMBL5565926,3720.0,Cc1cc(C)cc(Oc2ccc3nc4c(c(N)c3c2)CCC4)c1.Cl
6965,CHEMBL5914393,3730.0,COc1c(C(N)=O)cc(Cl)c(N)c1CC1CCN(CC2CCCCC2)CC1
7208,CHEMBL6161426,3740.0,C#CCOc1c(CN2CCOCC2)cc(-c2cc(=O)c3ccccc3o2)cc1CN1CCOCC1
5501,CHEMBL4780719,3740.0,O=c1ccoc2ccc(OCCCCN3CCCC3)cc12
4881,CHEMBL4592037,3750.0,Cc1ccc(-n2cc(COc3ccc(/C=N/Nc4c5c(nc6ccccc46)CCCC5)cc3)nn2)cc1.Cl
638,CHEMBL165304,3760.0,c1ccc2c(c1)CN1CCCCCC1=N2
6370,CHEMBL5278532,3770.0,Cc1cc2c(c(C)c1CCO[C@@H]1O[C@H](CO)[C@@H](O)[C@H](O)[C@H]1O)C(=O)[C@H](C)[C@H]2O
6803,CHEMBL5569264,3780.0,Cc1ccccc1Oc1ccc2nc3c(c(N)c2c1)CCCC3.Cl
6817,CHEMBL5590734,3790.0,Cc1ccc(Oc2ccc3nc4c(c(N)c3c2)CCCCC4)cc1.Cl
6023,CHEMBL5203792,3790.0,COc1ccc(C(=O)Cc2ncc(C(=O)N(C)CCCOc3ccc([N+](=O)[O-])cc3)cn2)cc1OC
5761,CHEMBL4856140,3790.0,CCOC(=O)/C(=N\Nc1ccc(C(=O)OCC)cc1)C(=O)C(F)(F)F
4822,CHEMBL2152545,3800.0,CCCCCCCNC(=O)Oc1ccc2c(c1)CN1CCc3ccccc3C1N2C
3886,CHEMBL3822559,3800.0,O=C(CC1CCN(Cc2ccccc2)CC1)NCCc1c[nH]c2ccccc12
6006,CHEMBL2152545,3800.0,CCCCCCCNC(=O)Oc1ccc2c(c1)CN1CCc3ccccc3C1N2C
2202,CHEMBL1555,3800.0,Br.COc1ccc2c3c1O[C@H]1C[C@@H](O)C=C[C@@]31CCN(C)C2
3935,CHEMBL3827765,3800.0,CCCCCCc1ccc(NC(=O)Oc2cccc(CN(C)CCCOc3ccc4ccc(=O)oc4c3)c2)cc1
3108,CHEMBL3263729,3800.0,CN(Cc1ccc(C(=O)NCCc2c[nH]c3ccccc23)cc1)Cc1ccccc1Cl
5894,CHEMBL2152545,3800.0,CCCCCCCNC(=O)Oc1ccc2c(c1)CN1CCc3ccccc3C1N2C
540,CHEMBL33332,3800.0,Cn1cc[n+](COCc2cccc3ccccc23)c1/C=N/O.[Cl-]
375,CHEMBL61486,3800.0,Nc1ccc2nc3c(c(N)c2c1)CCCC3
3115,CHEMBL3263736,3800.0,COc1cccc(CN(C)Cc2ccc(C(=O)NCCc3c[nH]c4ccccc34)cc2)c1
4897,CHEMBL659,3800.0,COc1ccc2c3c1O[C@H]1C[C@@H](O)C=C[C@@]31CCN(C)C2
6564,CHEMBL5411758,3800.0,CCN(CC)C(=O)c1ccc2c(c1)nc(Cc1ccccc1)n2CCC(C)C
3621,CHEMBL3628063,3800.0,COc1ccc2[nH]cc(CCNC(=O)c3cc[n+](Cc4cccc(F)c4)cc3)c2c1.[Br-]
21,CHEMBL65667,3800.0,CN1CC[C@@]2(C)c3cc(OC(=O)NCCCN4CCOCC4)ccc3N(C)[C@@H]12
4790,CHEMBL4281727,3810.0,CC(C)(C)c1cc(/C=C/C(=O)NCCC2CCN(Cc3ccc(Br)cc3)CC2)cc(C(C)(C)C)c1O
4189,CHEMBL4085222,3820.0,COc1cc(/C=C/C(=O)N2CCC(Cc3ccccc3)CC2)ccc1OCCCCN1CCc2ccccc2C1
6043,CHEMBL5176580,3820.0,CC(=O)c1ccc(N2CCN(CCC(=O)Nc3nc4c(C)cccc4s3)CC2)cc1
1199,CHEMBL235548,3832.0,CC[C@H](C)C1=N[C@H]2CC=C3C[C@H]4C(=O)C[C@]5(C)[C@@H]([C@H](C)N(C)C)[C@H](O)C[C@@]5(C)[C@@H]4CC[C@H]3[C@]2(C)CN1
119,CHEMBL155863,3840.0,CCC/N=C1/CCc2c1n(C)c1ccc(OC(=O)NC)cc21
1235,CHEMBL479291,3850.0,[O-]c1cc2c3c(c1)c1cc4c(cc1c[n+]3CC2)OCO4
3092,CHEMBL3262663,3850.0,CCCCN(CCCC)CCCCCCOc1ccc(CC2NCCc3cc(OC)c(OC)cc32)cc1
816,CHEMBL178132,3860.0,CC(C)c1ccc(NC(=O)Oc2ccc3c(c2)[C@]2(C)CCOC2N3C)cc1
998,CHEMBL382207,3860.0,CC(C)c1ccc(NC(=O)Oc2ccc3c(c2)[C@]2(C)CCO[C@@H]2N3C)cc1
3760,CHEMBL3764679,3860.0,Cc1ccc2c(c1)C1(C(=O)N2)C(C#N)=C(N)N2CCNC2=C1[N+](=O)[O-]
2802,CHEMBL2419683,3860.0,N#Cc1c(Cl)nc(NCCCC2CCN(Cc3ccccc3)CC2)c(C#N)c1-c1ccccc1
1225,CHEMBL402484,3870.0,COc1cc2c(cc1OC)-c1cccc3c1N(CC3)C2
2987,CHEMBL3126996,3880.0,CCN(CCCCOc1ccc(-c2coc3cc(O)cc(O)c3c2=O)cc1)Cc1ccccc1OC
3615,CHEMBL3628057,3900.0,O=C(NCCc1c[nH]c2ccccc12)c1cc[n+](Cc2cccc(F)c2)cc1.[Br-]
3472,CHEMBL3586605,3900.0,Cc1c(C)c2ccc(OCc3ccc(CN(C)Cc4ccc(C#N)cc4)cc3)cc2oc1=O.Cl
4182,CHEMBL4092602,3900.0,N#CC1=C(N)N2CCCNC2=C([N+](=O)[O-])C12c1ccccc1-c1nc3ccc([N+](=O)[O-])cc3nc12
6178,CHEMBL5180612,3920.0,CCCCC1OC(=O)c2cc(OCc3ccc(CN4CCCC4)c(O)c3)ccc21
750,CHEMBL359288,3940.0,C#CCC1CCCc2ccc(OC(=O)N(C)C)cc21
6454,CHEMBL4527805,3940.0,COc1ccc(/C=C2\COc3cc(OCCCN4CCCCC4)ccc3C2=O)cc1
5081,CHEMBL4534345,3940.0,COc1cc2ncnc(NCc3cn(CC4CCN(Cc5ccccc5)CC4)nn3)c2cc1OC
1541,CHEMBL599252,3950.0,CCN(CC)CCCCOc1ccc2c(c1)C/C(=C\c1ccc(CN(C)Cc3ccccc3)cc1)C2=O
700,CHEMBL544395,3960.0,CN(C(=O)Oc1ccc2c(c1)C(N)CC2)C1CCCCC1.Cl
3761,CHEMBL3765496,3960.0,N#CC1=C(N)N(Cc2ccccc2)C(NCc2ccccc2)=C([N+](=O)[O-])C12C(=O)Nc1ccccc12
204,CHEMBL60745,3960.0,CC[N+](C)(C)c1cccc(O)c1.[Br-]
2960,CHEMBL3115040,3970.0,C=CC(=O)N1C/C(=C\c2ccccc2C)C(=O)[C@@]2(C1)[C@H](c1ccccc1C)CN(C)[C@]21C(=O)Nc2ccccc21
4391,CHEMBL4130217,3980.0,COC(C)(C)/C=C/C[C@]1(C)[C@@H](CC=C(C)C)C[C@]2(CC=C(C)C)C(=O)C3=C(O[C@H](C(C)(C)O)C3)[C@@]1(C(=O)C(C)C)C2=O
3948,CHEMBL3917990,3980.0,COc1ccc(/C=C/C(=O)Nc2ccc(CN(C)Cc3ccccc3)cc2)cc1OC
6296,CHEMBL1957115,4000.0,COc1ccc2c(c1)[nH]c1c(C(C)=O)nccc12
3562,CHEMBL3621335,4000.0,CC[N+]1(Cc2ccccc2[N+](=O)[O-])CCCCCn2c(C)c3c(=O)n(c2=O)CCCCC[N+](CC)(Cc2ccccc2[N+](=O)[O-])CCCCCn2c(C)c(c(=O)n(c2=O)CCCCC1)C3.[Br-].[Br-]
5102,CHEMBL4561792,4000.0,Oc1ccc(CNC2CCN(Cc3ccccc3)CC2)cc1
4184,CHEMBL4100338,4000.0,Cc1cc2nc3c(nc2cc1C)C1(C(C#N)=C(N)N2CC(C)(C)CNC2=C1[N+](=O)[O-])c1ccccc1-3
6237,CHEMBL1190983,4000.0,C#CCN(C)C1CCc2c(OC(=O)N(C)CC)cccc21
2182,CHEMBL1761993,4000.0,[Br-].[Br-].c1ccc2c(c1)ccc[n+]2CCCCC[n+]1cccc2ccccc21
5889,CHEMBL5074625,4000.0,O=C(O[C@H]1CN2Cc3cc4c(cc3[C@]13C=C[C@@H](O)C[C@H]23)OCO4)c1cccc([N+](=O)[O-])c1
6020,CHEMBL5185065,4000.0,COc1cccc(C(=O)Cc2ncc(C(=O)N(C)CCCOc3ccc([N+](=O)[O-])cc3)cn2)c1
1838,CHEMBL1085032,4000.0,CN(CCOCCNC(=S)Nc1ccccn1)Cc1ccccc1
1604,CHEMBL1082428,4000.0,CNC(=O)Oc1ccc(-c2cn3c(C)cccc3[n+]2C)cc1.[I-]
2609,CHEMBL2206899,4010.0,Nc1c2c(nc3c1C(c1c(Cl)cccc1Cl)c1ccc4ccccc4c1O3)CCCC2
7248,CHEMBL6193693,4030.0,CC(C)(C)c1ccc(/C=N/CCNc2c3c(nc4ccccc24)CCCCC3)c(C(C)(C)C)c1O
4883,CHEMBL4557164,4030.0,Cl.O=C(O)c1ccc(-n2cc(COc3ccc(/C=N/Nc4c5c(nc6ccccc46)CCCC5)cc3)nn2)cc1
4421,CHEMBL4172510,4040.0,O=C(Nc1ccncc1Br)OCCCCCNCc1ccccc1
7118,CHEMBL6173387,4040.0,N#CC1C(N)N2CCCNC2C(C#N)C12C(=O)Nc1ccccc12
7131,CHEMBL6170619,4050.0,COc1ccc(N2C(=O)c3c(sc4c3CCCCC4)OC2c2ccccc2)cc1
6834,CHEMBL5563449,4060.0,CN(Cc1ccc(COc2ccc3c(CO)cc(=O)oc3c2)cc1)Cc1cncnc1
5627,CHEMBL4787011,4083.0,CC(C)c1ccc(NC(=O)OCC2CCN(C3Cc4ccccc4C3)CC2)cc1
5844,CHEMBL4872690,4093.0,Cc1ccccc1CN1CCC(CNC(=O)c2cncc(NC(=O)c3ccnc(NC(=O)C4CC4)c3)c2)CC1
3106,CHEMBL3263727,4100.0,COc1ccc2c(CCNC(=O)c3ccc(CN(C)Cc4ccccc4)cc3)c[nH]c2c1
5100,CHEMBL4458653,4100.0,Cc1cccc(CNC2CCN(Cc3ccccc3)CC2)c1
3960,CHEMBL3892118,4100.0,C#CCN(CCC1CCN(Cc2ccccc2)CC1)Cc1ccc2cccc(O)c2n1
1993,CHEMBL188019,4100.0,Oc1ccc(C2CC(c3ccccc3O)=Nc3ccccc3S2)cc1
768,CHEMBL147033,4100.0,C#CCNC1CCc2ccc(OC(=O)N(C)C)cc2C1
3427,CHEMBL3582203,4100.0,C[C@@H]1C[C@H](C)CN(Cc2ccc(-c3cnc4[nH]c5cnc(C#N)cc5c4c3)cc2)C1
2959,CHEMBL3115041,4100.0,C=CC(=O)N1C/C(=C\c2ccccc2OC)C(=O)[C@@]2(C1)[C@H](c1ccccc1OC)CN(C)[C@]21C(=O)Nc2ccccc21
3241,CHEMBL3335064,4100.0,O=c1oc2cc(OCCCN3CCC(Cc4ccccc4)CC3)ccc2c2ccccc12
6323,CHEMBL69507,4100.0,C[n+]1ccc2c(c1)[nH]c1ccccc12
6335,CHEMBL5287874,4100.0,C=C[C@H]1C[N+]2=C(C[C@@H]1/C(=C\OC)C(=O)OC)c1[nH]c3cccc(OC)c3c1CC2
2703,CHEMBL2332977,4110.0,O=C1/C(=C/c2ccc(Cl)cc2Cl)CN(C(=O)C[C@H]2C[C@H]3CCCN3[C@]23C(=O)Nc2ccccc23)C/C1=C\c1ccc(Cl)cc1Cl
4223,CHEMBL4089033,4120.0,CN1CC2C(=O)N(C3CCCCC3)C(=O)C2C12C(=O)c1ccccc1C2=O
4100,CHEMBL4098132,4120.0,COc1cc(/C=C/C(=O)Nc2ccccc2)ccc1OCCCCCCCCN1CCCCC1
5324,CHEMBL4796307,4121.0,C(=N\C1CCN(Cc2ccccc2)C1)\c1ccccc1
4737,CHEMBL4280725,4130.0,O=C(NCCC1CCN(Cc2ccccc2)CC1)c1cc(=O)c2cc(O)c(O)cc2o1
4899,CHEMBL636,4150.0,CCN(C)C(=O)Oc1cccc([C@H](C)N(C)C)c1
6284,CHEMBL636,4150.0,CCN(C)C(=O)Oc1cccc([C@H](C)N(C)C)c1
407,CHEMBL636,4150.0,CCN(C)C(=O)Oc1cccc([C@H](C)N(C)C)c1
6225,CHEMBL5220228,4150.0,CCN(C)C(=O)Oc1cccc(CN2CCC(CCC(=O)c3cc(Cl)c(N)cc3OC)CC2)c1
2283,CHEMBL636,4150.0,CCN(C)C(=O)Oc1cccc([C@H](C)N(C)C)c1
2292,CHEMBL502,4150.0,COc1cc2c(cc1OC)C(=O)C(CC1CCN(Cc3ccccc3)CC1)C2
2276,CHEMBL636,4150.0,CCN(C)C(=O)Oc1cccc([C@H](C)N(C)C)c1
5507,CHEMBL636,4150.0,CCN(C)C(=O)Oc1cccc([C@H](C)N(C)C)c1
2984,CHEMBL3122170,4150.0,CCOC(=O)c1ccc2nc(-c3ccc(Cl)cc3)c3c(c2c1)N(Cc1ccccc1)C(=O)CC3
1025,CHEMBL636,4150.0,CCN(C)C(=O)Oc1cccc([C@H](C)N(C)C)c1
7011,CHEMBL636,4150.0,CCN(C)C(=O)Oc1cccc([C@H](C)N(C)C)c1
2301,CHEMBL502,4150.0,COc1cc2c(cc1OC)C(=O)C(CC1CCN(Cc3ccccc3)CC1)C2
2043,CHEMBL636,4150.0,CCN(C)C(=O)Oc1cccc([C@H](C)N(C)C)c1
830,CHEMBL636,4150.0,CCN(C)C(=O)Oc1cccc([C@H](C)N(C)C)c1
1359,CHEMBL499825,4160.0,CCN(CCCCCC(=O)N[C@H]1CCCC[C@H]1NC(=O)CCCCCN(CC)Cc1ccccc1OC)Cc1ccccc1OC
7152,CHEMBL6169099,4160.0,Nc1ccccc1C(=O)/C=C/c1cnc2c(c1)OCO2
83,CHEMBL156630,4190.0,C/N=C1/CCc2c1n(C)c1ccc(OC(=O)NCc3ccccc3)c(Br)c21
6875,CHEMBL5590844,4190.0,Cc1cc2c(cc1C)[n+](Cc1ccccc1C)cn2C(c1ccccc1)c1ccccc1.[Cl-]
2105,CHEMBL1288829,4200.0,COc1cc2c(cc1OC)C(=O)C1(C2)C(c2ccccc2Cl)C(c2ccccc2)NC12C(=O)Nc1ccc([N+](=O)[O-])cc12
5378,CHEMBL4758271,4200.0,COc1ccc2cc3[n+](cc2c1OCc1ccc(C(C)C)cc1)CCc1cc2c(cc1-3)OCO2.[Br-]
3160,CHEMBL3323049,4200.0,CCN(CC)CCCOc1ccc2nc3n(c(=O)c2c1)CCCc1ccccc1-3
4348,CHEMBL4086383,4200.0,COc1cc(/C=C/c2cc(N3CCN(C)CC3)c3ccccc3[n+]2C)ccc1N1CCN(C)CC1.[I-]
2087,CHEMBL1289391,4200.0,COc1ccc(C2CN(C)C3(C(=O)Nc4ccc(Cl)cc43)C23Cc2cc(OC)c(OC)cc2C3=O)cc1OC
3103,CHEMBL3263725,4200.0,CN(Cc1ccccc1)Cc1ccc(C(=O)NCCc2c[nH]c3ccc(O)cc23)cc1
2083,CHEMBL1289159,4200.0,COc1ccc(C2CN(C)C3(C(=O)Nc4ccccc43)C23Cc2cc(OC)c(OC)cc2C3=O)cc1OC
3613,CHEMBL3628055,4200.0,O=C(NCCc1c[nH]c2ccccc12)c1cc[n+](Cc2ccccc2)cc1.[Br-]
2971,CHEMBL3116287,4200.0,CCCCCOc1nn(CCCCC)c2ccc([N+](=O)[O-])cc12
1077,CHEMBL220905,4200.0,C[n+]1ccc2c(c1)[nH]c1ccc(O)cc12
4180,CHEMBL4070769,4200.0,N#CC1=C(N)N2CCCNC2=C([N+](=O)[O-])C12c1ccccc1-c1nc3ccccc3nc12
5082,CHEMBL4440392,4220.0,c1ccc(CN2CCC(Cn3cc(CNc4ncnc5ccccc45)nn3)CC2)cc1
6819,CHEMBL5573162,4220.0,Cl.Nc1c2c(nc3ccc(Oc4ccc(Cl)cc4)cc13)CCCCC2
1273,CHEMBL270248,4230.0,CCN(Cc1ccccc1)Cc1ccc(-c2cc3ccc(OCCNC(=O)/C=C/c4ccc(Cl)c(Cl)c4)cc3oc2=O)cc1
6798,CHEMBL5575070,4240.0,COc1ccc(Oc2ccc3nc4c(c(N)c3c2)CCC4)cc1.Cl
5563,CHEMBL4794354,4250.0,CCCCCC[N+]1(C)CCN(c2ccc(/C=C3\Cc4cc(OC)c(OC)cc4C3=O)cc2)CC1.[Br-]
6816,CHEMBL5570773,4250.0,COc1cccc(Oc2ccc3nc4c(c(N)c3c2)CCCCC4)c1.Cl
6531,CHEMBL5431870,4260.0,Cc1ccc(NCC[C@@H]2CCCN3CCCC[C@H]23)c2c(=O)c3cc(O)ccc3sc12
1380,CHEMBL490360,4270.0,COc1ccc(C(=O)c2ccc(CN(C)Cc3cccc([N+](=O)[O-])c3)cc2)cc1OC
2740,CHEMBL2380673,4280.0,O=C1/C(=C/c2cccc([N+](=O)[O-])c2)CN(C(=O)[C@H]2C[C@H]3CCCN3[C@]23C(=O)Nc2cc(Cl)ccc23)C/C1=C\c1cccc([N+](=O)[O-])c1
5162,CHEMBL395280,4300.0,C/C=C1\[C@H]2C=C(C)C[C@]1(N)c1ccc(=O)[nH]c1C2
6215,CHEMBL178792,4300.0,CC(C)c1ccc(NC(=O)Oc2ccc3c(c2)C2(C)COC(C2)O3)cc1
4183,CHEMBL4064904,4300.0,CC1(C)CNC2=C([N+](=O)[O-])C3(C(C#N)=C(N)N2C1)c1ccccc1-c1nc2ccccc2nc13
4332,CHEMBL3425889,4300.0,C[n+]1c(/C=C/c2ccccc2)ccc2ccccc21.[I-]
2085,CHEMBL1289273,4300.0,COc1cc2c(cc1OC)C(=O)C1(C2)C(c2ccccc2Cl)CN(C)C12C(=O)Nc1ccccc12
5577,CHEMBL4795370,4300.0,CCN(CCCCOc1ccc(C2CC(=O)c3c(O)cc(OCCCCN(CC)Cc4ccccc4OC)cc3O2)cc1)Cc1ccccc1OC
2042,CHEMBL1243268,4300.0,CC(C)c1ccc(NC(=O)Oc2ccc3c(c2)C2(C)COC(O3)O2)cc1
3259,CHEMBL3335046,4300.0,O=c1oc2cc(OCCCN3CCC(Cc4ccccc4)CC3)ccc2c2c1CCCC2
826,CHEMBL178792,4300.0,CC(C)c1ccc(NC(=O)Oc2ccc3c(c2)C2(C)COC(C2)O3)cc1
2936,CHEMBL3115020,4310.0,COc1cc2[se]n(-c3ccc(CN4CCCC4)cc3)c(=O)c2cc1OC
5885,CHEMBL5075459,4320.0,CO[C@H]1C[C@H]2C(=C[C@@H]1OC(=O)c1ccc(C)c([N+](=O)[O-])c1)[C@H]1CN2Cc2cc3c(cc21)OCO3
5733,CHEMBL4854565,4340.0,Cl.Nc1c2c(nc3c(Cl)cc(Cl)cc13)CCCC2
6607,CHEMBL5426913,4344.0,CCOP(=O)(OCC)C(Nc1cccc(O)c1)c1ccc(OCc2nc3ccccc3c(=O)n2-c2ccc(F)cc2)c(OC)c1
3642,CHEMBL3632846,4360.0,COc1ccc2nc3c(c(NCCNC(=O)C4(C)CCc5c(C)c(O)c(C)c(C)c5O4)c2c1)CCCC3
1200,CHEMBL238063,4368.0,CC[C@H](C)C1=N[C@H]2CC[C@]34C[C@]35C(=O)C[C@]3(C)[C@@H]([C@H](C)N(C)C)[C@H](O)C[C@@]3(C)[C@@H]5CC[C@H]4[C@]2(C)CN1
5336,CHEMBL4747185,4383.0,COc1cccc(CNC2CCN(Cc3ccccc3)C2)c1OC
5848,CHEMBL4853675,4392.0,O=C(NCCC1CCN(Cc2cccc(Cl)c2)CC1)c1cncc(NC(=O)c2cccc(NC(=O)C3CC3)c2)c1
4188,CHEMBL4060800,4400.0,N#CC1=C(N)N(Cc2ccccc2)C(NCc2ccccc2)=C([N+](=O)[O-])C12c1ccccc1-c1nc3ccc([N+](=O)[O-])cc3nc12
2803,CHEMBL2419682,4400.0,N#Cc1c(Cl)nc(NCCC2CCN(Cc3ccccc3)CC2)c(C#N)c1-c1ccccc1
4349,CHEMBL4067639,4400.0,C[n+]1c(/C=C/c2cc3ccccc3[nH]2)cc(N2CCOCC2)c2ccccc21.[I-]
1886,CHEMBL1085277,4400.0,COc1cc2c(cc1OC)CC(CC1CCN(c3ccccc3)CC1)=C2
6866,CHEMBL118752,4400.0,Nc1c2c(nc3ccccc13)CCC2
6631,CHEMBL5401085,4400.0,CN(C)CCCN1C(=O)CSC1c1cccc(Cl)c1Cl.Cl
5114,CHEMBL4566555,4400.0,Cc1ccc(/C=N/C2CCN(Cc3ccccc3)CC2)cc1
247,CHEMBL157410,4400.0,CN1CCC(CC2=Cc3ccccc3C2)CC1
4344,CHEMBL4104589,4400.0,C[n+]1c(/C=C/c2ccc(Cl)cc2)ccc2ccccc21.[I-]
2944,CHEMBL3115034,4420.0,CN1CC[C@@H](C(=O)N2C/C(=C\c3ccc(Cl)cc3Cl)C(=O)[C@@]3(C2)[C@H](c2ccc(Cl)cc2Cl)CN(C)[C@]32C(=O)Nc3ccccc32)[C@@]12C(=O)Nc1ccccc12
7233,CHEMBL5590314,4421.0,Nc1c2c(nc3ccc(Oc4ccccc4)cc13)CCCC2
6473,CHEMBL5275931,4440.0,O=C1CC2CCc3ccsc3C2=NN1CCCCCN1CCN(Cc2cccc3c2ccn3S(=O)(=O)c2ccccc2)CC1
6862,CHEMBL118752,4440.0,Nc1c2c(nc3ccccc13)CCC2
6173,CHEMBL636,4450.0,CCN(C)C(=O)Oc1cccc([C@H](C)N(C)C)c1
4694,CHEMBL4283189,4450.0,CCN(CC)CCOC(=O)/C=C/c1ccc2oc(C(=O)Nc3cccc(Cl)c3)cc(=O)c2c1
6107,CHEMBL5202021,4500.0,COc1cc2oc(C(=O)Nc3cccc(CN(C)Cc4ccccc4)c3)cc(=O)c2cc1OC
7110,CHEMBL6169186,4500.0,CC1=CC(=O)[C@](C)(O)C(=O)/C1=C\Nc1ccc(Cc2ccccc2)cc1
1613,CHEMBL1083373,4500.0,CNC(=O)Oc1cccc(-c2cn3c(NC(C)=O)cccc3[n+]2C)c1.[I-]
3093,CHEMBL3262664,4500.0,COc1cc2c(cc1OC)C(Cc1ccc(OCCCCCCN3CCCC3C)cc1)NCC2
5307,CHEMBL4764558,4500.0,NC(=O)c1sc(-c2ccnc(NC(=O)C3CC3)c2)nc1OCCC1CCN(Cc2ccc(F)cc2)CC1
7202,CHEMBL5202021,4500.0,COc1cc2oc(C(=O)Nc3cccc(CN(C)Cc4ccccc4)c3)cc(=O)c2cc1OC
2379,CHEMBL1834877,4500.0,COc1cc(CCCOC(=O)Nc2ccccc2)cc2cc(-c3ccc4c(c3)OCO4)oc12
6561,CHEMBL5425753,4500.0,CCN(CC)C(=O)c1ccc2c(c1)nc(Cc1ccc(OC(=O)NCc3ccccc3)cc1)n2CCC(C)C
26,CHEMBL349127,4500.0,CN1CCN(Cc2ccc(CNCCN3CCNC3=C(C#N)C#N)o2)CC1
58,CHEMBL153821,4500.0,CC1CCCC(C)N1Cc1ccc(CNCCN2CCNC2=C(C#N)C#N)o1
4320,CHEMBL4066908,4500.0,CCN(CCCN1C(=O)c2ccccc2C1=O)Cc1ccccc1OC
6347,CHEMBL5283851,4520.0,COc1ccc2c(c1)c(C=O)cn2CCCCCCCCCCN(C)Cc1cccc(O)c1
2574,CHEMBL2071426,4520.0,Oc1cccc2nc3c(O)cccc3nc12
2614,CHEMBL2206894,4530.0,COc1ccccc1C1c2ccc3ccccc3c2Oc2nc3c(c(N)c21)CCCC3
6294,CHEMBL468568,4550.0,COc1cc(CO)ccc1O[C@@H]1O[C@H](CO)[C@@H](O)[C@H](O)[C@H]1O
6475,CHEMBL5282158,4560.0,O=C1CC2CCc3ccsc3C2=NN1CCCCCCCN1CCN(Cc2cccc3c2ccn3S(=O)(=O)c2ccccc2)CC1
6016,CHEMBL5172343,4560.0,COc1ccc(C(=O)Cc2ncc(C(=O)N(C)CCCOc3ccc([N+](=O)[O-])cc3)cn2)cc1
4560,CHEMBL3978533,4560.0,COc1ccc(/C=C/C(=O)Nc2ccc(CN(C)Cc3ccccc3)cc2)cc1
1275,CHEMBL271709,4570.0,CCN(Cc1ccccc1)Cc1ccc(-c2cc3ccc(OCCNC(=O)/C=C/c4cc(F)cc(F)c4)cc3oc2=O)cc1
6988,CHEMBL6143765,4580.0,C=CCc1ccc(O)c(-c2cc(CC=C)cc(-c3cc(CC=C)ccc3O)c2O[C@H]2CC(C)(C)[C@@H]3CC[C@]4(C)C[C@]23CC[C@H]4O)c1
6374,CHEMBL443626,4590.0,Oc1cc(O)cc(Oc2c(O)cc(O)c3c2Oc2c(cc(O)c(-c4c(O)cc5c(c4O)Oc4c(Oc6cc(O)cc(O)c6)c(O)cc(O)c4O5)c2O)O3)c1
3785,CHEMBL3769576,4600.0,COc1ccc(C(=O)N2c3ccccc3[Se]c3ccccc32)cc1
4707,CHEMBL4278046,4600.0,O=C(COc1ccc(-c2ccccc2)cc1)N1CCC(N2CCCCC2)CC1
3791,CHEMBL3770206,4600.0,COc1cccc(C(=O)N2c3ccccc3Sc3ccc(Cl)cc32)c1
2426,CHEMBL1917826,4600.0,COc1ccc2nc3c(c(N4CCCCCN(c5c6c(nc7ccc(OC)cc57)CCCC6)CCCCC4)c2c1)CCCC3
3358,CHEMBL3407585,4600.0,C=CCNCc1cc2cc(OCCCC3CCN(Cc4ccccc4)CC3)ccc2[nH]1
6362,CHEMBL5287353,4610.0,CC(C)=CCCC1(C)C=Cc2c(ccc3cc(-c4cc(O)cc(O)c4CC=C(C)C)oc23)O1
5756,CHEMBL4855755,4620.0,CCOC(=O)/C(=N\Nc1ccc(OC)cc1)C(=O)C(F)(F)F
6516,CHEMBL5407856,4629.0,CC(C)N(C(=O)Oc1cccc2c(CN(C)CCC3CCCCCC3)c[nH]c12)C(C)C
3889,CHEMBL3823464,4630.0,Cc1cccc(CN2CCC(CC(=O)NCCc3c[nH]c4ccccc34)CC2)c1
4554,CHEMBL4214951,4630.0,CN(Cc1ccccc1)Cc1ccc(NC(=O)Cc2ccc(O)c(O)c2)cc1
2405,CHEMBL1262,4646.5,Clc1ccc(CO/N=C(\Cn2ccnc2)c2ccc(Cl)cc2Cl)c(Cl)c1
3946,CHEMBL3919086,4670.0,COc1cccc(/C=C/C(=O)Nc2ccc(CN(C)Cc3ccccc3)cc2)c1
3204,CHEMBL2158994,4680.0,CN(C)CCOc1ccc(C(=O)/C=C/c2ccccc2)cc1
5219,CHEMBL4756828,4680.0,O=C(N/N=C/c1ccc(O)cc1O)N1CCN(c2ccccn2)CC1
6824,CHEMBL5563454,4690.0,CCOc1cc2c(cc1OCC)-c1c(-c3ccc(Cl)cc3)c(/C=N/c3ccc(/N=C/c4c(-c5ccc(Cl)cc5)c5n(c4-c4ccccc4)CCc4cc(OC)c(OC)cc4-5)cc3)c(-c3ccccc3)n1CC2
5588,CHEMBL4782832,4700.0,CCN(CC)CCCCOc1ccc(/C=C/C(=O)c2c(O)cc(OCCCCN(CC)CC)cc2O)cc1
5308,CHEMBL4795876,4700.0,NC(=O)c1sc(-c2ccnc(NC(=O)C3CC3)c2)nc1OCCC1CCN(Cc2cccc(F)c2)CC1
7112,CHEMBL6149526,4700.0,CC1=CC(=O)[C@@](C)(O)C(=O)/C1=C\Nc1ccc(Oc2ccc(C#N)cc2)cc1
3113,CHEMBL3263734,4700.0,COc1ccccc1CN(C)Cc1ccc(C(=O)NCCc2c[nH]c3ccccc23)cc1
4667,CHEMBL4288571,4720.0,O=C1/C(=C/c2ccc(OCCCN3CCN(Cc4ccccc4)CC3)cc2)COc2ccccc21
2948,CHEMBL3115030,4730.0,COc1ccccc1/C=C1\CN(C(=O)[C@@H]2CCN(C)[C@]23C(=O)Nc2ccccc23)C[C@]2(C1=O)[C@H](c1ccccc1OC)CN(C)[C@]21C(=O)Nc2ccccc21
6505,CHEMBL4451532,4730.0,COc1cc2oc(-c3ccc(NCCNc4c5c(nc6cc(Cl)ccc46)CCCC5)cc3)cc(=O)c2c(OC)c1OC
6506,CHEMBL5417332,4730.0,CCN(C)C(=O)Oc1ccc(-c2cc(=O)c3c(O)c(O)c(OC(=O)N[C@@H](Cc4ccccc4)C(=O)OC(C)(C)C)cc3o2)cc1
6533,CHEMBL5415210,4750.0,COc1ccc2sc3c([N+](=O)[O-])ccc(NCC[C@@H]4CCCN5CCCC[C@H]45)c3c(=O)c2c1
6142,CHEMBL5174709,4760.0,CCC(c1ccc(O)c(OC)c1)c1ccc(OC)cc1O
3424,CHEMBL3582200,4770.0,CN1CCN(c2cccc(-c3cnc4[nH]c5cnc(C#N)cc5c4c3)c2)CC1
5220,CHEMBL4798846,4780.0,Cc1ccc(/C=N/NC(=O)N2CCN(c3ccccn3)CC2)cc1
1460,CHEMBL574746,4780.0,CC1=CC2Cc3nc4oc(C)c(C)c4c(N)c3C(C1)C2
5727,CHEMBL4878878,4790.0,Cl.Nc1c2c(nc3ccc(Br)cc13)CCCC2
4098,CHEMBL4090413,4800.0,COc1cc(/C=C/C(=O)Nc2ccccc2)ccc1OCCCCCN1CCCCC1
1941,CHEMBL1085018,4800.0,O=[N+]([O-])c1ccc2c(Nc3ccccc3)c3c(nc2c1)CCCC3
5116,CHEMBL4454571,4800.0,Oc1ccc(/C=N/C2CCN(Cc3ccccc3)CC2)cc1
388,CHEMBL61506,4800.0,O=[N+]([O-])c1ccc2c(NCc3ccccc3)c3c(nc2c1)CCCC3
5218,CHEMBL4793006,4810.0,O=C(N/N=C/c1ccc(O)cc1)N1CCN(c2ccccn2)CC1
6273,CHEMBL5276920,4850.0,COc1cc2c(cc1OC)/C(=N\NC(=O)CCNC(=O)C(C)c1ccc(CC(C)C)cc1)C(CC1CCN(Cc3ccccc3)CC1)C2
3764,CHEMBL3765162,4850.0,N#CC1=C(N)N2CCNC2=C([N+](=O)[O-])C12C(=O)Nc1ccccc12
3987,CHEMBL3890758,4870.0,COc1cc2c(cc1OC)C(=O)C(CC1CCN(Cc3ccccc3C(F)(F)F)CC1)C2
4404,CHEMBL4172587,4880.0,COc1cc2c(cc1OC)C(=O)/C(=C/C1CCN(Cc3cc(N=[N+]=[N-])c4ccccc4n3)CC1)C2
7003,CHEMBL6142105,4880.0,O=C1CCOc2ccc(OCCN3CCCCCC3)cc21
5611,CHEMBL4789794,4890.0,COc1cc(/C=C/C(=O)NCC(=O)Nc2ccc3ncccc3c2)ccc1O
504,CHEMBL45005,4900.0,Cc1ccccc1C
521,CHEMBL156710,4900.0,COc1cc(C)cc(OC)c1OC
520,CHEMBL58521,4900.0,Cc1ccc(N)cc1
3258,CHEMBL3335047,4900.0,COc1cccc(CC2CCN(CCCOc3ccc4c5c(c(=O)oc4c3)CCCC5)CC2)c1
502,CHEMBL346605,4900.0,Cc1ccc(F)cc1
538,CHEMBL9113,4900.0,Cc1ccccc1
519,CHEMBL345698,4900.0,Cc1cccc(F)c1
539,CHEMBL155320,4900.0,Cc1ccc([N+](=O)[O-])cc1
5083,CHEMBL4574766,4900.0,O=C1c2ccccc2C(=O)N1Cc1cn(CC2CCN(Cc3ccccc3)CC2)nn1
4721,CHEMBL4287340,4900.0,CCN1CCN(C2CCN(C(=O)COc3ccc4c(c3)CCC4=O)CC2)CC1
514,CHEMBL273904,4900.0,COc1ccc(C)cc1OC
543,CHEMBL298312,4900.0,Cc1cccc(O)c1
509,CHEMBL286727,4900.0,Cc1cccc(C)c1
505,CHEMBL31561,4900.0,Cc1ccc(C)cc1
557,CHEMBL114059,4900.0,Cc1cccc([N+](=O)[O-])c1
542,CHEMBL16645,4900.0,Cc1ccc(O)cc1
526,CHEMBL154155,4900.0,COc1ccc(C)cc1
3359,CHEMBL3407584,4900.0,C#CCNCc1cc2cc(OCCCC3CCN(Cc4ccccc4)CC3)ccc2[nH]1
554,CHEMBL349791,4900.0,COc1cccc(C)c1
529,CHEMBL352215,4900.0,Cc1ccccc1F
5084,CHEMBL4438642,4920.0,COc1cc2c(cc1OC)C(=O)C(Cc1cn(CC3CCN(Cc4ccccc4)CC3)nn1)C2
6609,CHEMBL5424767,4927.0,CCOP(=O)(OCC)C(Nc1ccccc1C(F)(F)F)c1ccc(OCc2nc3ccccc3c(=O)n2-c2ccc(F)cc2)c(OC)c1
1545,CHEMBL597405,4930.0,CCN(Cc1ccccc1)Cc1ccc(/C=C2\Cc3ccc(OC)cc3C2=O)cc1
2940,CHEMBL3115038,4930.0,CN1CC[C@@H](C(=O)N2C/C(=C\c3cccc4ccccc34)C(=O)[C@@]3(C2)[C@H](c2cccc4ccccc24)CN(C)[C@]32C(=O)Nc3ccccc32)[C@@]12C(=O)Nc1ccccc12
3891,CHEMBL3822670,4940.0,Cc1ccc(CN2CCC(CC(=O)NCCc3c[nH]c4ccccc34)CC2)cc1
939,CHEMBL365136,4940.0,CNC(=O)Oc1cccc(CN(C)CCCCCCCOc2ccc3c(c2)CC/C(=C\c2cc(OC)c(OC)c(OC)c2)C3=O)c1
3089,CHEMBL3262658,4990.0,CCN(CC)CCCCCCOc1ccc(CC2NCCc3cc(OC)c(OC)cc32)cc1
4354,CHEMBL4067388,4990.0,CCOC(=O)CC[C@H](NC(=O)OCc1ccccc1)C(=O)NCCC1CCN(Cc2ccccc2)CC1
5374,CHEMBL3621413,5000.0,COc1ccc2cc3[n+](cc2c1OCc1ccccc1)CCc1cc2c(cc1-3)OCO2.[Br-]
6261,CHEMBL5270046,5000.0,O=c1c(/C=N/Nc2ccc(C(F)(F)F)cc2)coc2c1ccc1oc(-c3ccc(Cl)cc3)cc12
1523,CHEMBL592857,5000.0,COC(=O)C1=C(C)OP(=O)(OC)CC1
2197,CHEMBL1128,5000.0,CC[N+](C)(C)c1cccc(O)c1.[Cl-]
3013,CHEMBL3220805,5000.0,C[C@@]12CC[C@@H]3[C@]4(CC[C@H]5[C@@]3(C)CCC[C@@]5(C)C(=O)OCC[N+](C)(C)CCCCCCCCC[N+](C)(C)CCOC(=O)[C@]3(C)CCC[C@@]5(C)[C@@H]6CC[C@@]7(C)C[C@]6(CC[C@@H]53)C[C@H]7OC(=O)CCCCCCCCC(=O)O[C@@H]1C4)C2.[Br-].[Br-]
4871,CHEMBL4545210,5000.0,COc1cc2c(cc1OC)-c1cc(OCCN3CCCCC3)nc(=O)n1CC2
4111,CHEMBL4062593,5050.0,CCOC(=O)/C=C/c1ccc(OCCCCCCN2CCCC2)c(OC)c1
2608,CHEMBL2206900,5070.0,Nc1c2c(nc3c1C(c1ccc(Cl)c(Cl)c1)c1ccc4ccccc4c1O3)CCCC2
5813,CHEMBL4855388,5070.0,c1ccc(CN2CCC(c3cc4ccccc4o3)CC2)cc1
6799,CHEMBL5565570,5070.0,Cl.Nc1c2c(nc3ccc(Oc4ccc(Cl)cc4)cc13)CCC2
2742,CHEMBL2380671,5080.0,O=C1/C(=C/c2ccccc2Cl)CN(C(=O)[C@H]2C[C@H]3CCCN3[C@]23C(=O)Nc2cc(Cl)ccc23)C/C1=C\c1ccccc1Cl
6967,CHEMBL6054495,5090.0,COc1cc(N)c(I)cc1C(=O)NCC1CCN(CC2CCCCC2)CC1
3699,CHEMBL3752232,5100.0,CCNCc1cccc2[nH]c3cc(Cl)ccc3c12
3968,CHEMBL577016,5100.0,CCSc1nc2sc3c(c2c(=O)n1-c1ccccc1)CCN(Cc1ccccc1)C3
1457,CHEMBL573094,5100.0,CCC1=CC2Cc3nc4cc(OC)c(OC)cc4c(N)c3C(C1)C2
3622,CHEMBL3628064,5100.0,COc1ccc2[nH]cc(CCNC(=O)c3cc[n+](Cc4ccc(F)cc4)cc3)c2c1.[Br-]
5586,CHEMBL4777899,5100.0,O=C(/C=C/c1ccc(OCCCCN2CCCCC2)cc1)c1c(O)cc(OCCCCN2CCCCC2)cc1O
4681,CHEMBL4283814,5100.0,Cc1ccc(NC(=O)c2cc(=O)c3cc(/C=C/C(=O)O)ccc3o2)cc1
3110,CHEMBL3263731,5100.0,CN(Cc1ccc(C(=O)NCCc2c[nH]c3ccccc23)cc1)Cc1cccc(Cl)c1
3783,CHEMBL3770978,5100.0,COc1ccc(C(=O)N2c3ccccc3[Se]c3ccccc32)cc1OC
2096,CHEMBL1289942,5120.0,COc1cc2c(cc1OC)C(=O)C1(C2)C(c2ccccc2)C(c2ccccc2)NC12C(=O)Nc1ccccc12
2958,CHEMBL3115042,5120.0,C=CC(=O)N1C/C(=C\c2ccccc2Cl)C(=O)[C@@]2(C1)[C@H](c1ccccc1Cl)CN(C)[C@]21C(=O)Nc2ccccc21
5686,CHEMBL3920563,5130.0,COc1cccc2c1C=[N+](c1cccc(C#N)c1)CC2.[Br-]
6018,CHEMBL5186394,5140.0,COc1ccc(C(=O)Cc2ncc(C(=O)N(C)CCCOc3c(F)c(F)c(F)c(F)c3F)cn2)cc1
2931,CHEMBL3112614,5150.0,COc1cc2[se]n(-c3ccc(OCCCN4CCCCC4)cc3)c(=O)c2cc1OC
2155,CHEMBL1128,5170.0,CC[N+](C)(C)c1cccc(O)c1.[Cl-]
2922,CHEMBL1128,5170.0,CC[N+](C)(C)c1cccc(O)c1.[Cl-]
5736,CHEMBL4857870,5180.0,Cl.Nc1c2c(nc3c(Br)cc(Br)cc13)CCCC2
6111,CHEMBL5184301,5180.0,CCN1CCN(c2ccc(-c3nc4ccccc4[nH]3)cc2)CC1
3609,CHEMBL3623565,5190.0,CCC(CC)n1cc(C(=O)CF)cn1
6346,CHEMBL5284235,5190.0,COc1ccc2c(c1)c(C=O)cn2CCCCCCCCCN(C)Cc1cccc(O)c1
2947,CHEMBL3115031,5190.0,CN1CC[C@@H](C(=O)N2C/C(=C\c3ccccc3Cl)C(=O)[C@@]3(C2)[C@H](c2ccccc2Cl)CN(C)[C@]32C(=O)Nc3ccccc32)[C@@]12C(=O)Nc1ccccc12
351,CHEMBL61929,5200.0,COc1cc2nc3c(c(N)c2cc1OC)CCCC3
6456,CHEMBL5286183,5200.0,Cc1ccc(NCC[C@@H]2CCCN3CCCC[C@H]23)c2c(=O)c3ccccc3sc12
2095,CHEMBL1288822,5200.0,COc1ccc(C2C(c3ccccc3)NC3(C(=O)Nc4ccccc43)C23Cc2cc(OC)c(OC)cc2C3=O)cc1OC
2874,CHEMBL2441670,5200.0,COc1cc2c(cc1OC)C[N+](C)(CCCCc1cccc(OC)[n+]1C)CC2.O=S(=O)([O-])C(F)(F)F.O=S(=O)([O-])C(F)(F)F
1936,CHEMBL61929,5200.0,COc1cc2nc3c(c(N)c2cc1OC)CCCC3
422,CHEMBL149542,5210.0,C#CCC(CCC)OC[n+]1ccn(C)c1/C=N/O.[Cl-]
5171,CHEMBL4642959,5220.0,COc1ccccc1C1C([N+](=O)[O-])C(Cc2c[nH]cn2)NC12c1ccccc1-c1nc3ccccc3nc12
6047,CHEMBL5173420,5220.0,Cc1cccc2sc(NC(=O)CCN3CCN(Cc4ccccc4F)CC3)nc12
5656,CHEMBL4796157,5230.0,COc1cccc2cc[n+](-c3ccccc3Br)cc12.[Br-]
5690,CHEMBL3902616,5230.0,COc1cccc([N+]2=Cc3c(cccc3OC)CC2)c1.[Br-]
5234,CHEMBL4752466,5240.0,Cc1cccc(-c2nnc(N3CCN(c4ccccn4)CC3)o2)c1
4954,CHEMBL4453331,5240.0,COc1ccc(NCc2ccc(Oc3c(N)cccc3Cl)cc2)cc1
1206,CHEMBL391918,5242.0,CC1=N[C@H]2CC=C3C[C@H]4C(=O)C[C@]5(C)[C@@H]([C@H](C)N(C)C)[C@H](O)C[C@@]5(C)[C@@H]4CC[C@H]3[C@]2(C)CO1
6796,CHEMBL5573526,5250.0,COc1cccc(Oc2ccc3nc4c(c(N)c3c2)CCC4)c1.Cl
6916,CHEMBL5189796,5270.0,Nc1n[nH]c2nc(-c3ccccc3)cc(-c3ccccc3)c12
6795,CHEMBL5573311,5280.0,Cc1cccc(Oc2ccc3nc4c(c(N)c3c2)CCC4)c1.Cl
6025,CHEMBL395280,5280.0,C/C=C1\[C@H]2C=C(C)C[C@]1(N)c1ccc(=O)[nH]c1C2
4515,CHEMBL4167753,5280.0,Nc1c2c(nc3c1C(c1ccc(Cl)cc1)NC(=S)N3)CCCC2
2520,CHEMBL2018161,5290.0,COc1ccc2c(ccc[n+]2Cc2ccccc2)c1.[I-]
3595,CHEMBL3623565,5290.0,CCC(CC)n1cc(C(=O)CF)cn1
4186,CHEMBL4074566,5300.0,N#CC1=C(N)N(Cc2ccccc2)C(NCc2ccccc2)=C([N+](=O)[O-])C12c1ccccc1-c1nc3ccccc3nc12
5582,CHEMBL4792248,5300.0,CC1c2ccccc2CCN1CCCCOc1ccc(-c2coc3cc(OCCCCN4CCc5ccccc5C4C)cc(O)c3c2=O)cc1
5804,CHEMBL4878924,5300.0,COc1ccc2c(c1)c1c[n+](C)ccc1n2CCC(=O)N1c2ccccc2Sc2ccccc21.[I-]
5393,CHEMBL4762533,5300.0,COc1ccc(COc2c(OC)ccc3cc4[n+](cc23)CCc2cc3c(cc2-4)OCO3)cc1.[Br-]
5715,CHEMBL4856181,5320.0,COc1cc(/C=C/C(=O)NCCC(=O)Nc2ccc(Cl)cc2)ccc1O
3884,CHEMBL3818250,5320.0,COc1cc(CCC(=O)NCCC2CCN(Cc3ccccc3)CC2)ccc1O
5659,CHEMBL4786368,5330.0,COc1cccc2cc[n+](-c3ccccc3Cl)cc12.[Br-]
4475,CHEMBL4101303,5339.0,COc1cc2c(cc1OC)C(=O)C(CC1C=CN(Cc3cccc(Cl)c3)C=C1C(N)=O)C2
2956,CHEMBL3115044,5340.0,C=CC(=O)N1C/C(=C\c2cccc([N+](=O)[O-])c2)C(=O)[C@@]2(C1)[C@H](c1cccc([N+](=O)[O-])c1)CN(C)[C@]21C(=O)Nc2ccccc21
2800,CHEMBL2419685,5350.0,N#Cc1cc(C#N)c(NC2CCN(Cc3ccccc3)CC2)nc1Cl
6610,CHEMBL5433166,5353.0,CCOP(=O)(OCC)C(Nc1ccccc1C)c1ccc(OCc2nc3ccccc3c(=O)n2-c2ccc(F)cc2)c(OC)c1
6524,CHEMBL5428978,5354.0,C#CCN(C(=O)Oc1cccc2c(CN(C)CCC3CCCCCC3)c[nH]c12)C(C)C
6812,CHEMBL5571191,5360.0,Cl.Nc1c2c(nc3ccc(Oc4ccccc4)cc13)CCCCC2
1530,CHEMBL597795,5380.0,COc1ccc2c(c1)C(=O)/C(=C/c1ccc(CN(C)Cc3ccccc3)cc1)CC2
6592,CHEMBL5406712,5390.0,CC(=O)n1c2c(c3ccccc31)Oc1nc(C)[nH]c(=O)c1C2c1ccccc1
3114,CHEMBL3263735,5400.0,COc1ccc2[nH]cc(CCNC(=O)c3ccc(CN(C)Cc4ccccc4OC)cc3)c2c1
3788,CHEMBL3770569,5400.0,O=C(c1ccccc1)N1c2ccccc2[Se]c2ccccc21
6415,CHEMBL5270046,5400.0,O=c1c(/C=N/Nc2ccc(C(F)(F)F)cc2)coc2c1ccc1oc(-c3ccc(Cl)cc3)cc12
4874,CHEMBL3323053,5400.0,O=c1c2cc(OCCCN3CCCCC3)ccc2nc2n1CCC2
6414,CHEMBL5288184,5400.0,COc1ccc(-c2cc3cc4c(=O)c(/C=N/Nc5ccc(C(F)(F)F)cc5)coc4cc3o2)cc1
6250,CHEMBL5220884,5400.0,Cn1ccc2cc(-c3cnc4ccc(C(=O)N5CCCCC5)cc4n3)ccc2c1=O
1787,CHEMBL1085019,5400.0,Cc1cc(-c2ccccc2)nnc1NCCN1CCCCC1
5865,CHEMBL4854555,5412.0,COc1ccc2[nH]cc(CCNC(=O)Cn3cc(CN4CC[C@@]56C=C[C@H](O)C[C@@H]5Oc5c(OC)ccc(c56)C4)nn3)c2c1
4561,CHEMBL4216806,5420.0,CN(Cc1ccccc1)Cc1ccc(NC(=O)/C=C/c2ccc(O)c(O)c2)cc1
3989,CHEMBL3892502,5430.0,COc1cc2c(cc1OC)C(=O)C(CC1CCN(Cc3ccc(C(F)(F)F)cc3)CC1)C2
4687,CHEMBL4286806,5430.0,CCN(CC)CCOC(=O)/C=C/c1ccc2occ(C(=O)Nc3ccc(OC)cc3)c(=O)c2c1
1358,CHEMBL450506,5470.0,CCN(CCCCCC(=O)N[C@H]1CCCC[C@@H]1NC(=O)CCCCCN(CC)Cc1ccccc1OC)Cc1ccccc1OC
6203,CHEMBL4758581,5500.0,Cc1c(Nc2ccc(S(=O)(=O)N3CCN(C)CC3)cc2F)nc2ccc(Nc3cnn(C4CC4)c3)cn2c1=O
1028,CHEMBL383242,5500.0,COc1ccc(CC2=[N+](C)CCc3cc(OC)c(OC)cc32)cc1OC
2842,CHEMBL2441670,5500.0,COc1cc2c(cc1OC)C[N+](C)(CCCCc1cccc(OC)[n+]1C)CC2.O=S(=O)([O-])C(F)(F)F.O=S(=O)([O-])C(F)(F)F
2209,CHEMBL1084210,5500.0,c1ccc2c(CNc3ccnc(N4CCCC4)n3)cccc2c1
1005,CHEMBL381782,5510.0,Cc1ccccc1NC(=O)Oc1ccc2c(c1)[C@@]1(C)CCN(C)[C@H]1N2C
6344,CHEMBL5272675,5540.0,COc1ccc2c(c1)c(C=O)cn2CCCCCCCN(C)Cc1cccc(O)c1
5531,CHEMBL4778925,5540.0,CCc1ccc(NC(=O)COc2c(Cl)cc(Cl)cc2S(=O)(=O)N2CCN(C(=O)c3ccco3)CC2)cc1
6526,CHEMBL5435599,5560.0,CN(CCC1CCCCCC1)Cc1c[nH]c2c(OC(=O)N(C)N(C)C)cccc12
7004,CHEMBL4776765,5580.0,O=c1ccoc2ccc(OCCCCN3CCCCC3)cc12
6263,CHEMBL4776765,5580.0,O=c1ccoc2ccc(OCCCCN3CCCCC3)cc12
5498,CHEMBL4776765,5580.0,O=c1ccoc2ccc(OCCCCN3CCCCC3)cc12
5997,CHEMBL4776765,5580.0,O=c1ccoc2ccc(OCCCCN3CCCCC3)cc12
7196,CHEMBL4778747,5580.0,O=c1ccoc2ccc(OCCCN3CCCCC3)cc12
3101,CHEMBL3262672,5590.0,COc1cc2c(cc1OC)C(Cc1ccc(OCCCCCCN3CCN(Cc4ccccc4)CC3)cc1)NCC2
6515,CHEMBL5405929,5590.0,CCN(CC)C(=O)Oc1cccc2c(CN(C)CCC3CCCCCC3)c[nH]c12
3111,CHEMBL3263732,5600.0,COc1ccc2[nH]cc(CCNC(=O)c3ccc(CN(C)Cc4cccc(Cl)c4)cc3)c2c1
6443,CHEMBL636,5600.0,CCN(C)C(=O)Oc1cccc([C@H](C)N(C)C)c1
2449,CHEMBL1916475,5600.0,CCCOCCn1c(=O)nc(NC2CCC(O)CC2)c2nnc(-c3ccc(OC)nc3)cc21
4138,CHEMBL4083524,5600.0,CCCNc1nc(NCc2ccc(OC)c(OC)c2)c2ccccc2n1
3789,CHEMBL3769834,5600.0,c1ccc2c(c1)Nc1ccccc1[Se]2
2403,CHEMBL3183075,5614.6,CNC(=C[N+](=O)[O-])NCCSCc1csc(CN(C)C)n1
6614,CHEMBL5412970,5623.0,CCOP(=O)(OCC)C(Nc1ccccc1C(C)=O)c1ccc(OCc2nc3ccccc3c(=O)n2-c2ccc(F)cc2)c(OC)c1
5326,CHEMBL4755117,5628.0,Oc1ccc(/C=N\C2CCN(Cc3ccccc3)C2)cc1
5254,CHEMBL4785620,5640.0,Cc1cc(S(=O)(=O)N2CCOCC2)c(C(C)C)cc1O
6130,CHEMBL3752227,5650.0,CCN(CCCCCCCCc1cccc(OC)c1)Cc1ccccc1OC
4956,CHEMBL4568241,5650.0,COc1cccc(NCc2ccc(Oc3c(N)cccc3Cl)cc2)c1
3734,CHEMBL3752227,5650.0,CCN(CCCCCCCCc1cccc(OC)c1)Cc1ccccc1OC
346,CHEMBL99284,5654.5,CN1CC[C@]2(C)c3cc(OC(=O)Nc4ccccc4)ccc3NC12
6141,CHEMBL1831286,5660.0,CCC(c1ccc(O)c(OC)c1)c1cccc(O)c1O
5597,CHEMBL4786839,5680.0,COc1cc(/C=C/C(=O)NCC(=O)Nc2cccc(Cl)c2)ccc1O
127,CHEMBL350464,5680.0,CC/N=C1/CCc2c1n(C)c1ccc(OC(=O)NC)cc21
7070,CHEMBL6165742,5680.0,N/C(=N\O)c1cccc(NC(=O)Nc2ccc3ncccc3c2)c1
5216,CHEMBL4800161,5690.0,COc1cc(/C=N/NC(=O)N2CCN(c3ccccn3)CC2)cc(OC)c1OC
5726,CHEMBL4858061,5690.0,Cl.Nc1c2c(nc3ccc(Br)cc13)CCC2
6373,CHEMBL5274481,5690.0,Oc1cc(O)cc(Oc2cc(O)c(O)c3c2Oc2c(O)cc(Oc4c(O)cc(Oc5c(O)cc(O)c6c5Oc5c(O)cc(O)cc5O6)cc4O)cc2O3)c1
5015,CHEMBL4538398,5700.0,COc1ccc2nc3c(c(NCCNC(=O)[C@@H](N)Cc4c[nH]c5ccccc45)c2c1)CCCC3.Cl.Cl
4181,CHEMBL4091651,5700.0,Cc1cc2nc3c(nc2cc1C)C1(C(C#N)=C(N)N2CCCNC2=C1[N+](=O)[O-])c1ccccc1-3
3618,CHEMBL3628060,5700.0,Cc1ccc(C[n+]2ccc(C(=O)NCCc3c[nH]c4ccccc34)cc2)cc1.[Br-]
6078,CHEMBL5186470,5710.0,O=c1c2ccccc2nc2n1CC[C@@H]2[C@@H]1CCCN1
7119,CHEMBL6162409,5720.0,COc1cccc(-c2nc(SCCCSc3nc(N)c(C#N)c(-c4cccc(OC)c4)n3)nc(N)c2C#N)c1
5596,CHEMBL4783152,5720.0,COc1cc(/C=C/C(=O)NCC(=O)Nc2ccccc2Cl)ccc1O
5722,CHEMBL4799941,5740.0,COc1cc(/C=C/C(=O)NCC(=O)Nc2ccc3[nH]ccc3c2)ccc1O
5610,CHEMBL4799941,5740.0,COc1cc(/C=C/C(=O)NCC(=O)Nc2ccc3[nH]ccc3c2)ccc1O
2610,CHEMBL2206898,5740.0,Nc1c2c(nc3c1C(c1ccc([N+](=O)[O-])cc1)c1ccc4ccccc4c1O3)CCCC2
5593,CHEMBL4784479,5750.0,COc1cc(/C=C/C(=O)NCC(=O)Nc2ccccc2OC)ccc1O
6801,CHEMBL5565340,5760.0,CC(=O)c1ccc(Oc2ccc3nc4c(c(N)c3c2)CCC4)cc1.Cl
3945,CHEMBL3978533,5760.0,COc1ccc(/C=C/C(=O)Nc2ccc(CN(C)Cc3ccccc3)cc2)cc1
4893,CHEMBL4556651,5770.0,C=CCNC(=S)NNc1c2c(nc3ccccc13)CCCC2
4000,CHEMBL3889713,5780.0,COC(=O)c1cccc(CN2CCC(CC3Cc4cc(OC)c(OC)cc4C3=O)CC2)n1
3778,CHEMBL3770203,5800.0,COc1ccc(C(=O)N2c3ccccc3[Se]c3ccc(Cl)cc32)cc1
1304,CHEMBL259523,5800.0,CC[C@@]1(c2cccc(O)c2)CCCCN(CCCCCCCCCCN2CCCC[C@@](CC)(c3cccc(O)c3)C2)C1
2988,CHEMBL3127006,5800.0,CCN(CCCCCCOc1cc(O)c2c(=O)c(-c3ccc(O)cc3)coc2c1)Cc1ccccc1
4187,CHEMBL4095032,5800.0,Cc1cc2nc3c(nc2cc1C)C1(C(C#N)=C(N)N(Cc2ccccc2)C(NCc2ccccc2)=C1[N+](=O)[O-])c1ccccc1-3
6813,CHEMBL5571074,5800.0,Cc1ccccc1Oc1ccc2nc3c(c(N)c2c1)CCCCC3.Cl
3797,CHEMBL3770356,5800.0,COc1ccc(C(=O)N2c3ccccc3Sc3ccccc32)cc1OC
4551,CHEMBL4218997,5800.0,CN(Cc1ccccc1)Cc1ccc(NC(=O)Cc2ccccc2)cc1
2735,CHEMBL2380667,5810.0,O=C1/C(=C/c2cccc3ccccc23)CN(C(=O)[C@H]2C[C@H]3CCCN3[C@]23C(=O)Nc2cc(Cl)ccc23)C/C1=C\c1cccc2ccccc12
7213,CHEMBL6174871,5810.0,C#CCCCOc1c(CN2CCN(Cc3ccccc3)CC2)cc(-c2cc(=O)c3ccccc3o2)cc1OC
7085,CHEMBL6166202,5840.0,C[C@@H]1CC[C@]2(C(=O)O)CC[C@]3(C)C(=CC[C@@H]4[C@@]5(C)C[C@@H](OC(=O)CCc6ccccc6)[C@H](OC(=O)CCc6ccccc6)[C@@](C)(CO)[C@@H]5CC[C@]43C)[C@@H]2[C@]1(C)O
2390,CHEMBL64894,5847.0,CN(C)c1ccc(C(=C2C=CC(=[N+](C)C)C=C2)c2ccc(N(C)C)cc2)cc1.[Cl-]
4400,CHEMBL4128061,5850.0,O=C(Cc1cc(=O)oc2cc(O)ccc12)NCCCCCCCNC(=O)c1cccc2c(=O)c3ccccc3[nH]c12
3868,CHEMBL535,5870.0,CCN(CC)CCNC(=O)c1c(C)[nH]c(/C=C2\C(=O)Nc3ccc(F)cc32)c1C
1417,CHEMBL498536,5900.0,Oc1cccc(C2=Nc3ccccc3SC(c3cccs3)C2)c1
3792,CHEMBL1801816,5900.0,COc1ccc(C(=O)N2c3ccccc3Sc3ccc(Cl)cc32)cc1
2380,CHEMBL1834810,5900.0,CC[C@H](C)C(=O)OCCCc1cc(OC)c2oc(-c3ccc4c(c3)OCO4)cc2c1
1299,CHEMBL1190,5900.0,C[N+](C)(C)CCCCCCCCCC[N+](C)(C)C
3690,CHEMBL3735606,5900.0,COP1(=O)OCCC(C(=O)OC(C)(C)C)=C(C)O1
3777,CHEMBL3769537,5900.0,COc1cccc(C(=O)N2c3ccccc3[Se]c3ccc(Cl)cc32)c1
3216,CHEMBL3339001,5910.0,CCCN(CCC)CCCCOc1ccc(C(=O)/C=C/c2ccccc2)cc1
7089,CHEMBL6150852,5910.0,C[C@@H]1CC[C@]2(C(=O)O)CC[C@]3(C)C(=CC[C@@H]4[C@@]5(C)C[C@@H](OC(=O)c6ccc(Cl)cc6)[C@H](OC(=O)c6ccc(Cl)cc6)[C@@](C)(COC(=O)c6ccc(Cl)cc6)[C@@H]5CC[C@]43C)[C@@H]2[C@]1(C)O
4700,CHEMBL4289908,5920.0,CN(C)CCOC(=O)/C=C/c1ccc2oc(C(=O)Nc3cccc(Cl)c3)cc(=O)c2c1
1268,CHEMBL231160,5930.0,CCN(CCCCCCNC1=CC(=O)C(NCCCCCCN(CC)Cc2ccccc2OC)=CC1=O)Cc1ccccc1OC
4635,CHEMBL3824248,5950.0,O=C(CCc1c[nH]c2ccccc12)NCCC1CCN(Cc2ccccc2)CC1
4069,CHEMBL3944088,5960.0,CCOC(=O)C1=C(C)Nc2nc3c(c(N)c2C1c1cccc([N+](=O)[O-])c1)CC(C)(C)CC3
3744,CHEMBL3763417,5960.0,N#CC1=C(N)N(Cc2ccccc2)C(NCc2ccccc2)=C([N+](=O)[O-])C12C(=O)c1cccc3cccc2c13
3747,CHEMBL3763832,5980.0,CC1(C)CNC2=C([N+](=O)[O-])C3(C(=O)c4ccc(Br)c5c(Br)ccc3c45)C(C#N)=C(N)N2C1
4682,CHEMBL4279249,5990.0,O=C(O)/C=C/c1ccc2oc(C(=O)Nc3ccccc3)cc(=O)c2c1
3947,CHEMBL3945872,5990.0,COc1cc(/C=C/C(=O)Nc2cccc(CN(C)Cc3ccccc3)c2)ccc1O
2704,CHEMBL2332976,5990.0,O=C1/C(=C/c2cccc([N+](=O)[O-])c2)CN(C(=O)C[C@H]2C[C@H]3CCCN3[C@]23C(=O)Nc2ccccc23)C/C1=C\c1cccc([N+](=O)[O-])c1
238,CHEMBL340216,6000.0,COc1ccc2[nH]cc(/C=C3\CN(Cc4ccccc4)CCC3=O)c2c1
5316,CHEMBL4792678,6000.0,CNC(=O)c1sc(-c2ccnc(NC(=O)C3CC3)c2)nc1OCC1CCN(Cc2cccc([N+](=O)[O-])c2)CC1
4125,CHEMBL4059887,6000.0,COc1cc2c(cc1OC)C(=O)/C(=C/c1ccc(CN3CCOCC3)c(O)c1)O2
270,CHEMBL341251,6000.0,O=C1CCN(Cc2ccccc2)C/C1=C\c1cc[nH]c1
1270,CHEMBL590603,6000.0,Clc1cccc(Cl)c1CO/N=C/c1cc[n+](CCC[n+]2ccc(/C=N/OCc3c(Cl)cccc3Cl)cc2)cc1.[Br-].[Br-]
1092,CHEMBL225198,6000.0,O=C(CCc1c[nH]c2ccccc12)NCCCCCCCNc1c2c(nc3cc(Cl)ccc13)CCCC2
1520,CHEMBL604255,6000.0,COC(=O)C1=C(C)O[P@](=O)(OC)CC[C@H]1COCc1ccccc1
3470,CHEMBL3586602,6000.0,CN(Cc1ccc(C#N)cc1)Cc1ccc(COc2ccc3ccc(=O)oc3c2)cc1.Cl
3266,CHEMBL3335026,6000.0,COc1cccc(CN(C)CCOc2ccc3c4c(c(=O)oc3c2)CCCC4)c1
232,CHEMBL422971,6000.0,O=C1/C(=C/c2cc[nH]c2)CN(Cc2ccccc2)C/C1=C\c1cc[nH]c1
2192,CHEMBL1761998,6000.0,C(=C/C[n+]1cccc2ccccc21)\C[n+]1cccc2ccccc21.[Br-].[Br-]
3781,CHEMBL3770479,6000.0,O=C(c1ccccc1)N1c2ccccc2[Se]c2ccc(Cl)cc21
581,CHEMBL20339,6000.0,CCN(CC)CCS/C(=N\O)c1nc(-c2ccccc2)no1
6924,CHEMBL5639307,6010.0,COc1ccc(-c2cc(-c3cc(OC)c(OC)c(OC)c3)c3c(N)n[nH]c3n2)cc1
6598,CHEMBL5413533,6020.0,O=C1Nc2ccccc2C12NNC(Nc1cccc(Cl)c1)=C2[N+](=O)[O-]
7206,CHEMBL6171540,6040.0,C#CCCOc1c(CN2CCOCC2)cc(-c2cc(=O)c3ccccc3o2)cc1OCC
6571,CHEMBL5396214,6040.0,COC(=O)/C=C/C(=O)Nc1cccc(OCCCCSC(=S)N2CCCC2)c1
6615,CHEMBL5420040,6052.0,CCOP(=O)(OCC)C(Nc1cc(C)ccc1C)c1ccc(OCc2nc3ccccc3c(=O)n2-c2ccc(F)cc2)c(OC)c1
4412,CHEMBL1172893,6100.0,COc1cc2c(cc1OC)[C@@H]1[C@H](O)[C@@H](OC)C=C3CCN(C2)[C@H]31
3105,CHEMBL3263726,6100.0,COc1ccc2[nH]cc(CCNC(=O)c3ccc(CN(C)Cc4ccccc4)cc3)c2c1
3686,CHEMBL3735606,6100.0,COP1(=O)OCCC(C(=O)OC(C)(C)C)=C(C)O1
2381,CHEMBL1834811,6100.0,CC[C@H](C)C(=O)OCCCc1ccc2oc(-c3ccc4c(c3)OCO4)cc2c1
2091,CHEMBL1288821,6100.0,COc1ccc(C2CN(C)C3(C(=O)Nc4ccc([N+](=O)[O-])cc43)C23Cc2cc(OC)c(OC)cc2C3=O)cc1OC
4638,CHEMBL4282414,6110.0,Cn1cc(C(=O)NCCC2CCN(Cc3ccccc3)CC2)c2ccccc21
6997,CHEMBL244743,6130.0,O=c1ccc2cc(O)c(O)cc2o1
2955,CHEMBL3115045,6140.0,C=CC(=O)N1C/C(=C\c2ccc(Cl)cc2Cl)C(=O)[C@@]2(C1)[C@H](c1ccc(Cl)cc1Cl)CN(C)[C@]21C(=O)Nc2ccccc21
765,CHEMBL1788296,6140.0,CCN(C)C(=O)Oc1ccc2c(c1)[C@H](N)CC2.Cl
2942,CHEMBL3115036,6140.0,CN1CC[C@@H](C(=O)N2C/C(=C\c3ccc(Cl)cc3)C(=O)[C@@]3(C2)[C@H](c2ccc(Cl)cc2)CN(C)[C@]32C(=O)Nc3ccccc32)[C@@]12C(=O)Nc1ccccc12
3310,CHEMBL3356529,6150.0,COc1ccc2nc3c(c(NCCCNC4=CC(=O)c5ccccc5C4=O)c2c1)CCCC3
4423,CHEMBL4168710,6160.0,COc1ccccc1CNCCCCCOC(=O)Nc1cc(Cl)nc(Cl)c1
2946,CHEMBL3115032,6180.0,CN1CC[C@@H](C(=O)N2C/C(=C\c3ccccc3F)C(=O)[C@@]3(C2)[C@H](c2ccccc2F)CN(C)[C@]32C(=O)Nc3ccccc32)[C@@]12C(=O)Nc1ccccc12
5798,CHEMBL4864593,6200.0,O=C(CCn1c2ccncc2c2cc(F)ccc21)N1c2ccccc2Sc2ccccc21
3256,CHEMBL3335049,6200.0,COc1cccc(CN2CCN(CCCOc3ccc4c5c(c(=O)oc4c3)CCCC5)CC2)c1
3798,CHEMBL1327885,6200.0,COc1cccc(C(=O)N2c3ccccc3Sc3ccccc32)c1
3784,CHEMBL3769833,6200.0,COc1cccc(C(=O)N2c3ccccc3[Se]c3ccccc32)c1
3776,CHEMBL3769555,6200.0,COc1ccc(C(=O)N2c3ccccc3[Se]c3ccc(Cl)cc32)cc1OC
3772,CHEMBL51085,6200.0,O=c1c2ccccc2[se]n1-c1ccccc1
4107,CHEMBL4093019,6210.0,COc1cc(/C=C/C(=O)Nc2ccccc2)ccc1OCCCCCN1CCCC1
759,CHEMBL151388,6220.0,CCN(C)C(=O)Oc1ccc2c(c1)C(N)CCC2
6351,CHEMBL5286006,6230.0,COc1ccc2c(c1)c(C=O)cn2CCCCCCCCCN(C)Cc1ccc(O)cc1
3748,CHEMBL3765098,6240.0,N#CC1=C(N)N(Cc2ccccc2)C(NCc2ccccc2)=C([N+](=O)[O-])C12C(=O)c1ccc(Br)c3c(Br)ccc2c13
7069,CHEMBL6133267,6240.0,N/C(=N\O)c1cccc(NC(=O)Nc2ccc3[nH]ccc3c2)c1
1123,CHEMBL225611,6250.0,CN(CCCCOc1ccc2c(=O)c3ccccc3oc2c1)Cc1ccccc1
2642,CHEMBL427249,6250.0,CN(CCCCCOc1ccc2c(=O)c3ccccc3oc2c1)Cc1ccccc1
180,CHEMBL133441,6262.0,Nc1c2c(nc3ncccc13)OCCC2
2965,CHEMBL3116296,6300.0,O=[N+]([O-])c1ccc2c(c1)c(OCc1ccc3ccccc3c1)nn2Cc1ccccc1
302,CHEMBL612099,6300.0,CN(C(=O)NCc1ccccc1)C(=O)Oc1ccc2c(c1)[C@]1(C)CCN(C)C1N2C
3192,CHEMBL3360758,6300.0,COC(=O)CC1=NO[C@@H]2[C@H]3CC[C@H](C3)[C@@H]2[C@H]1c1ccccc1
4764,CHEMBL4282163,6300.0,Cl.Cl.Nc1ccc(O)c(CN2CCCC2)c1
755,CHEMBL2093017,6300.0,C#CCN(C)[C@@H](C)Cc1cccc(OC(=O)N(C)C2CCCCC2)c1
3799,CHEMBL239618,6300.0,COc1ccc(C(=O)N2c3ccccc3Sc3ccccc32)cc1
4160,CHEMBL4077088,6300.0,CCNc1nc(NCc2ccc(OC)c(OC)c2)c2ccccc2n1
3779,CHEMBL3770577,6300.0,O=C(CCc1ccccc1)N1c2ccccc2[Se]c2ccc(Cl)cc21
3782,CHEMBL3769862,6300.0,Clc1ccc2c(c1)Nc1ccccc1[Se]2
5087,CHEMBL636,6330.0,CCN(C)C(=O)Oc1cccc([C@H](C)N(C)C)c1
1632,CHEMBL75649,6360.0,O=C(CCC1CCN(Cc2ccc(Cl)cc2)CC1)c1ccc2c(c1)CCN2
6470,CHEMBL5272474,6360.0,CN(C)CCCCN1N=C2c3sccc3CCC2CC1=O
3745,CHEMBL3764065,6370.0,N#CC1=C(N)N2CCNC2=C([N+](=O)[O-])C12C(=O)c1ccc(Br)c3c(Br)ccc2c13
6168,CHEMBL5198724,6381.0,Cc1ccc2nc3c(c(NCCN4CCN(Cc5ccccc5)CC4)c2c1)CCCC3
3972,CHEMBL3957099,6390.0,S=C1/C(=C/c2ccccc2)Oc2ccccc21
5341,CHEMBL4763724,6392.0,Cc1ccc(CNC2CCN(Cc3ccccc3)C2)cc1
4142,CHEMBL3262251,6400.0,CC(C)Nc1nc(NCc2ccccc2)c2ccccc2n1
4177,CHEMBL4099598,6400.0,N#CC1=C(N)N2CCNC2=C([N+](=O)[O-])C12c1ccccc1-c1nc3ccccc3nc12
3251,CHEMBL3335054,6400.0,O=c1oc2cc(OCCCCN3CCN(Cc4ccccc4)CC3)ccc2c2c1CCCC2
3790,CHEMBL3770071,6400.0,COc1ccc(C(=O)N2c3ccccc3Sc3ccc(Cl)cc32)cc1OC
5260,CHEMBL659,6400.0,COc1ccc2c3c1O[C@H]1C[C@@H](O)C=C[C@@]31CCN(C)C2
3787,CHEMBL3769811,6400.0,O=C(Cc1ccccc1)N1c2ccccc2[Se]c2ccccc21
6021,CHEMBL5171010,6400.0,CCOc1ccc(C(=O)Cc2ncc(C(=O)N(C)CCCOc3ccc([N+](=O)[O-])cc3)cn2)cc1
4358,CHEMBL4086191,6400.0,O=C(CC[C@H](NC(=O)c1c[nH]c2ccccc12)C(=O)O)NCCC1CCN(Cc2ccccc2)CC1
2769,CHEMBL1079905,6400.0,CCCn1cnc2c1c(=O)n(CCCCC(C)=O)c(=O)n2C
7080,CHEMBL6144638,6410.0,N/C(=N\O)c1ccc(NC(=O)Nc2cccc(Br)c2)cc1
6792,CHEMBL5591282,6420.0,Cl.Nc1c2c(nc3ccc(Oc4ccccc4)cc13)CCC2
3867,CHEMBL3819036,6440.0,O=C(CCCCCCCCc1ccc(O)cc1)c1c(O)cc(O)cc1O
1461,CHEMBL583776,6450.0,CCC1=CC2Cc3nc4oc(C)c(C)c4c(N)c3C(C1)C2
2764,CHEMBL164660,6480.0,O=c1ccc2cc3ccoc3cc2o1
4861,CHEMBL4582736,6500.0,COc1ccc(C2=NN(C(C)=O)C(c3ccc(N4CCN(C)CC4)cc3)C2)cc1OC
4179,CHEMBL4083875,6500.0,N#CC1=C(N)N2CCNC2=C([N+](=O)[O-])C12c1ccccc1-c1nc3ccc([N+](=O)[O-])cc3nc12
5831,CHEMBL636,6500.0,CCN(C)C(=O)Oc1cccc([C@H](C)N(C)C)c1
4167,CHEMBL1201092,6500.0,CCN(C)C(=O)Oc1cccc([C@H](C)N(C)C)c1.O=C(O)[C@H](O)[C@@H](O)C(=O)O
4553,CHEMBL4207876,6500.0,CCN(Cc1ccccc1)Cc1ccc(NC(=O)Cc2ccc(O)cc2)cc1
3780,CHEMBL3770803,6500.0,O=C(Cc1ccccc1)N1c2ccccc2[Se]c2ccc(Cl)cc21
2393,CHEMBL1200623,6504.0,CC[C@]1(O)CC[C@H]2[C@@H]3CCC4=CCCC[C@@H]4[C@H]3CC[C@@]21C
6989,CHEMBL6145098,6550.0,C=CCc1ccc(O)c(-c2cc(CC=C)cc(-c3cc(CC=C)ccc3O)c2O[C@@H]2C[C@@H](C(C)C)C=C[C@]2(C)O)c1
6830,CHEMBL5574703,6560.0,CN(Cc1ccc(COc2ccc3c(CO)cc(=O)oc3c2)cc1)Cc1nccs1
2632,CHEMBL2237993,6580.0,Nc1cc(-c2ccc(F)cc2)nc2nc(-c3ccccc3)cc(C(F)(F)F)c12
3742,CHEMBL3764900,6590.0,N#CC1=C(N)N2CCCNC2=C([N+](=O)[O-])C12C(=O)c1cccc3cccc2c13
4178,CHEMBL4062146,6600.0,Cc1cc2nc3c(nc2cc1C)C1(C(C#N)=C(N)N2CCNC2=C1[N+](=O)[O-])c1ccccc1-3
2089,CHEMBL1289506,6600.0,COc1cc2c(cc1OC)C(=O)C1(C2)C(c2ccccc2Cl)CN(C)C12C(=O)Nc1ccc(Cl)cc12
4143,CHEMBL4067481,6600.0,c1ccc(CNc2nc(NC3CC3)nc3ccccc23)cc1
2770,CHEMBL628,6600.0,CC(=O)CCCCn1c(=O)c2c(ncn2C)n(C)c1=O
4227,CHEMBL4104459,6600.0,CN1CC2C(=O)N(c3ccc([N+](=O)[O-])cc3)C(=O)C2C12C(=O)c1ccccc1C2=O
5468,CHEMBL4797045,6600.0,Cc1ccc([C@@H]2CN(C)C3(C(=O)c4ccccc4C3=O)[C@]23CSc2ccccc2C3=O)cc1
5310,CHEMBL4749550,6600.0,NC(=O)c1sc(-c2ccnc(NC(=O)C3CC3)c2)nc1OCCC1CCN(Cc2ccccn2)CC1
3646,CHEMBL3632849,6610.0,COc1ccc2nc3c(c(NCCCCCCNC(=O)C4(C)CCc5c(C)c(O)c(C)c(C)c5O4)c2c1)CCCC3
6835,CHEMBL5563417,6620.0,CN(CCc1cccs1)Cc1ccc(COc2ccc3c(CO)cc(=O)oc3c2)cc1
6975,CHEMBL636,6630.0,CCN(C)C(=O)Oc1cccc([C@H](C)N(C)C)c1
7074,CHEMBL636,6630.0,CCN(C)C(=O)Oc1cccc([C@H](C)N(C)C)c1
4129,CHEMBL4072914,6690.0,CCN(Cc1ccc(/C=C2\Oc3cc(OC)c(OC)cc3C2=O)cc1O)Cc1ccccc1N(C)C
4241,CHEMBL4101886,6700.0,c1ccc(CNc2c3c(nc4ccccc24)CCCC3)nc1
1015,CHEMBL206237,6700.0,CC(C)c1ccc(NC(=O)Oc2ccc3c(c2)[C@@]2(C)CCO[C@H]2O3)cc1
1994,CHEMBL1086358,6700.0,C/C(=N\O)c1ccc(Cl)c(NC(=O)c2c(-c3ccccc3Cl)noc2C)c1
3249,CHEMBL3335056,6700.0,CN(CCOc1ccc2c(c1)oc(=O)c1ccccc12)Cc1ccccc1
2967,CHEMBL3116292,6700.0,O=[N+]([O-])c1ccc2c(c1)c(OCc1cccc3ccccc13)nn2Cc1cccc2ccccc12
3786,CHEMBL3771233,6700.0,O=C(CCc1ccccc1)N1c2ccccc2[Se]c2ccccc21
2068,CHEMBL1257886,6700.0,CCCCCNc1c2c(nc3ccc(OC)cc13)CCCC2.Cl
5259,CHEMBL4759107,6710.0,C/C=C1\C2C=C(C)CC1(NCC(=O)OC)c1ccc(=O)[nH]c1C2
3746,CHEMBL3764488,6710.0,N#CC1=C(N)N2CCCNC2=C([N+](=O)[O-])C12C(=O)c1ccc(Br)c3c(Br)ccc2c13
3543,CHEMBL3605423,6710.0,CN(C)CCC[C@@]1(c2ccc(F)cc2)OCc2cc(-c3nnc(-c4ccc(Cl)cc4)[nH]3)ccc21
6527,CHEMBL5405546,6719.0,CN(CCC1CCCCCC1)Cc1c[nH]c2cc(OC(=O)N(C)C)ccc12
3647,CHEMBL3632850,6720.0,COc1ccc2nc3c(c(NCCCCCCCNC(=O)C4(C)CCc5c(C)c(O)c(C)c(C)c5O4)c2c1)CCCC3
2699,CHEMBL2332545,6760.0,O=C1/C(=C/c2cccc3ccccc23)CN(C(=O)C[C@H]2C[C@H]3CCCN3[C@]23C(=O)Nc2ccccc23)C/C1=C\c1cccc2ccccc12
5367,CHEMBL4762069,6800.0,CCN(C)C(=O)Oc1ccc(-c2cc(=O)c3c(O)cc(OC(=O)N(C)CC)cc3o2)cc1
4161,CHEMBL4099790,6800.0,COc1ccc(CNc2nc(NC(C)C)nc3ccccc23)cc1OC
5281,CHEMBL4777412,6800.0,CCN(C)C(=O)Oc1ccc(/C=C/C(=O)N2CCc3ccccc3C2)cc1
1728,CHEMBL140948,6800.0,CN1CCC(CCN2C(=O)c3ccc([N+](=O)[O-])cc3C2=O)CC1
76,CHEMBL29300,6800.0,CN(CCn1cc[n+](C)c1/C=N/O)S(C)(=O)=O.[Cl-]
3116,CHEMBL3263737,6800.0,COc1cccc(CN(C)Cc2ccc(C(=O)NCCc3c[nH]c4ccc(OC)cc34)cc2)c1
6511,CHEMBL5395691,6816.0,CCN(C)C(=O)Oc1cccc2c(CN(C)CCC3CCCCCC3)c[nH]c12
5278,CHEMBL39677,6840.0,c1ccc2nc3ccccc3cc2c1
2094,CHEMBL1289825,6860.0,COc1cc2c(cc1OC)C(=O)C1(C2)C(c2ccc(F)cc2)C(c2ccccc2)NC12C(=O)Nc1ccccc12
928,CHEMBL190060,6860.0,CNC(=O)Oc1cccc(CN(C)CCCOc2ccc3c(c2)O/C(=C\c2cccc4ccccc24)C3=O)c1
2957,CHEMBL3115043,6880.0,C=CC(=O)N1C/C(=C\c2ccccc2F)C(=O)[C@@]2(C1)[C@H](c1ccccc1F)CN(C)[C@]21C(=O)Nc2ccccc21
6477,CHEMBL5287809,6890.0,O=C1CC2Cc3ccsc3C2=NN1CCCCCN1CCN(Cc2cccc3c2ccn3S(=O)(=O)c2ccccc2)CC1
3701,CHEMBL3754448,6900.0,CCN(Cc1cccc2[nH]c3cc(Cl)ccc3c12)C(=O)/C=C/c1ccc(O)c(OC)c1
5669,CHEMBL4784748,6900.0,COc1cccc(-[n+]2ccc3cccc(OC)c3c2)c1.[Br-]
5079,CHEMBL4557745,6900.0,CCOc1ccc2[nH]c(SCc3cn(CC4CCN(Cc5ccccc5)CC4)nn3)nc2c1
2386,CHEMBL990,6907.1,CN(Cc1ccc(C(C)(C)C)cc1)Cc1cccc2ccccc12
4071,CHEMBL3938676,6918.0,CC1=C(C(=O)OC(C)C)C(c2cccc(Cl)c2)c2c(nc3c(c2N)CC(C)(C)CC3)N1
1031,CHEMBL208132,6940.0,COc1cc2ccnc(C(O)c3ccccc3OC)c2cc1OC
7082,CHEMBL6103104,6940.0,N/C(=N\O)c1ccc(NC(=O)Nc2ccc3ncccc3c2)cc1
2692,CHEMBL2332531,6960.0,O=C(C[C@H]1C[C@H]2CCCN2[C@]12C(=O)Nc1ccccc12)N1C/C(=C\c2ccc(Cl)cc2Cl)C(=O)[C@]2(C[C@H]3CCCN3[C@@]23C(=O)Nc2ccccc23)C1
3649,CHEMBL3410951,6970.0,Cc1c(C)c2c(c(C)c1O)CCC(C)(C(=O)NCCNc1c3c(nc4ccccc14)CCCC3)O2
5251,CHEMBL4797608,6990.0,Cc1cc(S(=O)(=O)NCc2ccccn2)c(C(C)C)cc1O
6277,CHEMBL5267817,7000.0,CN1c2ccc(OC(=O)Nc3ccncc3)cc2[C@]2(C)CCO[C@H]12
1093,CHEMBL223443,7000.0,O=C(Cc1c[nH]c2ccccc12)NCCCCCCCNc1c2c(nc3cc(Cl)ccc13)CCCC2
1521,CHEMBL592624,7000.0,COC(=O)C1=C(C)OP(=O)(OC)CCC1
4146,CHEMBL4102655,7000.0,CCCNc1nc(NCCc2ccc(OC)c(OC)c2)c2ccccc2n1
712,CHEMBL545331,7000.0,C#CCN(C)C1CCc2cccc(OC(=O)N(C)C)c21.Cl
4158,CHEMBL4085114,7000.0,CC(=O)Nc1nc(NCCc2ccccc2)c2ccccc2n1
2169,CHEMBL1669489,7000.0,C(=C/C[n+]1ccc2ccccc2c1)\C[n+]1ccc2ccccc2c1.[Br-].[Br-]
2633,CHEMBL2237992,7030.0,Nc1cc(-c2cccc(F)c2)nc2nc(-c3ccccc3)cc(C(F)(F)F)c12
4879,CHEMBL4443988,7030.0,Cl.Clc1ccc(-n2cc(COc3ccc(/C=N/Nc4c5c(nc6ccccc46)CCCC5)cc3)nn2)cc1
3741,CHEMBL3764433,7080.0,N#CC1=C(N)N2CCNC2=C([N+](=O)[O-])C12C(=O)c1cccc3cccc2c13
2973,CHEMBL3116278,7100.0,c1ccc2c(c1)c(OCC1CCCCC1)nn2CC1CCCCC1
1606,CHEMBL1082747,7100.0,CN(C)C(=O)Oc1cccc(-c2cn3ccccc3[n+]2C)c1.[Cl-]
2634,CHEMBL2237991,7100.0,Nc1cc(-c2ccccc2)nc2nc(-c3ccccc3)cc(C(F)(F)F)c12
3737,CHEMBL3758282,7100.0,CCC(C)C(=O)[C@@H]1C(=O)[C@]2(CC=C(C)C)OC(=O)[C@](CC=C(C)C)(C[C@H](CC=C(C)C)[C@@]1(C)C/C=C/C(C)(C)O)C2=O
7240,CHEMBL6174052,7100.0,COCc1c(O)c(Oc2c(C=O)c(O)cc(C)c2C(=O)OC)c2c(c1O)C(=O)O[C@H]2O
3800,CHEMBL240047,7100.0,O=C(CCc1ccccc1)N1c2ccccc2Sc2ccccc21
5454,CHEMBL4760400,7110.0,Cc1ccc([C@@H]2[C@H]3CSCN3C3(C(=O)c4ccccc4C3=O)[C@]23CSc2ccccc2C3=O)cc1
5496,CHEMBL502,7120.0,COc1cc2c(cc1OC)C(=O)C(CC1CCN(Cc3ccccc3)CC1)C2
3090,CHEMBL3262661,7130.0,COc1cc2c(cc1OC)C(Cc1ccc(OCCCCCCN(C)C)cc1)NCC2
4097,CHEMBL4069385,7140.0,COc1cc(/C=C/C(=O)Nc2ccccc2)ccc1OCCCCN1CCCCC1
2004,CHEMBL345124,7140.0,CC[N+](C)(CC)CCC[n+]1c(-c2ccccc2)c2cc(N)ccc2c2ccc(N)cc21.[I-].[I-]
1279,CHEMBL239046,7160.0,CCN(Cc1ccccc1)Cc1ccc(-c2cc3cc(OCCNC(=O)/C=C/c4cc(F)cc(F)c4)ccc3oc2=O)cc1
4392,CHEMBL4125722,7170.0,COC(C)(C)/C=C/C[C@]1(C)[C@@H](CC=C(C)C)C[C@]2(CC=C(C)C)C(=O)C3=C(O[C@@H](C(C)(C)O)C3)[C@@]1(C(=O)C(C)C)C2=O
6479,CHEMBL5281673,7180.0,O=C1CC2Cc3ccsc3C2=NN1CCCCCCCN1CCN(Cc2cccc3c2ccn3S(=O)(=O)c2ccccc2)CC1
2490,CHEMBL223256,7200.0,CC(C)=CCC/C(C)=C/Cc1c(O)cc2c(c1O)C(=O)C[C@@H](c1ccc(O)c(O)c1)O2
6630,CHEMBL5424185,7200.0,CN(C)CCCN1C(=O)CSC1c1cccc(F)c1F.Cl
4150,CHEMBL4083601,7200.0,CCCNc1nc(NCCc2ccccc2)c2ccccc2n1
4139,CHEMBL4097374,7200.0,COc1ccc(CNc2nc(NC3CC3)nc3ccccc23)cc1OC
4147,CHEMBL4086248,7200.0,COc1ccc(CCNc2nc(NC3CC3)nc3ccccc23)cc1OC
4151,CHEMBL4070462,7200.0,CC(C)Nc1nc(NCCc2ccccc2)c2ccccc2n1
5502,CHEMBL4778990,7200.0,O=c1ccoc2ccc(OCCCCCN3CCCC3)cc12
4154,CHEMBL4073193,7200.0,NC(=O)Cc1nc(NCc2ccccc2)c2ccccc2n1
3644,CHEMBL3632626,7210.0,COc1ccc2nc3c(c(NCCCCNC(=O)C4(C)CCc5c(C)c(O)c(C)c(C)c5O4)c2c1)CCCC3
7124,CHEMBL6148173,7210.0,C#CCNc1ccc(-c2cc(-c3ccc(OCCN4CCOCC4)cc3)nc(N)n2)cc1
6909,CHEMBL4581664,7230.0,Cc1ccc(-c2cn(Cc3ccc4ccccc4c3)nn2)cc1C(=O)NCCN1CCOCC1
4955,CHEMBL4556097,7230.0,Nc1cccc(Cl)c1Oc1ccc(CNc2cccc(O)c2)cc1
1236,CHEMBL19060,7240.0,COc1ccccc1CNCCCCCCNCCSSCCNCCCCCCNCc1ccccc1OC
7204,CHEMBL6174158,7240.0,C#CCOc1c(CN2CCOCC2)cc(-c2cc(=O)c3ccccc3o2)cc1OC
2771,CHEMBL113,7250.0,Cn1c(=O)c2c(ncn2C)n(C)c1=O
2100,CHEMBL1290152,7260.0,COc1cc2c(cc1OC)C(=O)C1(C2)C(c2ccccc2)C(c2ccccc2)NC12C(=O)Nc1ccc(Cl)cc12
4555,CHEMBL4212229,7260.0,CCN(Cc1ccccc1)Cc1ccc(NC(=O)Cc2ccc(O)c(O)c2)cc1
4637,CHEMBL4277879,7270.0,Cc1[nH]c2ccccc2c1CC(=O)NCCC1CCN(Cc2ccccc2)CC1
1466,CHEMBL576384,7270.0,CCCSc1nc2nc3c(c(N)c2s1)C1CC(CC)=CC(C3)C1
2291,CHEMBL659,7300.0,COc1ccc2c3c1O[C@H]1C[C@@H](O)C=C[C@@]31CCN(C)C2
4159,CHEMBL4098421,7300.0,CNc1nc(NCc2ccc(OC)c(OC)c2)c2ccccc2n1
7115,CHEMBL6165595,7300.0,CCN(CCCCCn1c(C)cc(=O)n(CCCCCN(CC)Cc2ccccc2C#N)c1=O)Cc1ccccc1C#N
741,CHEMBL542265,7300.0,CCCN(C)C(=O)Oc1ccc2c(c1)C(N)CC2.Cl
5578,CHEMBL4796574,7300.0,O=c1c(-c2ccc(OCCCCN3CCC(Cc4ccccc4)CC3)cc2)coc2cc(OCCCCN3CCC(Cc4ccccc4)CC3)cc(O)c12
2795,CHEMBL2419690,7300.0,N#Cc1cc(C#N)c(NC2CCN(Cc3ccccc3)CC2)nc1NC1CCN(Cc2ccccc2)CC1
2300,CHEMBL659,7300.0,COc1ccc2c3c1O[C@H]1C[C@@H](O)C=C[C@@]31CCN(C)C2
3262,CHEMBL3335030,7300.0,COc1cccc(CN2CCN(CCOc3ccc4c5c(c(=O)oc4c3)CCCC5)CC2)c1
4156,CHEMBL4069444,7300.0,NC(=O)Cc1nc(NCCc2ccccc2)c2ccccc2n1
6558,CHEMBL5425561,7300.0,COc1cc2c(cc1OC)-c1c(-c3ccc(Cl)cc3)c(/C=N/c3ccc(/N=C/c4cn5c(c4-c4ccc(Cl)cc4)-c4cc(OC)c(OC)cc4CC5)cc3)cn1CC2
2097,CHEMBL1290043,7300.0,COc1cc2c(cc1OC)C(=O)C1(C2)C(c2ccccc2Cl)C(c2ccccc2)NC12C(=O)Nc1ccccc12
5375,CHEMBL4758460,7300.0,COc1ccc2cc3[n+](cc2c1OCc1cccc(C)c1)CCc1cc2c(cc1-3)OCO2.[Br-]
5955,CHEMBL5187221,7300.0,C[N+](C)(C)CCNC(=O)/C=C/c1ccc(O)c(O)c1
2970,CHEMBL1973869,7300.0,O=[N+]([O-])c1ccc2c(c1)c(OCc1ccccc1)nn2Cc1ccccc1
3803,CHEMBL828,7300.0,c1ccc2c(c1)Nc1ccccc1S2
5631,CHEMBL4781081,7310.0,O=C(Nc1ccccc1)OCC1CCN(Cc2ccccc2)CC1
6910,CHEMBL3410478,7310.0,COc1ccc2c(c1)c(=O)c1ccccc1n2Cc1cn(Cc2ccc(Cl)cc2)nn1
5754,CHEMBL4849361,7320.0,CCOC(=O)/C(=N\Nc1ccc(C)cc1)C(=O)C(F)(F)F
5080,CHEMBL4446441,7330.0,c1ccc(CN2CCC(Cn3cc(CSc4nc5ccccc5[nH]4)nn3)CC2)cc1
4231,CHEMBL4090159,7340.0,Cc1ccc(N2C(=O)C3CN(C)C4(C(=O)c5ccccc5C4=O)C3C2=O)cc1
5253,CHEMBL4741157,7340.0,Cc1cc(S(=O)(=O)Nc2cnccn2)c(C(C)C)cc1O
6011,CHEMBL5200956,7370.0,CCOC1(c2cc(O)ccc2O)C=C(CC/C=C(\C)CCC=C(C)C)C(=O)O1
4153,CHEMBL4100046,7400.0,COc1ccc(CNc2nc(CC(N)=O)nc3ccccc23)cc1OC
3801,CHEMBL394753,7400.0,O=C(Cc1ccccc1)N1c2ccccc2Sc2ccccc21
4157,CHEMBL4060016,7400.0,COc1ccc(CCNc2nc(NC(C)=O)nc3ccccc23)cc1OC
3796,CHEMBL1411769,7400.0,Clc1ccc2c(c1)Nc1ccccc1S2
3896,CHEMBL3823578,7420.0,COc1ccc2[nH]cc(CCNC(=O)C3CCN(Cc4ccccc4C)CC3)c2c1
4680,CHEMBL4294389,7430.0,COc1ccc(NC(=O)c2cc(=O)c3cc(/C=C/C(=O)O)ccc3o2)cc1
7081,CHEMBL6152587,7470.0,N/C(=N\O)c1ccc(NC(=O)Nc2ccc3[nH]ccc3c2)cc1
2389,CHEMBL305660,7479.9,CC(C)(C)c1ccc(C(=O)CCCN2CCC(OC(c3ccccc3)c3ccccc3)CC2)cc1
4752,CHEMBL4286731,7490.0,COc1ccc2oc(C(=O)OCC3CCN(Cc4ccccc4)CC3)cc(=O)c2c1
2954,CHEMBL3115046,7490.0,C=CC(=O)N1C/C(=C\c2ccc(C)cc2)C(=O)[C@@]2(C1)[C@H](c1ccc(C)cc1)CN(C)[C@]21C(=O)Nc2ccccc21
3717,CHEMBL3754694,7495.0,COc1cccc2cc(CN(CCCCCCNc3c4c(nc5ccccc35)CCC4)Cc3cc4cccc(OC)c4o3)oc12
3691,CHEMBL3735042,7500.0,CCOP1(=O)CCCC(C(=O)OC)=C(C)O1
4145,CHEMBL4078382,7500.0,CCNc1nc(NCCc2ccc(OC)c(OC)c2)c2ccccc2n1
4140,CHEMBL4079345,7500.0,CCNc1nc(NCc2ccccc2)c2ccccc2n1
4137,CHEMBL4061746,7500.0,CC(=O)Nc1nc(NCc2ccccc2)c2ccccc2n1
3794,CHEMBL3770516,7500.0,O=C(Cc1ccccc1)N1c2ccccc2Sc2ccc(Cl)cc21
2853,CHEMBL2441690,7500.0,COc1ccc([N+](=O)[O-])c[n+]1C.F[B-](F)(F)F
7059,CHEMBL6143522,7510.0,N/C(=N\O)c1cccc(NC(=O)Nc2ccc(F)cc2)c1
6522,CHEMBL5421921,7526.0,C#CCN(CC)C(=O)Oc1cccc2c(CN(C)CCC3CCCCCC3)c[nH]c12
6867,CHEMBL5592518,7530.0,S=C(NCCCCNC(=S)Nc1c2c(nc3c1CCC3)CCCC2)Nc1c2c(nc3c1CCC3)CCCC2
5245,CHEMBL502,7560.0,COc1cc2c(cc1OC)C(=O)C(CC1CCN(Cc3ccccc3)CC1)C2
5161,CHEMBL4533844,7570.0,Cc1ccc(-c2nc(NC(=O)C3CCN(Cc4ccccc4C(F)(F)F)CC3)sc2-c2ccc(C)cc2)cc1
2951,CHEMBL3115196,7590.0,C=CC(=O)N1C/C(=C\c2cccc3ccccc23)C(=O)[C@@]2(C1)[C@H](c1cccc3ccccc13)CN(C)[C@]21C(=O)Nc2ccccc21
2738,CHEMBL2380675,7600.0,Cc1ccc(/C=C2\CN(C(=O)[C@H]3C[C@H]4CCCN4[C@]34C(=O)Nc3cc(Cl)ccc34)C/C(=C\c3ccc(C)cc3)C2=O)cc1
5574,CHEMBL4798516,7600.0,O=C1CC(c2ccc(OCCCCN3CCC(Cc4ccccc4)CC3)cc2)Oc2cc(OCCCCN3CCC(Cc4ccccc4)CC3)cc(O)c21
4149,CHEMBL4061837,7600.0,CCNc1nc(NCCc2ccccc2)c2ccccc2n1
2093,CHEMBL1289719,7600.0,COc1cc2c(cc1OC)C(=O)C1(C2)C(c2ccccc2Cl)CN(C)C12C(=O)Nc1ccc([N+](=O)[O-])cc12
61,CHEMBL303574,7600.0,CN1CC[C@@]2(C)c3cc(OC(=O)NCCCCCN4CCOCC4)ccc3N(C)[C@@H]12
6412,CHEMBL5288752,7600.0,O=c1c(/C=N/Nc2ccc(C(F)(F)F)cc2)coc2cc3oc(-c4cccc(F)c4)cc3cc12
4163,CHEMBL4095445,7600.0,COc1ccc(CCNc2nc(NC(C)C)nc3ccccc23)cc1OC
6442,CHEMBL5279102,7610.0,CC(C)C[C@@H](NC(=O)C1(C(F)(F)F)CCCCC1)C(=O)Nc1nnc(Cc2ccc(C#N)cc2)s1
6461,CHEMBL5284727,7610.0,O=C1CC2CCc3ccsc3C2=NN1CCCCN1CCN(Cc2cccc3c2ccn3S(=O)(=O)c2ccccc2)CC1
4304,CHEMBL4104952,7620.0,C[n+]1c2ccccc2c(-c2ccc(N)cc2)c2ccccc21.F[B-](F)(F)F
3209,CHEMBL3337471,7630.0,CCN(CC)CCOc1ccc(C(=O)/C=C/c2ccccc2)cc1
4509,CHEMBL4176610,7640.0,COc1ccc(C2NC(=S)Nc3nc4c(c(N)c32)CCCC4)cc1
7078,CHEMBL6144207,7650.0,N/C(=N\O)c1ccc(NC(=O)Nc2ccc(Cl)cc2)cc1
2943,CHEMBL3115035,7670.0,Cc1ccc(/C=C2\CN(C(=O)[C@@H]3CCN(C)[C@]34C(=O)Nc3ccccc34)C[C@]3(C2=O)[C@H](c2ccc(C)cc2)CN(C)[C@]32C(=O)Nc3ccccc32)cc1
4686,CHEMBL4294028,7680.0,CCN(CC)CCOC(=O)/C=C/c1ccc2occ(C(=O)Nc3ccc(Cl)cc3)c(=O)c2c1
2623,CHEMBL2238002,7690.0,Nc1c2c(nc3nc(-c4ccccc4)cc(C(F)(F)F)c13)CCCCCC2
1465,CHEMBL574261,7690.0,CCCSc1nc2nc3c(c(N)c2s1)C1CC(C)=CC(C3)C1
2557,CHEMBL2047227,7700.0,Fc1ccc(CNc2ccnc(NC3CCN(Cc4ccccc4)CC3)n2)cc1
2560,CHEMBL2047224,7700.0,Clc1cccc(CNc2ccnc(NC3CCN(Cc4ccccc4)CC3)n2)c1
2561,CHEMBL2047223,7700.0,Clc1ccccc1CNc1ccnc(NC2CCN(Cc3ccccc3)CC2)n1
3743,CHEMBL3764714,7710.0,CC1(C)CNC2=C([N+](=O)[O-])C3(C(=O)c4cccc5cccc3c45)C(C#N)=C(N)N2C1
1122,CHEMBL427249,7780.0,CN(CCCCCOc1ccc2c(=O)c3ccccc3oc2c1)Cc1ccccc1
5325,CHEMBL4745500,7793.0,COc1cc(/C=N\C2CCN(Cc3ccccc3)C2)cc(OC)c1OC
518,CHEMBL146158,7800.0,Cn1cc[n+](COC[n+]2ccn(C)c2/C=N/O)c1/C=N/O
757,CHEMBL151194,7800.0,CCCN(C)C(=O)Oc1cccc(CCN)c1
5960,CHEMBL5188541,7800.0,COc1ccc2cc3[n+](cc2c1OC)CCc1cc(O)c(O)cc1-3.[Br-]
5788,CHEMBL4860501,7800.0,CN1CCc2c(c3ccccc3n2CCC(=O)N2c3ccccc3Sc3ccccc32)C1
2952,CHEMBL3115048,7800.0,C=CC(=O)N1C/C(=C\c2ccc(F)cc2)C(=O)[C@@]2(C1)[C@H](c1ccc(F)cc1)CN(C)[C@]21C(=O)Nc2ccccc21
5169,CHEMBL4633851,7800.0,Cc1cccc(C2C([N+](=O)[O-])C(Cc3c[nH]cn3)NC23c2ccccc2-c2nc4ccccc4nc23)c1
5311,CHEMBL4759253,7800.0,NC(=O)c1sc(-c2ccnc(NC(=O)C3CC3)c2)nc1OCCC1CCN(Cc2ccccc2F)CC1
4141,CHEMBL4105088,7800.0,CCCNc1nc(NCc2ccccc2)c2ccccc2n1
420,CHEMBL344736,7810.0,C#CC(CC)OC[n+]1ccn(C)c1/C=N/O.[Cl-]
2615,CHEMBL2206893,7830.0,Nc1c2c(nc3c1C(c1ccc(O)cc1)c1ccc4ccccc4c1O3)CCCC2
3500,CHEMBL3597556,7830.0,CN(Cc1ccccc1)Cc1ccc(/C=C2\CCc3cc(OCCCCCN4CCN(Cc5ccc(F)cc5)CC4)ccc3C2=O)cc1
6195,CHEMBL5178828,7837.0,CCCCN(CCCc1c[nH]c2ccccc12)CCC1CCN(Cc2ccccc2)CC1
1114,CHEMBL225366,7840.0,COc1ccc2c(=O)c3ccc(OCCCCCCCN(C)Cc4ccccc4)cc3oc2c1
6530,CHEMBL5422760,7840.0,Cc1ccc(NCCCSC[C@@H]2CCCN3CCCC[C@H]23)c2c(=O)c3ccccc3sc12
3893,CHEMBL3824057,7850.0,O=C(NCCc1c[nH]c2ccccc12)C1CCN(Cc2ccccc2)CC1
699,CHEMBL1788254,7900.0,C#CCN(C)[C@H](C)Cc1cccc(OC(=O)N(C)C2CCCCC2)c1
3793,CHEMBL3770866,7900.0,O=C(CCc1ccccc1)N1c2ccccc2Sc2ccc(Cl)cc21
6940,CHEMBL3545709,7900.0,C[C@@H](c1ccc2c(c1)oc(=O)c1ccccc12)N(C)C
377,CHEMBL24519,7900.0,C[C@]12CC[C@H](O)[C@@](C)(CO)C1C[C@H](O)[C@@]1(C)Oc3cc(-c4ccncc4)oc(=O)c3C(=O)C21
3273,CHEMBL3335018,7900.0,C[C@@H](c1ccc2c(c1)oc(=O)c1ccccc12)N(C)C.Cl
4135,CHEMBL4070380,7900.0,NC(=O)Nc1nc(NCCc2ccccc2)c2ccccc2n1
6137,CHEMBL4762069,7900.0,CCN(C)C(=O)Oc1ccc(-c2cc(=O)c3c(O)cc(OC(=O)N(C)CC)cc3o2)cc1
1446,CHEMBL556581,7910.0,CCN(CCCCCCNC1=CC(=O)C(NCCCCCCN(CC)[C@@H](C)c2ccccc2OC)=CC1=O)[C@@H](C)c1ccccc1OC
6508,CHEMBL5417332,7910.0,CCN(C)C(=O)Oc1ccc(-c2cc(=O)c3c(O)c(O)c(OC(=O)N[C@@H](Cc4ccccc4)C(=O)OC(C)(C)C)cc3o2)cc1
6038,CHEMBL5207817,7910.0,Cc1cccc2sc(NC(=O)CCN3CCN(CC4CCCO4)CC3)nc12
6357,CHEMBL5270796,7910.0,CCCCCCCCCCCC1=CC(=O)C=CC1=O
5623,CHEMBL4789292,7914.0,CC(C)c1ccc(NC(=O)OC2CCCN(C3Cc4ccccc4C3)C2)cc1
2690,CHEMBL2332541,7920.0,O=C(C[C@H]1C[C@H]2CCCN2[C@]12C(=O)Nc1ccccc12)N1C/C(=C\c2ccc(Cl)cc2)C(=O)[C@]2(C[C@H]3CCCN3[C@@]23C(=O)Nc2ccccc23)C1
5322,CHEMBL4748792,8000.0,CNC(=O)c1sc(-c2ccnc(NC(=O)C3CC3)c2)nc1OCC1CCN(Cc2ccccc2)CC1
4216,CHEMBL4066365,8000.0,CCO[P@](=O)(SCC)c1ccccc1
263,CHEMBL128172,8000.0,O=C1CCN(Cc2ccccc2)C/C1=C\c1c[nH]c2ccccc12
2172,CHEMBL1669492,8000.0,[Br-].[Br-].c1cc(C[n+]2ccc3ccccc3c2)cc(C[n+]2ccc3ccccc3c2)c1
6144,CHEMBL3753587,8000.0,O=C1OCc2cc(-c3ccc(-c4ccc(CO)cc4)s3)ccc21
3802,CHEMBL239400,8000.0,O=C(c1ccccc1)N1c2ccccc2Sc2ccccc21
2355,CHEMBL1834063,8000.0,c1ccc2c(CNc3ccnc(N4CCN(C5CCCCC5)CC4)n3)cccc2c1
5950,CHEMBL1256415,8000.0,COc1ccc2nc3c(c(N)c2c1)CCCC3
935,CHEMBL372710,8000.0,CNC(=O)Oc1cccc(CN(C)CCCCCCCOc2ccc3c(c2)O/C(=C\c2ccc(Cl)c(Cl)c2)C3=O)c1
1995,CHEMBL186896,8000.0,Fc1ccc(N(Cc2ccc3c(c2)OCO3)C(=S)Nc2cccc(C(F)(F)F)c2)cc1
4162,CHEMBL1626455,8000.0,CNc1nc(NCc2ccccc2)c2ccccc2n1
2784,CHEMBL2413739,8020.0,CN(C)CCOc1ccc(-c2nc3cc(Cl)ccc3[nH]2)cc1
4606,CHEMBL4204913,8020.0,COc1ccc(Cn2cc(C(=O)NCCCCCNc3c4c(nc5ccc(OC)cc35)CCCC4)c(=O)c3ccccc32)cc1
2626,CHEMBL2237999,8050.0,Nc1c2c(nc3nc(-c4ccccc4)cc(C(F)(F)F)c13)CCC2
3976,CHEMBL3948367,8050.0,COc1ccc(/C=C/C(=O)c2cccc(OC(=O)N(C)C)c2)cc1
7214,CHEMBL6170242,8080.0,C#CCCCOc1c(CN2CCc3ccccc3C2)cc(-c2cc(=O)c3ccccc3o2)cc1OC
1482,CHEMBL575810,8080.0,C#CCCCCCCN1CCc2cc(OC)c(OC)cc2C1c1cccc([N+](=O)[O-])c1
3265,CHEMBL3335027,8100.0,O=c1oc2cc(OCCN3CCC(Cc4ccccc4)CC3)ccc2c2c1CCCC2
1927,CHEMBL62085,8100.0,Cc1ccc2nc3c(c(N)c2c1)CCCC3
1322,CHEMBL504924,8100.0,C/C=C(\C)C(=O)N[C@H]1CC[C@]2(C)[C@H]3CC[C@]4(C)[C@@H]([C@H](C)NC)CC[C@H]4[C@@H]3CC[C@H]2[C@H]1OC(C)=O
350,CHEMBL62085,8100.0,Cc1ccc2nc3c(c(N)c2c1)CCCC3
5580,CHEMBL4791528,8100.0,O=c1c(-c2ccc(OCCCCN3CCc4ccccc4C3)cc2)coc2cc(OCCCCN3CCc4ccccc4C3)cc(O)c12
5371,CHEMBL636,8100.0,CCN(C)C(=O)Oc1cccc([C@H](C)N(C)C)c1
5279,CHEMBL636,8100.0,CCN(C)C(=O)Oc1cccc([C@H](C)N(C)C)c1
1595,CHEMBL1085026,8100.0,COc1cccc2n1cc(-c1ccc(OC(=O)N(C)C)cc1)[n+]2C.[Cl-]
1364,CHEMBL450553,8130.0,CCN(CCCCCCN1C(=O)c2ccc3c4c(ccc(c24)C1=O)C(=O)N(CCCCCCN(CC)Cc1ccccc1OC)C3=O)Cc1ccccc1OC
3176,CHEMBL3322161,8170.0,O=C(Cc1cc(=O)oc2cc(O)ccc12)NNC(=S)Nc1c2c(nc3ccccc13)CCCC2
4512,CHEMBL4168179,8180.0,Nc1c2c(nc3c1C(c1ccc4c(c1)OCO4)NC(=S)N3)CCCC2
4984,CHEMBL4466903,8200.0,COC(=O)/C(=C\C(=O)c1cc(O)ccc1O)CC/C=C(\C)CCC=C(C)C
2966,CHEMBL3116293,8200.0,CCCCCn1nc(OCc2ccc3ccccc3c2)c2cc([N+](=O)[O-])ccc21
3233,CHEMBL3335071,8200.0,O=c1oc2cc(OCCCCN3CCN(Cc4ccccc4)CC3)ccc2c2ccccc12
5749,CHEMBL4855357,8220.0,COc1ccc2nc3c(c(N)c2c1)CCC3.Cl
5601,CHEMBL4794220,8230.0,COc1cc(/C=C/C(=O)NCC(=O)Nc2ccc(C(F)(F)F)cc2)ccc1O
2629,CHEMBL2237996,8240.0,COc1ccc(-c2cc(N)c3c(C(F)(F)F)cc(-c4ccccc4)nc3n2)cc1
2099,CHEMBL1288824,8260.0,COc1ccc(C2C(c3ccccc3)NC3(C(=O)Nc4ccc(Cl)cc43)C23Cc2cc(OC)c(OC)cc2C3=O)cc1OC
428,CHEMBL145928,8270.0,C#CC(CCC)OC[n+]1ccn(C)c1/C=N/O.[Cl-]
4133,CHEMBL4081013,8300.0,NC(=O)Nc1nc(NCc2ccccc2)c2ccccc2n1
4419,CHEMBL4175914,8300.0,COc1ccccc1CNCCCCCCNC(=O)c1cc(Cl)nc(Cl)c1
3236,CHEMBL3335069,8300.0,COc1cccc(CN(C)CCCCOc2ccc3c(c2)oc(=O)c2ccccc23)c1
4562,CHEMBL3891025,8320.0,COc1cc(/C=C/C(=O)Nc2ccc(CN(C)Cc3ccccc3)cc2)ccc1O
3897,CHEMBL3823197,8320.0,O=C(CCc1c[nH]c2ccccc12)NC1CCN(Cc2ccccc2)CC1
6797,CHEMBL5570753,8360.0,Cc1ccc(Oc2ccc3nc4c(c(N)c3c2)CCC4)cc1.Cl
2953,CHEMBL3115047,8400.0,C=CC(=O)N1C/C(=C\c2ccc(Cl)cc2)C(=O)[C@@]2(C1)[C@H](c1ccc(Cl)cc1)CN(C)[C@]21C(=O)Nc2ccccc21
4081,CHEMBL4063045,8400.0,COc1cc(/C=C/C(=O)Nc2ccccc2)ccc1OCCCCCCN(C)C
6051,CHEMBL659,8400.0,COc1ccc2c3c1O[C@H]1C[C@@H](O)C=C[C@@]31CCN(C)C2
4492,CHEMBL4159074,8400.0,Oc1ccc(-c2oc3cc(O)c4c5c3c2-c2cc(O)cc(O)c2[C@H](c2ccc(O)cc2)[C@@H]5[C@H](c2ccc(O)cc2)[C@@H]4c2cc(O)cc(O)c2)cc1
550,CHEMBL33101,8400.0,Cn1cc[n+](COCC(C)(C)C)c1/C=N/O.[Cl-]
3361,CHEMBL3407582,8400.0,C#CCN(C)Cc1cc2cc(OCCCC3CCN(Cc4ccc(OC(=O)N(C)C)c5ncccc45)CC3)ccc2n1C
4001,CHEMBL3889625,8430.0,COc1cc2c(cc1OC)C(=O)C(CC1CCN(Cc3ccc4ccccc4n3)CC1)C2
4144,CHEMBL4094911,8500.0,CNc1nc(NCCc2ccc(OC)c(OC)c2)c2ccccc2n1
2143,CHEMBL1651043,8500.0,C[C@@H]([C@H]1[C@H](O)C[C@@]2(C)[C@@H]3C[C@H](O)[C@H]4[C@]5(C)CO[C@]4(C=C[C@@H]5NC(=O)c4ccccc4)CC3=CC[C@]12C)N(C)C
3243,CHEMBL3335062,8500.0,CN(CCCOc1ccc2c(c1)oc(=O)c1ccccc12)Cc1ccccc1
1996,CHEMBL189764,8500.0,COc1ccc(-c2cc(-c3ccc(N(C)C)cc3)nc(NS(=O)(=O)c3ccc(NC(C)=O)cc3)n2)cc1
3471,CHEMBL3586604,8500.0,Cc1cc(=O)oc2cc(OCc3ccc(CN(C)Cc4ccc(C#N)cc4)cc3)ccc12.Cl
398,CHEMBL151507,8500.0,C#CCCCC[n+]1ccn(C)c1/C=N/O.[Cl-]
4136,CHEMBL4091317,8500.0,COc1ccc(CNc2nc(NC(C)=O)nc3ccccc23)cc1OC
773,CHEMBL1788300,8500.0,C#CCN[C@H]1CCc2ccc(OC(=O)N(C)CCC)cc21.Cl
6010,CHEMBL5197965,8520.0,COC/C(C=O)=C\CCC1=CC(c2cc(O)ccc2O)OC1=O
6794,CHEMBL5574521,8520.0,COc1ccccc1Oc1ccc2nc3c(c(N)c2c1)CCC3.Cl
6682,CHEMBL202844,8520.0,COc1cc(/C=C/C(=O)NCCc2ccc(O)c(O)c2)ccc1O
4685,CHEMBL4283463,8540.0,CCN(CC)CCOC(=O)/C=C/c1ccc2occ(C(=O)Nc3cccc(Cl)c3)c(=O)c2c1
1357,CHEMBL499722,8550.0,CCN(CCCCCC(=O)N[C@H]1CC[C@H](NC(=O)CCCCCN(CC)Cc2ccccc2OC)CC1)Cc1ccccc1OC
7076,CHEMBL6144585,8570.0,Cc1ccccc1NC(=O)Nc1ccc(/C(N)=N/O)cc1
6194,CHEMBL5189830,8573.0,CN(C)C1CCC(CCN(CCCc2c[nH]c3ccccc23)CCC2CCCCCC2)CC1
5731,CHEMBL4861608,8600.0,Cl.Nc1c2c(nc3ccc(Cl)cc13)CCCCC2
4132,CHEMBL4060687,8600.0,COc1ccc(CNc2nc(NC(N)=O)nc3ccccc23)cc1OC
5810,CHEMBL4850464,8600.0,[Br-].c1ccc(C[n+]2ccc3[nH]c4ccccc4c3c2)cc1
2964,CHEMBL3116298,8600.0,Nc1ccc2c(c1)c(OCc1ccccc1)nn2Cc1ccccc1
4152,CHEMBL4091385,8600.0,c1ccc(CCNc2nc(NC3CC3)nc3ccccc23)cc1
2090,CHEMBL1289507,8600.0,COc1cc2c(cc1OC)C(=O)C1(C2)C(c2ccc(F)cc2)CN(C)C12C(=O)Nc1ccc([N+](=O)[O-])cc12
1381,CHEMBL492098,8640.0,COc1ccc(C(=O)c2ccc(CN(CCN(C)C)Cc3ccccc3)cc2)cc1OC
6560,CHEMBL5424787,8660.0,CCN(CC)C(=O)c1ccc2c(c1)nc(Cc1ccc(OC(=O)N(C)C)cc1)n2CCC(C)C
717,CHEMBL151125,8670.0,C#CCN(C)C(C)Cc1cccc(OC(=O)N(C)C2CCCCC2)c1
7107,CHEMBL6146247,8690.0,COc1ccc(C2CC(c3ccc(O)cc3)=NN2c2nc3ccc(C)cc3s2)cc1OC
3250,CHEMBL3335055,8700.0,COc1cccc(CN2CCN(CCCCOc3ccc4c5c(c(=O)oc4c3)CCCC5)CC2)c1
4678,CHEMBL4287962,8700.0,COc1ccc(NC(=O)c2coc3ccc(/C=C/C(=O)O)cc3c2=O)cc1
4148,CHEMBL4064773,8700.0,CNc1nc(NCCc2ccccc2)c2ccccc2n1
4134,CHEMBL4099046,8700.0,COc1ccc(CCNc2nc(NC(N)=O)nc3ccccc23)cc1OC
2236,CHEMBL1085780,8700.0,c1ccc(CNc2ccnc(N3CCCC3)n2)cc1
6966,CHEMBL5852183,8700.0,COc1cc(N)c(Br)cc1C(=O)NCC1CCN(CC2CCCCC2)CC1
5806,CHEMBL596112,8700.0,Cn1ccc2nc3ccccc3c-2c1.I
2754,CHEMBL2332539,8720.0,C=CC(=O)N1C/C(=C\c2ccccc2OC)C(=O)/C(=C/c2ccccc2OC)C1
412,CHEMBL359312,8720.0,C#CCC(C)OC[n+]1ccn(C)c1/C=N/O.[Cl-]
2718,CHEMBL2332539,8720.0,C=CC(=O)N1C/C(=C\c2ccccc2OC)C(=O)/C(=C/c2ccccc2OC)C1
3949,CHEMBL3936989,8730.0,COc1ccc(/C=C/C(=O)Nc2ccc(CN(C)Cc3ccccc3)cc2)c(OC)c1
2961,CHEMBL3115039,8740.0,C=CC(=O)N1C/C(=C\c2ccccc2)C(=O)[C@@]2(C1)[C@H](c1ccccc1)CN(C)[C@]21C(=O)Nc2ccccc21
5250,CHEMBL4800270,8740.0,Cc1cc(S(=O)(=O)Nc2ccccc2O)c(C(C)C)cc1O
2783,CHEMBL2413740,8750.0,CCN(CC)CCOc1ccc(-c2nc3cc(Cl)ccc3[nH]2)cc1
4389,CHEMBL4128454,8750.0,CC(=O)[C@@]12C(=O)C(CC=C(C)C)=C3O[C@H](C(C)(C)O)C[C@]3(C[C@H](CC=C(C)C)[C@@]1(C)CCC=C(C)C)C2=O
6176,CHEMBL5193282,8780.0,CCCCC1OC(=O)c2cc(OCc3ccc(CN(C)C)c(O)c3)ccc21
6140,CHEMBL636,8800.0,CCN(C)C(=O)Oc1cccc([C@H](C)N(C)C)c1
2559,CHEMBL2047225,8800.0,Clc1ccc(CNc2ccnc(NC3CCN(Cc4ccccc4)CC3)n2)cc1
4171,CHEMBL4081795,8800.0,Oc1cc(O)cc(/C=C/c2ccc(Nc3c4c(nc5cc(Cl)ccc35)CCCC4)cc2)c1
2577,CHEMBL2088687,8800.0,N#Cc1c(N)nc(NC2CCN(Cc3ccccc3)CC2)c(C#N)c1-c1ccccc1
2211,CHEMBL1082981,8800.0,CC1CCN(c2nccc(NCCc3ccccc3)n2)CC1
4953,CHEMBL4515376,8810.0,Nc1cccc(Cl)c1Oc1ccc(CNc2ccc(O)cc2)cc1
6537,CHEMBL5438801,8810.0,Cc1ccc(NCCC[C@@H]2CCCN3CCCC[C@H]23)c2c(=O)c3ccccc3oc12
4394,CHEMBL4129420,8830.0,CC(C)=CCC[C@]1(C)[C@@H](CC=C(C)C)C[C@]2(CC=C(C)C)C(=O)C3=C(O[C@H](C(C)(C)O)[C@H]3O)[C@@]1(C(=O)C(C)C)C2=O
4418,CHEMBL4165299,8850.0,O=C(NCCCCCCNCc1c[nH]c2ccccc12)c1cc(Cl)nc(Cl)c1
3687,CHEMBL3735042,8900.0,CCOP1(=O)CCCC(C(=O)OC)=C(C)O1
4082,CHEMBL4084714,8950.0,COc1cc(/C=C/C(=O)Nc2ccccc2)ccc1OCCCCCCCCN(C)C
3206,CHEMBL3338992,8950.0,CN(C)CCCCOc1ccc(C(=O)/C=C/c2ccccc2)cc1
4688,CHEMBL4278883,8990.0,CCN(CC)CCOC(=O)/C=C/c1ccc2occ(C(=O)Nc3ccc(C)cc3)c(=O)c2c1
2475,CHEMBL1952064,9000.0,Cl.O/N=C/C1=NCCCN1Cc1ccc(Cl)cc1Cl
5321,CHEMBL4753139,9000.0,CNC(=O)c1sc(-c2ccnc(NC(=O)C3CC3)c2)nc1OCC1CCN(Cc2ccccc2F)CC1
2180,CHEMBL1761991,9000.0,[Br-].[Br-].c1ccc2c(c1)ccc[n+]2CCC[n+]1cccc2ccccc21
2772,CHEMBL1424,9000.0,O=c1[nH]c(=O)c2nc[nH]c2[nH]1
778,CHEMBL267649,9000.0,CN(C)Cc1ccc(CSCc2ccccc2CSCc2ccc(CN(C)C)o2)o1
1264,CHEMBL225198,9000.0,O=C(CCc1c[nH]c2ccccc12)NCCCCCCCNc1c2c(nc3cc(Cl)ccc13)CCCC2
3016,CHEMBL3220808,9000.0,C[C@H]1C[C@@]23CC[C@H]4[C@@](C)(CCC[C@@]4(C)C(=O)OCC[N+](C)(C)Cc4ccccc4)[C@@H]2CC[C@]1(Cl)C3.[Br-]
6307,CHEMBL5276404,9000.0,Cn1c2ccccc2c2cc[n+](-c3ccc(Br)cc3)cc21
6563,CHEMBL5395270,9010.0,CCN(CC)C(=O)c1ccc2c(c1)nc(Cc1ccc(OC(=O)N(C)Cc3ccccc3)cc1)n2CCC(C)C
1227,CHEMBL251076,9010.0,COc1ccc2c3c1O[C@H]1C[C@H](O)C=C[C@@]31[C@H](O)CN(C)C2
5734,CHEMBL4872815,9040.0,Cl.Nc1c2c(nc3c(Cl)cc(Cl)cc13)CCCCC2
5287,CHEMBL4748948,9100.0,COc1cc(/C=C/C(=O)N2CCCCC2)ccc1OC(=O)N(C)C
4957,CHEMBL4445075,9100.0,OC(CNCc1cccc(OCc2ccccc2)c1)Cn1cc(Br)c2cc(Br)ccc21
3018,CHEMBL3237630,9100.0,CC[C@H]1[C@H]2OC(=O)[C@](C)(O)[C@H]2[C@]23CC[C@@H]([C@@H]4C[C@@H](C)C(=O)O4)N2CCCC[C@@H]13
1863,CHEMBL118968,9100.0,Nc1c2c(nc3ccccc13)CCCCCC2
5808,CHEMBL4865927,9100.0,Cc1ccc2[nH]c3cc[n+](C)cc3c2c1.[I-]
4390,CHEMBL4127071,9130.0,C=C(C)[C@@H](O)CC[C@]1(C)[C@@H](CC=C(C)C)C[C@]23C[C@@H](C(C)(C)O)OC2=C(CC=C(C)C)C(=O)[C@@]1(C(=O)C(C)C)C3=O
5661,CHEMBL4793972,9130.0,COc1cccc2cc[n+](-c3cccc(F)c3)cc12.[Br-]
7201,CHEMBL4300673,9130.0,O=C(CN1CCC(Cc2ccccc2)CC1)c1ccc2ccccc2c1
7077,CHEMBL6147350,9150.0,COc1cccc(NC(=O)Nc2ccc(/C(N)=N/O)cc2)c1
6369,CHEMBL5287890,9170.0,Cc1cc2c(c(C)c1CCO[C@@H]1O[C@H](CO)[C@@H](O)[C@H](O)[C@H]1O)C(=O)[C@@H](C)[C@H]2O
2996,CHEMBL3133444,9180.0,O=C(CN1CCN(Cc2ccccc2)CC1)NC1c2cn[nH]c2-c2sccc21
6478,CHEMBL5285645,9180.0,O=C1CC2Cc3ccsc3C2=NN1CCCCCCN1CCN(Cc2cccc3c2ccn3S(=O)(=O)c2ccccc2)CC1
6805,CHEMBL5563739,9190.0,Cc1cccc(Oc2ccc3nc4c(c(N)c3c2)CCCC4)c1.Cl
5172,CHEMBL4639357,9200.0,COc1cccc(C2C([N+](=O)[O-])C(Cc3c[nH]cn3)NC23c2ccccc2-c2nc4ccccc4nc23)c1
3253,CHEMBL3335052,9200.0,O=c1oc2cc(OCCCCN3CCC(Cc4ccccc4)CC3)ccc2c2c1CCCC2
5369,CHEMBL4787451,9200.0,CCN(C)C(=O)Oc1ccc(-c2cc(=O)c3c(OC(=O)N(C)CC)cc(OC(=O)N(C)CC)cc3o2)cc1
2066,CHEMBL1257996,9200.0,CCCNc1c2c(nc3ccc(OC)cc13)CCCC2.Cl
612,CHEMBL162734,9200.0,c1ccc2c(c1)CN1CCCCCCC1=N2
5252,CHEMBL4762463,9240.0,Cc1cc(S(=O)(=O)NN)c(C(C)C)cc1O
4679,CHEMBL4284580,9250.0,O=C(O)/C=C/c1ccc2occ(C(=O)Nc3ccccc3)c(=O)c2c1
5275,CHEMBL4750838,9250.0,COc1ccc2nc3cc(Cl)ccc3c(Nc3ccc(C(=O)NO)cc3)c2n1
3892,CHEMBL3822790,9260.0,COc1ccc2[nH]cc(CCNC(=O)CC3CCN(Cc4ccc(C)cc4)CC3)c2c1
4446,CHEMBL4163016,9267.0,COc1cc2c(cc1OC)C(=O)C(Cc1cc[n+](Cc3nc4ccccc4o3)cc1C(N)=O)C2.[Br-]
764,CHEMBL2093019,9300.0,C#CCN[C@H]1CCc2ccc(OC(=O)N(C)CCCC)cc21.Cl
66,CHEMBL154950,9300.0,C/N=c1\c(O)c(O)\c1=N/CCNCc1ccc(CN2CCCCC2)o1
5600,CHEMBL4785206,9310.0,COc1cc(/C=C/C(=O)NCC(=O)Nc2cccc(C(F)(F)F)c2)ccc1O
4689,CHEMBL4285749,9320.0,CN(C)CCOC(=O)/C=C/c1ccc2occ(C(=O)Nc3ccc(Cl)cc3)c(=O)c2c1
3102,CHEMBL3262673,9330.0,COc1cc2c(cc1OC)C(Cc1ccc(OCCCCCCN3CCC(c4ccccc4)CC3)cc1)NCC2
1447,CHEMBL540178,9340.0,CCN(CCCCCCNC1=CC(=O)C(NCCCCCCN(CC)[C@H](C)c2ccccc2OC)=CC1=O)[C@H](C)c1ccccc1OC
2622,CHEMBL2238003,9370.0,CC1Cc2nc3nc(-c4ccccc4)cc(C(F)(F)F)c3c(N)c2C1
1711,CHEMBL140769,9400.0,O=C(C1CCCCC1)N(CCC1CCN(Cc2ccccc2)CC1)c1ccccc1
2555,CHEMBL2047229,9400.0,COc1ccc(CNc2ccnc(NC3CCN(Cc4ccccc4)CC3)n2)cc1
5045,CHEMBL4467037,9400.0,O=C(c1c(F)ccc(F)c1F)n1nc(OCCN2CCCCC2)c2ccccc21
2431,CHEMBL1915759,9400.0,CCCCOC(=O)C(C)CC(=O)C[C@@H](C)[C@H]1CC(=O)[C@@]2(C)C3=C(C(=O)[C@@H](OC(C)=O)[C@]12C)[C@@]1(C)CC[C@H](O)C(C)(C)[C@@H]1CC3=O
2949,CHEMBL3115198,9430.0,Cc1ccccc1/C=C1\CN(C(=O)[C@@H]2CCN(C)[C@]23C(=O)Nc2ccccc23)C[C@]2(C1=O)[C@H](c1ccccc1C)CN(C)[C@]21C(=O)Nc2ccccc21
2804,CHEMBL2419681,9430.0,N#Cc1c(Cl)nc(NC2CCN(Cc3ccccc3)CC2)c(C#N)c1-c1ccccc1
5658,CHEMBL4788885,9450.0,COc1cccc2cc[n+](-c3cccc(Cl)c3)cc12.[Br-]
7130,CHEMBL6168783,9480.0,O=C1c2c(sc3c2CCCCC3)OC(c2ccccc2)N1c1ccc(Cl)cc1
1615,CHEMBL1085280,9500.0,C[n+]1c(-c2ccccc2)cn2cc(C(N)=O)ccc21.[I-]
515,CHEMBL32768,9500.0,CCCCCCCCOC[n+]1ccn(C)c1/C=N/O.[Cl-]
4607,CHEMBL4216601,9500.0,COc1ccc(Cn2cc(C(=O)NCCCCNc3c4c(nc5ccc(OC)cc35)CCCC4)c(=O)c3ccccc32)cc1
3132,CHEMBL3290189,9520.0,O=C1/C(=C\c2ccc(N3CCCC3)cc2)CNC/C1=C\c1ccc(N2CCCC2)cc1
3546,CHEMBL3605418,9520.0,Cc1ccccc1-c1nnc(-c2ccc3c(c2)CO[C@@]3(CCCN(C)C)c2ccc(F)cc2)[nH]1
6001,CHEMBL5170719,9522.0,CCN(CC)C(=O)c1ccc2c(c1)nc(Cc1ccc(OC(=O)NCCCCCCN3CCc4ccccc4C3)cc1)n2CCC(C)C
2888,CHEMBL3087675,9540.0,CC1=C(CC(=O)NCCCNCCCNC2=CC(=O)C(NCCCNCCCNC(=O)CC3=C(C)/C(=C\c4ccc([S+](C)[O-])cc4)c4ccc(F)cc43)=CC2=O)c2cc(F)ccc2/C1=C/c1ccc([S+](C)[O-])cc1
3097,CHEMBL3262668,9590.0,COc1cc2c(cc1OC)C(Cc1ccc(OCCCCCCN3CCC(O)CC3)cc1)NCC2
3357,CHEMBL3407586,9600.0,CCOC(=O)c1cc2cc(OCCCC3CCN(Cc4ccccc4)CC3)ccc2[nH]1
3736,CHEMBL3759090,9600.0,CC(C)=CC[C@H]1C[C@@]2(CC=C(C)C)C(=O)O[C@@](CC=C(C)C)(C(=O)[C@@H](C(=O)C(C)C)[C@]1(C)C/C=C/C(C)(C)O)C2=O
6814,CHEMBL5568964,9620.0,COc1ccccc1Oc1ccc2nc3c(c(N)c2c1)CCCCC3.Cl
6919,CHEMBL5647542,9630.0,COc1ccc(-c2cc(-c3ccccc3)nc3[nH]nc(N)c23)cc1OC
6136,CHEMBL5172348,9700.0,CCN(C)C(=O)Oc1ccc(C2CC(=O)c3c(O)cc(OC(=O)N(C)CC)cc3O2)cc1
5040,CHEMBL4540814,9700.0,O=C(c1ccccc1Cl)n1nc(OCCN2CCCC2)c2ccccc21
5041,CHEMBL4539963,9700.0,O=C(c1ccccc1Cl)n1nc(OCCCN2CCCCC2)c2ccccc21
2969,CHEMBL3116289,9700.0,CCCCCn1nc(OCc2ccc(OC)cc2)c2cc([N+](=O)[O-])ccc21
3959,CHEMBL3931599,9700.0,C#CCN(Cc1ccc2cccc(O)c2n1)CC1CCN(Cc2ccccc2)CC1
2779,CHEMBL2413744,9730.0,Clc1ccc2[nH]c(-c3ccc(OCCN4CCOCC4)cc3)nc2c1
2715,CHEMBL2332537,9760.0,C=CC(=O)N1C/C(=C\c2cccc([N+](=O)[O-])c2)C(=O)/C(=C/c2cccc([N+](=O)[O-])c2)C1
2751,CHEMBL2332537,9760.0,C=CC(=O)N1C/C(=C\c2cccc([N+](=O)[O-])c2)C(=O)/C(=C/c2cccc([N+](=O)[O-])c2)C1
2796,CHEMBL2419689,9770.0,N#Cc1c(NCCC2CCN(Cc3ccccc3)CC2)nc(NCCC2CCN(Cc3ccccc3)CC2)c(C#N)c1-c1ccccc1
3584,CHEMBL3623560,9780.0,CC(C)Cn1cc(C(=O)C(F)F)cn1
7022,CHEMBL6165762,9800.0,COc1ccc2c3c1O[C@H]1C[C@@H](O)C=C[C@@]31CCN(C(C)=O)C2
6474,CHEMBL5283896,9800.0,O=C1CC2CCc3ccsc3C2=NN1CCCCCCN1CCN(Cc2cccc3c2ccn3S(=O)(=O)c2ccccc2)CC1
2359,CHEMBL1834067,9800.0,OCCN1CCN(c2nccc(NCc3cccc4ccccc34)n2)CC1
2215,CHEMBL1082978,9800.0,c1ccc(CCNc2ccnc(N3CCCC3)n2)cc1
3452,CHEMBL3581580,9800.0,C/C(=C\C[C@]12C[C@H]3C[C@@H]4C(C)(C)CC[C@@]4(C1=O)C(=O)[C@](C(=O)c1ccccc1)(C2=O)C3(C)C)CC/C=C/C(C)C
938,CHEMBL363588,9810.0,CNC(=O)Oc1cccc(CN(C)CCCCCCCOc2ccc3c(c2)OC/C(=C\c2cc(OC)c(OC)c(OC)c2)C3=O)c1
175,CHEMBL134240,9810.0,Nc1c2c(nc3ccc(Cl)cc13)OCCC2
6013,CHEMBL5196988,9820.0,COc1ccc(OCCCN(C)C(=O)c2cnc(CC(=O)c3ccc(OC)cc3)nc2)cc1
2098,CHEMBL1288823,9860.0,COc1cc2c(cc1OC)C(=O)C1(C2)C(c2ccc(F)cc2)C(c2ccccc2)NC12C(=O)Nc1ccc(Cl)cc12
4697,CHEMBL4282755,9870.0,CCN(CC)CCOC(=O)/C=C/c1ccc2oc(C(=O)Nc3ccc(C)cc3)cc(=O)c2c1
341,CHEMBL76640,9887.0,CNC(=O)Oc1ccc2c(c1)[C@@]1(C)CCN(C)C1N2C
2041,CHEMBL1243269,9887.0,CNC(=O)Oc1ccc2c(c1)[C@@]1(C)CCN(C)[C@@H]1N2C
143,CHEMBL76640,9890.0,CNC(=O)Oc1ccc2c(c1)[C@@]1(C)CCN(C)C1N2C
1008,CHEMBL382351,9890.0,CNC(=O)Oc1ccc2c(c1)[C@@]1(C)CCN(C)[C@H]1N2C
1323,CHEMBL496259,9900.0,CN[C@@H](C)[C@H]1CC[C@H]2[C@@H]3CC=C4C(=O)[C@@H](NC(=O)C=C(C)C)CC[C@]4(C)[C@H]3CC[C@]12C
2554,CHEMBL2047230,9900.0,COc1ccc(CNc2ccnc(NC3CCN(Cc4ccccc4)CC3)n2)cc1OC
3795,CHEMBL1801815,9900.0,O=C(c1ccccc1)N1c2ccccc2Sc2ccc(Cl)cc21
2558,CHEMBL2047226,9900.0,Brc1ccc(CNc2ccnc(NC3CCN(Cc4ccccc4)CC3)n2)cc1
3840,CHEMBL3809337,9900.0,COc1cc2occ(-c3ccc(O)cc3O)c(=O)c2c(O)c1CC=C(C)C
5613,CHEMBL4785400,9910.0,COc1cccc(N2CCN(C(=O)/C=C/c3ccc(O)c(OC)c3)CC2)c1
5720,CHEMBL4785400,9910.0,COc1cccc(N2CCN(C(=O)/C=C/c3ccc(O)c(OC)c3)CC2)c1
4083,CHEMBL4086323,9930.0,COc1cc(/C=C/C(=O)Nc2ccccc2)ccc1OCCCCCCCCCCN(C)C
6019,CHEMBL5204734,9940.0,CN(CCCOc1ccc([N+](=O)[O-])cc1)C(=O)c1cnc(CC(=O)c2ccccc2)nc1
5701,CHEMBL636,9940.0,CCN(C)C(=O)Oc1cccc([C@H](C)N(C)C)c1
5086,CHEMBL3696475,9940.0,Cc1c([C@@H](O)CN2CCN(C[C@H](O)c3ccc4c(c3C)COC4=O)CC2)ccc2c1COC2=O
3478,CHEMBL3586198,9980.0,COc1ccc(C(=O)O[C@H]2CC[C@@]3(C)[C@@H](CC[C@@]4(C)C[C@@]5(O)[C@H](CC[C@@H]43)[C@@]3(C)CC[C@@H](O)C(C)(C)[C@@H]3C[C@@H]5O)[C@@]2(C)C(=O)O)cc1O
1801,CHEMBL1083054,10000.0,c1ccc(-c2ccc(NCCCCCN3Cc4ccccc4CN3)nn2)cc1
201,CHEMBL62031,10000.0,COc1ccc(C(=O)COc2cccc([N+](C)(C)C)c2)cc1OC.[Br-]
203,CHEMBL60180,10000.0,COc1ccc(C(=O)COc2ccc([N+](C)(C)C)cc2)cc1OC.[Br-]
116,CHEMBL86233,10000.0,COc1cc2cc(CC3CC[N+](C)(Cc4ccccc4)CC3)sc2cc1OC.[Br-]
252,CHEMBL155768,10000.0,CC1CCN(C(=O)c2ccccc2)CC1
191,CHEMBL61515,10000.0,C=CCC[N+](C)(C)c1ccccc1O.[Br-]
3664,CHEMBL1256415,10000.0,COc1ccc2nc3c(c(N)c2c1)CCCC3
4605,CHEMBL4205910,10000.0,COc1ccc(Cn2cc(C(=O)NCCCCCCNc3c4c(nc5ccc(OC)cc35)CCCC4)c(=O)c3ccccc32)cc1
6262,CHEMBL5270908,10000.0,COc1ccc(-c2cc3cc4c(=O)c(C=O)coc4cc3o2)cc1
6026,CHEMBL5171268,10000.0,COc1ccc(C(=O)Cc2ncc(C(=O)NCc3ccc(OC)c(OC)c3)cn2)cc1
4706,CHEMBL4285972,10000.0,CN1CCN(C2CCN(C(=O)COc3ccc(-c4ccccc4)cc3)CC2)CC1
2121,CHEMBL1642985,10000.0,CC(C)(C)c1cc[n+](Cc2ccccc2C[n+]2ccc(C(C)(C)C)cc2)cc1.[Br-].[Br-]
1594,CHEMBL1084785,10000.0,CN(C)C(=O)Oc1ccc(-c2cn3c(C(F)(F)F)cccc3[n+]2C)cc1.[Cl-]
2366,CHEMBL1834074,10000.0,c1ccc(C(Nc2ccnc(N3CCN(C4CCCCC4)CC3)n2)c2ccccc2)cc1
6990,CHEMBL6134414,10000.0,C=CCc1ccc(Oc2cc(CC=C)cc(-c3cc(CC=C)ccc3O)c2O)cc1
1835,CHEMBL420827,10000.0,CN(CCOCCNC(=S)Nc1cccc2ccccc12)Cc1ccccc1
5784,CHEMBL1256415,10000.0,COc1ccc2nc3c(c(N)c2c1)CCCC3
4612,CHEMBL1256415,10000.0,COc1ccc2nc3c(c(N)c2c1)CCCC3
5750,CHEMBL4872783,10000.0,COc1ccc2nc3c(c(N)c2c1)CCCC3.Cl
5012,CHEMBL1256415,10000.0,COc1ccc2nc3c(c(N)c2c1)CCCC3
4030,CHEMBL3919289,10000.0,O=C1NCCCc2c1c1ccccc1n2CCc1ccc(F)cc1
5723,CHEMBL4874576,10000.0,Cc1ccc2nc3c(c(N)c2c1)CCC3.Cl
6260,CHEMBL5278858,10000.0,O=c1c(O)c(-c2ccccc2)oc2cc(Br)c(I)cc12
1840,CHEMBL329733,10000.0,CCN(CCOCCNC(=O)NCc1ccccc1)CC1CCCCC1
198,CHEMBL58511,10000.0,C=CC[N+](C)(C)c1ccc(OCC(=O)c2ccc(OC)c(OC)c2)cc1.[Br-]
193,CHEMBL61965,10000.0,COc1ccc(C(=O)COc2ccc([N+](C)(C)Cc3ccccc3)cc2)cc1OC.[Br-]
481,CHEMBL62373,10000.0,CCCN1CCCC(c2cccc(OC(=O)NC(C)C)c2)C1
5168,CHEMBL4644961,10020.0,Cc1ccccc1C1C([N+](=O)[O-])C(Cc2c[nH]cn2)NC12c1ccccc1-c1nc3ccccc3nc12
6372,CHEMBL471187,10030.0,Oc1cc(O)cc(Oc2c(O)cc(O)c3c2Oc2c(O)cc(O)cc2O3)c1
6513,CHEMBL5429608,10042.0,CN(CCC1CCCCCC1)Cc1c[nH]c2c(OC(=O)N(C)C(C)(C)C)cccc12
4508,CHEMBL4166003,10100.0,Cc1cccc(C2NC(=S)Nc3nc4c(c(N)c32)CCCC4)c1
5463,CHEMBL4754607,10110.0,CN1C[C@@H](c2ccccc2Cl)[C@@]2(CSc3ccccc3C2=O)C12C(=O)c1ccccc1C2=O
6003,CHEMBL5201804,10120.0,CCCCCCCNC(=O)Oc1ccc(Cc2nc3cc(C(=O)N(CC)CC)ccc3n2CCN2CCCCC2)cc1
2624,CHEMBL2238001,10130.0,Nc1c2c(nc3nc(-c4ccccc4)cc(C(F)(F)F)c13)CCCCC2
4724,CHEMBL4285759,10132.0,Cc1cccc2c1ccc1c3c(c(=O)oc(=O)c12)[C@@H](C)CO3
5368,CHEMBL4789142,10200.0,CON(C)C(=O)Oc1ccc(-c2cc(=O)c3c(O)cc(OC(=O)N(C)OC)cc3o2)cc1
5603,CHEMBL4782581,10240.0,COc1cc(/C=C/C(=O)NCC(=O)Nc2ccc(Br)cc2)ccc1O
2886,CHEMBL3087677,10300.0,COc1ccc2c(c1)c(CC(=O)NCCCNCCCNC1=CC(=O)C(NCCCNCCCNC(=O)Cc3c(C)n(C(=O)c4ccc(Cl)cc4)c4ccc(OC)cc34)=CC1=O)c(C)n2C(=O)c1ccc(Cl)cc1
1119,CHEMBL224469,10300.0,CN(CCCCCCCCOc1ccc2c(=O)c3ccccc3oc2c1)Cc1ccccc1
2553,CHEMBL2047231,10300.0,COc1cc(CNc2ccnc(NC3CCN(Cc4ccccc4)CC3)n2)cc(OC)c1OC
2628,CHEMBL2237997,10360.0,Nc1cc(-c2cccs2)nc2nc(-c3ccccc3)cc(C(F)(F)F)c12
6416,CHEMBL5273380,10400.0,O=c1c(/C=N/Nc2ccc(C(F)(F)F)cc2)coc2c1ccc1oc(-c3cccc(F)c3)cc12
5376,CHEMBL4756491,10400.0,COc1ccc2cc3[n+](cc2c1OCc1ccccc1C)CCc1cc2c(cc1-3)OCO2.[Br-]
3205,CHEMBL3338991,10470.0,CN(C)CCCOc1ccc(C(=O)/C=C/c2ccccc2)cc1
1344,CHEMBL455790,10500.0,Cc1ccc(C(=O)c2c(-c3ccc(OCCCCCCCN(C)Cc4ccccc4)cc3)oc3ccccc23)cc1
3329,CHEMBL1256415,10500.0,COc1ccc2nc3c(c(N)c2c1)CCCC3
2424,CHEMBL1256415,10500.0,COc1ccc2nc3c(c(N)c2c1)CCCC3
5697,CHEMBL4779440,10500.0,Brc1ccc([N+]2=Cc3ccccc3CC2)cc1.[Br-]
5043,CHEMBL4445553,10500.0,O=C(c1cccc(Cl)c1Cl)n1nc(OCCN2CCCCC2)c2ccccc21
2866,CHEMBL2441678,10500.0,COc1ccc(C(F)(F)F)c[n+]1CCC[n+]1cc(C(F)(F)F)ccc1OC.O=S(=O)([O-])C(F)(F)F.O=S(=O)([O-])C(F)(F)F
718,CHEMBL542749,10500.0,CCN(C)C(=O)Oc1cccc2c1C(N)CC2.Cl
6041,CHEMBL5198839,10520.0,Cc1cccc2sc(NC(=O)CCN3CCN(C4CCN(C)CC4)CC3)nc12
2933,CHEMBL3115024,10520.0,COc1cc2[se]n(-c3ccc(CCN4CCCCC4)cc3)c(=O)c2cc1OC
4113,CHEMBL636,10540.0,CCN(C)C(=O)Oc1cccc([C@H](C)N(C)C)c1
3224,CHEMBL636,10540.0,CCN(C)C(=O)Oc1cccc([C@H](C)N(C)C)c1
4488,CHEMBL4169394,10590.0,Cc1cc(=O)oc2cc(OCCSC(=S)N(C)C)ccc12
5500,CHEMBL4754186,10600.0,O=c1ccoc2ccc(OCCCN3CCCCCC3)cc12
6138,CHEMBL5186955,10600.0,CCN(C)C(=O)Oc1ccc(C2CC(=O)c3c(OC(=O)N(C)CC)cc(OC(=O)N(C)CC)cc3O2)cc1
6259,CHEMBL4754186,10600.0,O=c1ccoc2ccc(OCCCN3CCCCCC3)cc12
69,CHEMBL286990,10600.0,C[n+]1ccn(COCC(C)(C)[N+](=O)[O-])c1/C=N/O.[Cl-]
5295,CHEMBL4793075,10600.0,CCN(C)C(=O)Oc1ccc(/C=C/C(=O)N2CCc3ccccc3C2)cc1OC
5998,CHEMBL4754186,10600.0,O=c1ccoc2ccc(OCCCN3CCCCCC3)cc12
6837,CHEMBL5573115,10600.0,CN(CCc1cccnc1)Cc1ccc(COc2ccc3c(CO)cc(=O)oc3c2)cc1
3477,CHEMBL3586197,10670.0,CC1(C)C(=O)CC[C@@]2(C)[C@H]1CC[C@@]1(C)CC3=CC(=O)[C@H]4C(C)(C)[C@H](O)CC[C@]4(C)[C@H]3CC[C@@H]12
2793,CHEMBL2413746,10680.0,CN(C)CCOc1ccc(-c2nc3ccccc3[nH]2)cc1
4490,CHEMBL4174290,10700.0,c1ccc2c(c1)CN[C@@H](CN(CC[C@H]1CCCNC1)[C@H]1CCCc3cccnc31)C2
5288,CHEMBL4747710,10700.0,CCN(C)C(=O)Oc1ccc(/C=C/C(=O)N2CCCCC2)cc1OC
4396,CHEMBL4128191,10720.0,C=C(C)[C@@H](O)CC[C@]1(C)[C@@H](CC=C(C)C)C[C@]2(CC=C(C)C)C(=O)C3=C(O[C@H](C(C)(C)O)C3)[C@@]1(C(=O)C(C)C)C2=O
1030,CHEMBL207931,10730.0,COc1ccc(C(O)c2nccc3cc(OC)c(OC)cc23)cc1OC
746,CHEMBL2093013,10800.0,C#CCN[C@@H]1CCc2ccc(OC(=O)N(C)CCC)cc21.Cl
4506,CHEMBL4171284,10800.0,Nc1c2c(nc3c1C(c1ccccc1)NC(=S)N3)CCCC2
2938,CHEMBL3115027,10850.0,O=c1c2ccccc2[se]n1-c1ccc(CN2CCCCC2)cc1
4387,CHEMBL4127747,10880.0,CC(C)=CC[C@H]1C[C@@]2(CC=C(C)C)C(=O)[C@](C(=O)C(C)C)(C(=O)C3=C2O[C@H](C(C)(C)O)C3)[C@]1(C)CCC(=O)C(C)C
5445,CHEMBL636,10900.0,CCN(C)C(=O)Oc1cccc([C@H](C)N(C)C)c1
6673,CHEMBL389400,10900.0,COc1ccc2c(c1)C(=O)c1nccc3cc4c(c-2c13)OCO4
6939,CHEMBL3545708,10900.0,CC(c1ccc2c(c1)oc(=O)c1ccccc12)N(C)C
3274,CHEMBL3335017,10900.0,CC(c1ccc2c(c1)oc(=O)c1ccccc12)N(C)C.Cl
6039,CHEMBL5203777,10910.0,Cc1cccc2sc(NC(=O)CCN3CCN(C4CCCCC4)CC3)nc12
2937,CHEMBL3115029,10930.0,O=c1c2ccccc2[se]n1-c1ccc(OCCN2CCCCC2)cc1
2664,CHEMBL2297278,10950.0,COc1cc(O)c(-c2cc(=O)c3c(O)cc(O)cc3o2)cc1C/C=C(\C)CCC=C(C)C
1445,CHEMBL555300,11000.0,CCN(CCCCCCNC1=CC(=O)C(NCCCCCCN(CC)[C@@H](C)c2ccccc2OC)=CC1=O)[C@H](C)c1ccccc1OC
3605,CHEMBL3623560,11000.0,CC(C)Cn1cc(C(=O)C(F)F)cn1
1804,CHEMBL1084257,11000.0,CN(CCCCNc1ccc(-c2ccccc2)nn1)Cc1ccccc1
6298,CHEMBL5274086,11000.0,COc1ccc2c3ccnc(C)c3n(CC3CC(c4ccccc4)=NO3)c2c1
53,CHEMBL154433,11000.0,N#CC(C#N)=C1NCCN1CCNCc1ccc(CN2CCOCC2)o1
5042,CHEMBL4563523,11000.0,O=C(c1cccc(F)c1F)n1nc(OCCN2CCCC2)c2ccccc21
250,CHEMBL340409,11000.0,O=C1CCN(Cc2ccccc2)C/C1=C\c1ccc[nH]1
6539,CHEMBL5414144,11000.0,CCN1/C(=C/C(C)=O)Sc2ccc(OC(=O)NC3CCCCC3)cc21
243,CHEMBL129684,11000.0,CC(=O)n1cc(/C=C2\CN(Cc3ccccc3)CCC2=O)c2ccccc21
5614,CHEMBL4779302,11040.0,COc1cc(/C=C/C(=O)N2CCN(c3ccc(F)cc3)CC2)ccc1O
4101,CHEMBL4074258,11110.0,COc1cc(/C=C/C(=O)Nc2ccccc2)ccc1OCCCCCCCCCCN1CCCCC1
5469,CHEMBL4800067,11120.0,CN1C[C@@H](c2ccccc2)[C@@]2(CSc3ccccc3C2=O)C12C(=O)c1ccccc1C2=O
4225,CHEMBL4066805,11120.0,COc1ccccc1N1C(=O)C2CN(C)C3(C(=O)c4ccccc4C3=O)C2C1=O
3860,CHEMBL3818918,11135.0,COc1cccc2c1C(=O)/C(=C/C1CCN(Cc3ccc4c(c3)OCO4)CC1)C2
5617,CHEMBL4788008,11150.0,COc1cc(/C=C/C(=O)N2CCN(c3ccc(Cl)cc3)CC2)ccc1O
2744,CHEMBL2380669,11200.0,Cc1ccccc1/C=C1\CN(C(=O)[C@H]2C[C@H]3CCCN3[C@]23C(=O)Nc2cc(Cl)ccc23)C/C(=C\c2ccccc2C)C1=O
2088,CHEMBL1289392,11200.0,COc1cc2c(cc1OC)C(=O)C1(C2)C(c2ccccc2)CN(C)C12C(=O)Nc1ccc(Cl)cc12
336,CHEMBL99655,11223.0,CN1CC[C@]2(C)c3cc(OC(=O)Nc4ccccc4)ccc3N(Cc3ccccc3)C12
4398,CHEMBL4129940,11260.0,CC(C)=CCC[C@]1(C)[C@@H](CC=C(C)C)C[C@@]2(CC=C(C)C)C(=O)[C@]1(C(=O)C(C)C)C(=O)C1=C2O[C@@H](C(C)(C)O)[C@@H]1O
7020,CHEMBL1385,11290.0,COc1ccc2c3c1O[C@H]1C[C@@H](O)C=C[C@@]31CCNC2
6460,CHEMBL269538,11300.0,COc1ccc2c(c1)[nH]c1c(C)nccc12
747,CHEMBL541885,11300.0,C#CCNC1CCc2ccc(OC(=O)N(C)CCCC)cc21.Cl
4435,CHEMBL4163761,11300.0,CC1(c2nccc3cc4c(cc23)OCO4)OC(O)c2c1ccc1c2OCO1
3244,CHEMBL3335061,11400.0,COc1cccc(CN2CCN(CCOc3ccc4c(c3)oc(=O)c3ccccc34)CC2)c1
5794,CHEMBL4863376,11400.0,Fc1ccc2[nH]c3ccncc3c2c1
2696,CHEMBL2332542,11410.0,COc1ccccc1/C=C1\CN(C(=O)C[C@H]2C[C@H]3CCCN3[C@]23C(=O)Nc2ccccc23)C[C@@]2(C[C@H]3CCCN3[C@@]23C(=O)Nc2ccccc23)C1=O
2388,CHEMBL195437,11471.0,CCCCCCCCc1ccc(O)cc1
75,CHEMBL50608,11480.0,Nc1cc(-c2ccccc2)nc2ccccc12
544,CHEMBL32585,11500.0,CC(OC[n+]1ccn(C)c1/C=N/O)C(C)(C)C.[Cl-]
7086,CHEMBL6134022,11550.0,C[C@@H]1CC[C@]2(C(=O)O)CC[C@]3(C)C(=CC[C@@H]4[C@@]5(C)C[C@@H](OC(=O)CCc6ccccc6)[C@H](O)[C@@](C)(CO)[C@@H]5CC[C@]43C)[C@@H]2[C@]1(C)O
2446,CHEMBL1915765,11580.0,CCCCOC(=O)CC[C@@H](C)[C@H]1CC[C@@]2(C)C3=C(C(=O)C[C@]12C)[C@@]1(C)CC[C@H](O)C(C)(C)[C@@H]1C[C@@H]3O
6509,CHEMBL5408499,11593.0,CN(CCC1CCCCCC1)Cc1c[nH]c2c(O)cccc12
5047,CHEMBL4441005,11600.0,COc1cc(C(=O)n2nc(OCCN3CCCC3)c3ccccc32)cc(OC)c1OC
1174,CHEMBL242190,11600.0,CCN(Cc1ccccc1OC)C(=O)CCCCCNC1=CC(=O)C(NCCCCCC(=O)N(CC)Cc2ccccc2OC)=CC1=O
5046,CHEMBL4473145,11600.0,Cc1cc(C)c(C(=O)n2nc(OCCN3CCCCC3)c3ccccc32)c(C)c1
720,CHEMBL1788306,11600.0,C#CCN[C@@H]1CCc2ccc(OC(=O)N(C)CCCC)cc21.Cl
1456,CHEMBL574267,11700.0,COc1cc2nc3c(c(N)c2cc1OC)C1CC(C)=CC(C3)C1
1544,CHEMBL597406,11700.0,CN(Cc1ccccc1)Cc1ccc(/C=C2\Cc3ccccc3C2=O)cc1
2360,CHEMBL1834068,11700.0,COCCN1CCN(c2nccc(NCc3cccc4ccccc34)n2)CC1
5165,CHEMBL4632770,11800.0,O=[N+]([O-])C1C(Cc2c[nH]cn2)NC2(c3ccccc3-c3nc4ccccc4nc32)C1c1ccccc1
4314,CHEMBL4065259,11800.0,CN1c2ccccc2C(N2CCSCC2)c2ccccc21
1081,CHEMBL375077,11800.0,COc1ccc2c(c1)c1ccnc(C)c1n2C
2752,CHEMBL2332536,11810.0,C=CC(=O)N1C/C(=C\c2ccccc2F)C(=O)/C(=C/c2ccccc2F)C1
2716,CHEMBL2332536,11810.0,C=CC(=O)N1C/C(=C\c2ccccc2F)C(=O)/C(=C/c2ccccc2F)C1
6114,CHEMBL449947,11860.0,O=C(OC[C@H]1O[C@@H](OC(=O)c2cc(O)c(O)c(O)c2)[C@H](OC(=O)c2cc(O)c(O)c(O)c2)[C@@H](OC(=O)c2cc(O)c(O)c(O)c2)[C@@H]1O)c1cc(O)c(O)c(O)c1
392,CHEMBL348216,11900.0,C#CC(C)OC[n+]1ccn(C)c1/C=N/O.[Cl-]
5584,CHEMBL4793096,11900.0,O=C(/C=C/c1ccc(OCCCCN2CCC(Cc3ccccc3)CC2)cc1)c1c(O)cc(OCCCCN2CCC(Cc3ccccc3)CC2)cc1O
2706,CHEMBL2332974,11920.0,O=C1/C(=C/c2ccccc2Cl)CN(C(=O)C[C@H]2C[C@H]3CCCN3[C@]23C(=O)Nc2ccccc23)C/C1=C\c1ccccc1Cl
4940,CHEMBL4445345,11940.0,Cc1cc(=O)oc2ccc(OC/C=C/CCn3cnc4c(N5CCCCC5)ncnc43)cc12
2173,CHEMBL1669493,12000.0,[Br-].[Br-].c1ccc2c[n+](Cc3ccc(C[n+]4ccc5ccccc5c4)cc3)ccc2c1
3692,CHEMBL592624,12000.0,COC(=O)C1=C(C)OP(=O)(OC)CCC1
5017,CHEMBL4475391,12000.0,COc1ccc2nc3c(c(NCCCCNC(=O)[C@@H](N)Cc4c[nH]c5ccccc45)c2c1)CCCC3.Cl.Cl
3193,CHEMBL3310705,12000.0,COC(=O)C(CC1=C(c2ccccc2)CC(C)(C)ON1C(C)=O)C(=O)OC
2122,CHEMBL1642981,12000.0,CC(C)(C)c1cc[n+](COC[n+]2ccc(C(C)(C)C)cc2)cc1.[Cl-].[Cl-]
1718,CHEMBL140936,12000.0,CCN(CCC1CCN(Cc2ccccc2)CC1)c1ccccc1
4261,CHEMBL1340607,12000.0,COc1ccc(NC(S)=NCCN2CCC(C)CC2)cc1Cl
5616,CHEMBL4791662,12050.0,COc1ccc(N2CCN(C(=O)/C=C/c3ccc(O)c(OC)c3)CC2)cc1
3559,CHEMBL3604192,12100.0,CN(C)c1ccc(C(=O)NCCNc2c3c(nc4ccccc24)CCCC3)cc1.Cl
2776,CHEMBL2409141,12100.0,CC1=C[C@H]2Cc3[nH]c(=O)ccc3[C@@]3(C1)[C@@H]2[C@H](C)CN3C
3153,CHEMBL3323068,12100.0,CCN(CC)CCCOc1ccc2nc3n(c(=O)c2c1)CCCCC3
3283,CHEMBL3355594,12110.0,C/C=C1/[C@@H]2Cc3[nH]c(=O)ccc3[C@@]1(N)C[C@]1(C)O[C@H]21
7067,CHEMBL6160218,12150.0,N/C(=N\O)c1cccc(NC(=O)Nc2cccc([N+](=O)[O-])c2)c1
3858,CHEMBL3819574,12155.0,COc1cccc(CN2CCC(/C=C3\Cc4cccc(OC)c4C3=O)CC2)c1
749,CHEMBL147031,12200.0,C#CCNC(C)Cc1cccc(OC(=O)N(C)CCCC)c1
4437,CHEMBL4163761,12200.0,CC1(c2nccc3cc4c(cc23)OCO4)OC(O)c2c1ccc1c2OCO1
2101,CHEMBL1288825,12200.0,COc1cc2c(cc1OC)C(=O)C1(C2)C(c2ccccc2Cl)C(c2ccccc2)NC12C(=O)Nc1ccc(Cl)cc12
3894,CHEMBL3824362,12220.0,COc1ccc2[nH]cc(CCNC(=O)C3CCN(Cc4ccccc4)CC3)c2c1
7066,CHEMBL6160389,12220.0,N/C(=N\O)c1cccc(NC(=O)Nc2ccc(C(F)(F)F)cc2)c1
4229,CHEMBL4093532,12240.0,CC(C)c1ccc(N2C(=O)C3CN(C)C4(C(=O)c5ccccc5C4=O)C3C2=O)cc1
5451,CHEMBL4761620,12240.0,O=C1c2ccccc2C(=O)C12N1CSC[C@@H]1[C@@H](c1cccc(F)c1)[C@@]21CSc2ccccc2C1=O
6815,CHEMBL5563895,12250.0,Cc1cccc(Oc2ccc3nc4c(c(N)c3c2)CCCCC4)c1.Cl
2447,CHEMBL1915766,12260.0,CCCCOC(=O)CC[C@@H](C)[C@H]1CC[C@@]2(C)C3=C(C(=O)C[C@]12C)[C@@]1(C)CCC(=O)C(C)(C)[C@@H]1C[C@@H]3O
4313,CHEMBL4077169,12300.0,CN1c2ccccc2C(N2CCOCC2)c2ccccc21
6139,CHEMBL4787451,12300.0,CCN(C)C(=O)Oc1ccc(-c2cc(=O)c3c(OC(=O)N(C)CC)cc(OC(=O)N(C)CC)cc3o2)cc1
5292,CHEMBL4741070,12300.0,COc1cc(/C=C/C(=O)N2CCc3ccccc3C2)ccc1OC(=O)N(C)OC
2789,CHEMBL2413733,12340.0,Cc1ccc2[nH]c(-c3ccc(OCCN(C)C)cc3)nc2c1
2219,CHEMBL1766146,12400.0,c1ccc(CNc2ccnc(NC3CCN(Cc4ccccc4)CC3)n2)cc1
4317,CHEMBL4088659,12400.0,CN1c2ccccc2C(n2nnc3ccccc32)c2ccccc21
3118,CHEMBL3289924,12430.0,CCOC(OCC)c1ccc(/C=C2\CCC/C(=C\c3ccc(C(OCC)OCC)cc3)C2=O)cc1
2708,CHEMBL2332549,12470.0,Cc1ccccc1/C=C1\CN(C(=O)C[C@H]2C[C@H]3CCCN3[C@]23C(=O)Nc2ccccc23)C/C(=C\c2ccccc2C)C1=O
468,CHEMBL34002,12487.0,CCN1CC[C@@]2(C)c3cc(OC(=O)NC(C)(C)C)ccc3CC12
1688,CHEMBL1085126,12487.0,CCN1CC[C@@]2(C)c3cc(OC(=O)NC(C)(C)C)ccc3C[C@@H]12
4155,CHEMBL4096673,12500.0,COc1ccc(CCNc2nc(CC(N)=O)nc3ccccc23)cc1OC
4393,CHEMBL4129007,12550.0,CC(C)=CCC[C@]1(C)[C@@H](CC=C(C)C)C[C@]2(CC=C(C)C)C(=O)C3=C(O[C@@H](C(C)(C)O)[C@@H]3O)[C@@]1(C(=O)C(C)C)C2=O
6193,CHEMBL5189830,12570.0,CN(C)C1CCC(CCN(CCCc2c[nH]c3ccccc23)CCC2CCCCCC2)CC1
7133,CHEMBL6146704,12600.0,O=C1c2c(sc3c2CCCCC3)OC(c2ccc(Cl)cc2)N1c1ccc(Cl)cc1
1608,CHEMBL1085279,12600.0,CN(C)C(=O)Oc1cccc(-c2cn3c(Cl)cccc3[n+]2C)c1.[Cl-]
4029,CHEMBL3971112,12600.0,O=C1NCCCc2c1c1ccccc1n2CCc1ccccc1
2218,CHEMBL1766147,12600.0,[O-][S+]1CCN(c2nccc(NCc3ccccc3)n2)CC1
2552,CHEMBL2047375,12600.0,c1ccc(CN2CCC(Nc3nccc(NCc4ccc5c(c4)OCO5)n3)CC2)cc1
1593,CHEMBL1085758,12600.0,CN(C)C(=O)Oc1ccc(-c2cn3c(Cl)cccc3[n+]2C)cc1.[Cl-]
1262,CHEMBL345124,12600.0,CC[N+](C)(CC)CCC[n+]1c(-c2ccccc2)c2cc(N)ccc2c2ccc(N)cc21.[I-].[I-]
6048,CHEMBL5193082,12620.0,Cc1cccc2sc(NC(=O)CCN3CCN(Cc4cc(F)ccc4F)CC3)nc12
5592,CHEMBL4784756,12620.0,COc1cc(/C=C/C(=O)NCC(=O)Nc2ccc(C)cc2)ccc1O
3863,CHEMBL3818374,12660.0,O=C(CCCCCCCCc1ccc(O)c(O)c1)c1c(O)ccc(C(CCCCCCCCc2ccc(O)c(O)c2)c2c(O)cccc2O)c1O
5370,CHEMBL4795422,12700.0,CON(C)C(=O)Oc1ccc(-c2cc(=O)c3c(OC(=O)N(C)OC)cc(OC(=O)N(C)OC)cc3o2)cc1
408,CHEMBL357981,12700.0,C#CC(C)C(C)OC[n+]1ccn(C)c1/C=N/O.[Cl-]
1303,CHEMBL345124,12800.0,CC[N+](C)(CC)CCC[n+]1c(-c2ccccc2)c2cc(N)ccc2c2ccc(N)cc21.[I-].[I-]
4880,CHEMBL4526428,12800.0,Brc1ccc(-n2cc(COc3ccc(/C=N/Nc4c5c(nc6ccccc46)CCCC5)cc3)nn2)cc1.Cl
2207,CHEMBL1084212,12800.0,c1ccc2c(CNc3ccnc(N4CCSCC4)n3)cccc2c1
5455,CHEMBL4754171,12860.0,O=C1c2ccccc2C(=O)C12N1CSC[C@@H]1[C@@H](c1ccccc1)[C@@]21CSc2ccccc2C1=O
3005,CHEMBL3220510,12890.0,O=C(Nc1cc2ccccc2oc1=O)c1ccc([N+](=O)[O-])cc1
695,CHEMBL555506,12900.0,C#CCN(C)C1CCc2ccc(OC(=O)N(C)C)cc21.Cl
2556,CHEMBL2047228,12900.0,Cc1ccc(CNc2ccnc(NC3CCN(Cc4ccccc4)CC3)n2)cc1
7053,CHEMBL6150533,12910.0,COc1cccc(NC(=O)Nc2cccc(/C(N)=N/O)c2)c1
2785,CHEMBL2413737,12920.0,Cc1ccc2[nH]c(-c3ccc(OCCN4CCOCC4)cc3)nc2c1
5606,CHEMBL4787804,12930.0,COc1cc(/C=C/C(=O)NCC(=O)Nc2ccc(F)cc2)ccc1O
2983,CHEMBL3122171,13000.0,CCOC(=O)c1ccc2nc(-c3cccnc3)c3c(c2c1)N(Cc1ccccc1)C(=O)CC3
4715,CHEMBL4289086,13000.0,O=C(COc1ccc(I)cc1)NCCCN1CCCCC1
1803,CHEMBL1083055,13000.0,CN(CCCNc1ccc(-c2ccccc2)nn1)Cc1ccccc1
6555,CHEMBL5426401,13000.0,O=C(C[n+]1ccc2ccccc2c1)Nc1ccccc1Br.[Cl-]
570,CHEMBL293720,13000.0,CC(C)c1ccc(NC(=O)Oc2ccc3c(c2)[C@]2(C)CCN(C)C2N3Cc2ccccc2)cc1
2159,CHEMBL1669483,13000.0,[Br-].[Br-].c1ccc2c[n+](CCCCC[n+]3ccc4ccccc4c3)ccc2c1
1096,CHEMBL345124,13000.0,CC[N+](C)(CC)CCC[n+]1c(-c2ccccc2)c2cc(N)ccc2c2ccc(N)cc21.[I-].[I-]
5890,CHEMBL5089535,13000.0,O=C(O[C@H]1CN2Cc3cc4c(cc3[C@]13C=C[C@@H](O)C[C@H]23)OCO4)c1ccccc1Cl
1997,CHEMBL1085465,13000.0,CCCc1cc(N2CCC=N2)ccc1C(=O)O/N=C(\N)c1ccc(C(F)(F)F)cc1
2480,CHEMBL1952049,13000.0,CCCCC/N=C(/C=N/O)N(C)C.Cl
1785,CHEMBL281588,13000.0,c1ccc(-c2ccc(NCCN3CCCCC3)nn2)cc1
1809,CHEMBL1084542,13000.0,c1ccc(-c2ccc(NCN3CCCCC3)nc2)cc1
5883,CHEMBL5083797,13060.0,CO[C@H]1C[C@H]2C(=C[C@@H]1OC(=O)c1cc([N+](=O)[O-])cc([N+](=O)[O-])c1)[C@H]1CN2Cc2cc3c(cc21)OCO3
3207,CHEMBL3338993,13070.0,CN(C)CCCCCOc1ccc(C(=O)/C=C/c2ccccc2)cc1
5602,CHEMBL4777188,13070.0,COc1cc(/C=C/C(=O)NCC(=O)Nc2cccc(Br)c2)ccc1O
5732,CHEMBL4864954,13100.0,Cl.Nc1c2c(nc3c(Cl)cc(Cl)cc13)CCC2
5283,CHEMBL4789995,13100.0,CCN(CC)C(=O)/C=C/c1ccc(OC(=O)N(C)C)c(OC)c1
5711,CHEMBL4873165,13130.0,COc1cc(/C=C/C(=O)N2CCN(Cc3cccc(F)c3)CC2)ccc1O
5576,CHEMBL4794189,13200.0,O=C1CC(c2ccc(OCCCCN3CCc4ccccc4C3)cc2)Oc2cc(OCCCCN3CCc4ccccc4C3)cc(O)c21
2092,CHEMBL1289615,13200.0,COc1cc2c(cc1OC)C(=O)C1(C2)C(c2ccccc2)CN(C)C12C(=O)Nc1ccc([N+](=O)[O-])cc12
3645,CHEMBL3632848,13290.0,COc1ccc2nc3c(c(NCCCCCNC(=O)C4(C)CCc5c(C)c(O)c(C)c(C)c5O4)c2c1)CCCC3
3435,CHEMBL3582211,13300.0,N#Cc1cc2c(cn1)[nH]c1ncc(-c3ccc(CN4CCOCC4)cc3)cc12
1626,CHEMBL76108,13300.0,COc1ccc(CN2CCC(CCC(=O)c3ccc4c(c3)CCN4)CC2)cc1
5707,CHEMBL4848801,13340.0,COc1cc(/C=C/C(=O)N2CCN(Cc3ccccc3)CC2)ccc1O
3812,CHEMBL3786666,13500.0,CN1Cc2cc(O)ccc2N(C)C1c1c(Cl)cccc1Cl
3890,CHEMBL3823538,13500.0,COc1ccc2[nH]cc(CCNC(=O)CC3CCN(Cc4cccc(C)c4)CC3)c2c1
631,CHEMBL166359,13510.0,c1ccc2c(c1)CN1CCCCCCCC1=N2
4110,CHEMBL4082739,13520.0,COc1cc(/C=C/C(=O)Nc2ccccc2)ccc1OCCCCCCCCCCN1CCCC1
6008,CHEMBL5194876,13600.0,CC(=O)O[C@@H]1C[C@@]2(C)Oc3cc(C)oc(=O)c3C[C@@H]2[C@@]2(C)C=CC(=O)C(C)(C)[C@H]12
5962,CHEMBL5194876,13600.0,CC(=O)O[C@@H]1C[C@@]2(C)Oc3cc(C)oc(=O)c3C[C@@H]2[C@@]2(C)C=CC(=O)C(C)(C)[C@H]12
6468,CHEMBL5270598,13600.0,O=C1CC2CCc3ccsc3C2=NN1CN1CCN(Cc2ccccc2)CC1
3356,CHEMBL3407587,13600.0,OCc1cc2cc(OCCCC3CCN(Cc4ccccc4)CC3)ccc2[nH]1
2695,CHEMBL2332534,13640.0,O=C(C[C@H]1C[C@H]2CCCN2[C@]12C(=O)Nc1ccccc12)N1C/C(=C\c2ccccc2Cl)C(=O)[C@]2(C[C@H]3CCCN3[C@@]23C(=O)Nc2ccccc23)C1
2391,CHEMBL808,13677.0,Clc1ccc(COC(Cn2ccnc2)c2ccc(Cl)cc2Cl)cc1
6728,CHEMBL1186527,13680.0,OC1CCN2Cc3ccccc3N=C12
6081,CHEMBL1186527,13680.0,OC1CCN2Cc3ccccc3N=C12
691,CHEMBL553498,13700.0,C#CCNC1CCc2ccc(OC(=O)NCC)cc21.Cl
4309,CHEMBL4096311,13700.0,COc1ccc(-c2c3ccccc3[n+](C)c3ccccc23)cc1.F[B-](F)(F)F
3252,CHEMBL3335053,13700.0,COc1cccc(CC2CCN(CCCCOc3ccc4c5c(c(=O)oc4c3)CCCC5)CC2)c1
2361,CHEMBL1834069,13700.0,CN1CCN(c2nccc(NC(c3ccccc3)c3ccccc3)n2)CC1
2356,CHEMBL1834064,13800.0,CC(=O)N1CCN(c2nccc(NCc3cccc4ccccc34)n2)CC1
5728,CHEMBL4867284,13800.0,Cl.Nc1c2c(nc3ccc(Br)cc13)CCCCC2
2746,CHEMBL2332547,13840.0,C=CC(=O)N1C/C(=C\c2cccc3ccccc23)C(=O)/C(=C/c2cccc3ccccc23)C1
2710,CHEMBL2332547,13840.0,C=CC(=O)N1C/C(=C\c2cccc3ccccc23)C(=O)/C(=C/c2cccc3ccccc23)C1
4491,CHEMBL659,13900.0,COc1ccc2c3c1O[C@H]1C[C@@H](O)C=C[C@@]31CCN(C)C2
751,CHEMBL357953,13900.0,C#CC(C)NCCc1cccc(OC(=O)N(C)CC)c1
6077,CHEMBL5178216,13900.0,C=C(C)[C@]1(O)CC[C@@]2(C)C3=Cc4c(cc(-c5cccnc5)oc4=O)O[C@]3(C)[C@@H](O)C[C@@H]2[C@@]12CCC(=O)OC2
6363,CHEMBL5278221,13920.0,CC(C)=CCC/C(C)=C/CC/C(C)=C\Cc1c(O)cc(O)c(CC=C(C)C)c1-c1cc2ccc(O)cc2o1
2934,CHEMBL3115023,13940.0,COc1cc2[se]n(-c3ccc(CCN4CCCC4)cc3)c(=O)c2cc1OC
6873,CHEMBL5594195,13980.0,c1ccc2c(c1)-c1ccccc1C2NC1CCCCC1
2850,CHEMBL2441693,14000.0,COc1cccc(C#N)[n+]1C.F[B-](F)(F)F
4126,CHEMBL4081805,14000.0,COc1cc2c(cc1OC)C(=O)/C(=C/c1ccc(CN3CCN(C)CC3)c(O)c1)O2
942,CHEMBL94,14000.0,CNC(=O)Oc1ccc2c(c1)[C@]1(C)CCN(C)[C@@H]1N2C
4264,CHEMBL4092186,14000.0,COc1ccc(NC(=S)NCCN2CCOCC2)cc1Cl
2123,CHEMBL1642972,14000.0,CC(C)(C)c1cc[n+](CCC[n+]2ccc(C(C)(C)C)cc2)cc1.[Br-].[Br-]
7008,CHEMBL6149288,14000.0,COC(=O)/C1=C/N(C)CCc2cc(OC)c(OC)cc2C(C)=C=C1c1ccccc1
4719,CHEMBL4290992,14000.0,COc1ccc(-c2ccc(OCC(=O)NCCCN3CCCCC3)cc2)cc1
2235,CHEMBL1085781,14000.0,c1ccc(CNc2ccnc(N3CCOCC3)n2)cc1
1998,CHEMBL189875,14000.0,COc1ccc(/N=C/c2cn(-c3ccc(OC)cc3)cc2/C=N/c2ccc(OC)cc2)cc1
6540,CHEMBL5407180,14000.0,CCCCCCNC(=O)Oc1ccc2c(c1)N(CC)/C(=C/C(C)=O)S2
2147,CHEMBL1651041,14000.0,CC(=O)O[C@@H]1C[C@@]2(C)[C@@H]3C[C@H]4OC[C@@]5(C)[C@@H](NC(=O)c6ccccc6)C=C[C@@](O)(CC3=CC[C@]2(C)[C@H]1[C@H](C)N(C)C)[C@@H]45
4663,CHEMBL4285471,14100.0,CCN(CC)CCCCOc1ccc(/C=C2\COc3ccccc3C2=O)cc1
7061,CHEMBL6147483,14100.0,N/C(=N\O)c1cccc(NC(=O)Nc2ccc(Cl)cc2)c1
2227,CHEMBL1766020,14200.0,CC(C)C1CCN(c2nccc(NCc3ccccc3)n2)CC1
4173,CHEMBL4093419,14200.0,COc1cc(CCc2ccc(Nc3c4c(nc5ccccc35)CCCC4)cc2)cc(OC)c1
3235,CHEMBL3334506,14200.0,O=c1oc2cc(OCCCCN3CCC(Cc4ccccc4)CC3)ccc2c2ccccc12
5174,CHEMBL4632994,14240.0,O=[N+]([O-])C1C(Cc2c[nH]cn2)NC2(c3ccccc3-c3nc4ccccc4nc32)C1c1ccco1
6282,CHEMBL5286517,14240.0,COc1cc2c(cc1OC)C(=O)[C@]1(C2)[C@H](c2ccc(C)cc2)[C@H](Cc2c[nH]c3ccccc23)NC12C(=O)Nc1ccccc12
3208,CHEMBL3338994,14240.0,CN(C)CCCCCCOc1ccc(C(=O)/C=C/c2ccccc2)cc1
2102,CHEMBL1288826,14300.0,COc1cc2c(cc1OC)C(=O)C1(C2)C(c2ccc(F)cc2)C(c2ccccc2)NC12C(=O)Nc1ccc([N+](=O)[O-])cc12
3194,CHEMBL3310704,14350.0,COC(=O)C(CC1=C(c2ccc(OC)cc2)CC(C)(C)ON1C(C)=O)C(=O)OC
5643,CHEMBL4800092,14400.0,COc1ccc(C(=O)N2CCN(CC(=O)N3CCN(CCCc4c[nH]c5ccc(F)cc45)CC3)CC2)cc1
4096,CHEMBL4068340,14480.0,COc1cc(/C=C/C(=O)Nc2ccccc2)ccc1OCCCN1CCCCC1
1430,CHEMBL556939,14500.0,C[C@]1(CO)CCC[C@]2(C)[C@H]1C[C@H](O)[C@@]13C[C@@H](CC[C@@H]21)[C@]1(C)O[C@@H]13
405,CHEMBL149026,14500.0,C#CCCOC[n+]1ccn(C)c1/C=N/O.[Cl-]
4431,CHEMBL4172401,14500.0,CNC(=O)Oc1ccc2c(c1)[C@]1(C)CCN[C@@H]1N2.O=C(O)c1ccccc1O
7055,CHEMBL6151474,14510.0,N/C(=N\O)c1cccc(NC(=O)Nc2cccc(O)c2)c1
2743,CHEMBL2380670,14520.0,COc1ccccc1/C=C1\CN(C(=O)[C@H]2C[C@H]3CCCN3[C@]23C(=O)Nc2cc(Cl)ccc23)C/C(=C\c2ccccc2OC)C1=O
7062,CHEMBL6162127,14530.0,N/C(=N\O)c1cccc(NC(=O)Nc2cccc(Br)c2)c1
5712,CHEMBL4864801,14540.0,COc1cc(/C=C/C(=O)N2CCN(Cc3ccc(F)cc3)CC2)ccc1O
2365,CHEMBL1834073,14600.0,CCCN1CCN(c2nccc(NC(c3ccccc3)c3ccccc3)n2)CC1
766,CHEMBL555592,14600.0,C#CCNC1CCc2ccc(OC(=O)N(C)CCC)cc21.Cl
5809,CHEMBL4857977,14700.0,COc1ccc2[nH]c3cc[n+](C)cc3c2c1.[I-]
1470,CHEMBL575166,14700.0,CC1=CC2Cc3nc4cc(Cl)ccc4c(O)c3C(C1)C2
6112,CHEMBL5191152,14700.0,CO[C@@H]1C=C[C@@]23c4cc5c(cc4CN(C[C@@H]2OC(=O)c2ccc([N+](=O)[O-])cc2)C3C1)OCO5
2208,CHEMBL1084211,14700.0,c1ccc2c(CNc3ccnc(N4CCOCC4)n3)cccc2c1
5713,CHEMBL4860467,14750.0,COc1cc(/C=C/C(=O)NCCC(=O)Nc2ccccc2)ccc1O
5280,CHEMBL4750360,14800.0,CCN(C)C(=O)Oc1ccc(/C=C/C(=O)N2CCN(Cc3ccccc3)CC2)cc1
6459,CHEMBL5281699,14800.0,CN1CCc2c(c3ccccc3n2Cc2ccccc2C(=O)NCCO[N+](=O)[O-])C1
3739,CHEMBL3759013,14900.0,CC[C@H]1O[C@@H]2O[C@H](/C=C/C=C/C=C/c3oc(=O)cc(OC/C=C(\C)C(=O)OC)c3C)[C@H](O)[C@]2(C)[C@@]1(C)O
727,CHEMBL542016,14900.0,C#CCN(C)C1CCc2c(OC(=O)N(C)CC)cccc21.Cl
4090,CHEMBL4087300,14920.0,CCN(CC)CCCCCCCCCCOc1ccc(/C=C/C(=O)Nc2ccccc2)cc1OC
7236,CHEMBL6172776,15000.0,COC(=O)c1c(C)cc(O)c(Cc2c(O)cc(C)cc2O)c1O
2562,CHEMBL1256415,15000.0,COc1ccc2nc3c(c(N)c2c1)CCCC3
7237,CHEMBL6169722,15000.0,Cc1cc(O)cc(OC(=O)c2c(C)cc(O)c(C=O)c2O)c1
7238,CHEMBL6177591,15000.0,CCOC(=O)c1c(C)cc(OC(=O)c2c(C)cc(O)cc2O)cc1O
2077,CHEMBL1256415,15000.0,COc1ccc2nc3c(c(N)c2c1)CCCC3
5364,CHEMBL4776397,15000.0,CS[C@@H](Cn1nnc2cc(C#Cc3ccc(-n4ccnc4CO)cc3)ccc21)N(O)C=O
1999,CHEMBL187017,15000.0,Cc1cc(C2(c3cc(C)c(O)c(C)c3)CCCCC2)cc(C)c1O
2775,CHEMBL448799,15000.0,C=C[C@@H]1[C@H]2C=C(C)C[C@]1(NC)c1ccc(=O)[nH]c1C2
1095,CHEMBL225326,15000.0,O=C(Cc1c[nH]c2ccc(Br)cc12)NCCCCCCCNc1c2c(nc3cc(Cl)ccc13)CCCC2
1883,CHEMBL1083678,15000.0,O=C1c2ccccc2CCCC1CC1CCN(c2ccccc2)CC1
4401,CHEMBL1256415,15000.0,COc1ccc2nc3c(c(N)c2c1)CCCC3
3172,CHEMBL1256415,15000.0,COc1ccc2nc3c(c(N)c2c1)CCCC3
1800,CHEMBL25264,15000.0,c1ccc(-c2ccc(NCCCCN3CCc4ccccc4C3)nn2)cc1
3006,CHEMBL3220513,15010.0,O=C(Nc1cc2ccccc2oc1=O)c1ccc(Cl)c(Cl)c1
2397,CHEMBL7002,15026.0,CC1(COc2ccc(CC3SC(=O)NC3=O)cc2)CCCCC1
5737,CHEMBL4869162,15100.0,Cl.Nc1c2c(nc3c(Br)cc(Br)cc13)CCCCC2
5624,CHEMBL4792208,15100.0,CC(C)c1ccc(NC(=O)OCC2CCCN(Cc3ccccc3)C2)cc1
6942,CHEMBL3545711,15100.0,COc1cc(C(C)N(C)C)c2c(c1)oc(=O)c1ccccc12
5735,CHEMBL4868050,15100.0,Cl.Nc1c2c(nc3c(Br)cc(Br)cc13)CCC2
3271,CHEMBL3335020,15100.0,COc1cc(C(C)N(C)C)c2c(c1)oc(=O)c1ccccc12.Cl
2747,CHEMBL350032,15120.0,C=CC(=O)N1C/C(=C\c2ccc(F)cc2)C(=O)/C(=C/c2ccc(F)cc2)C1
2711,CHEMBL350032,15120.0,C=CC(=O)N1C/C(=C\c2ccc(F)cc2)C(=O)/C(=C/c2ccc(F)cc2)C1
5599,CHEMBL4787493,15150.0,COc1cc(/C=C/C(=O)NCC(=O)Nc2ccccc2C(F)(F)F)ccc1O
5708,CHEMBL4851290,15180.0,COc1cccc(CN2CCN(C(=O)/C=C/c3ccc(O)c(OC)c3)CC2)c1
4359,CHEMBL4073273,15200.0,COc1ccc2cc(C(=O)N[C@@H](CCC(=O)NCCC3CCN(Cc4ccccc4)CC3)C(=O)O)ccc2c1
2226,CHEMBL1766139,15300.0,CCCN1CCN(c2nccc(NCc3ccccc3)n2)CC1
2103,CHEMBL1288827,15370.0,COc1ccc(C2C(c3ccccc3)NC3(C(=O)Nc4ccc([N+](=O)[O-])cc43)C23Cc2cc(OC)c(OC)cc2C3=O)cc1OC
3458,CHEMBL231160,15400.0,CCN(CCCCCCNC1=CC(=O)C(NCCCCCCN(CC)Cc2ccccc2OC)=CC1=O)Cc1ccccc1OC
753,CHEMBL450931,15400.0,C#CCNCCc1cccc(OC(=O)N(C)CCC)c1
3360,CHEMBL3407583,15400.0,C#CCN(C)Cc1cc2cc(OCCCC3CCN(Cc4ccccc4)CC3)ccc2[nH]1
2887,CHEMBL3087676,15400.0,O=C(Cc1ccccc1Nc1c(Cl)cccc1Cl)NCCCNCCCNC1=CC(=O)C(NCCCNCCCNC(=O)Cc2ccccc2Nc2c(Cl)cccc2Cl)=CC1=O
5710,CHEMBL4868234,15430.0,COc1cc(/C=C/C(=O)N2CCN(Cc3cccc(Cl)c3)CC2)ccc1O
6599,CHEMBL5397824,15480.0,Cc1ccccc1NC1=C([N+](=O)[O-])C2(NN1)C(=O)Nc1ccc([N+](=O)[O-])cc12
3841,CHEMBL1929043,15500.0,COc1c(CC=C(C)C)c(O)cc2c1C[C@H](c1ccc(O)c(CC=C(C)C)c1O)CO2
5724,CHEMBL4876362,15500.0,Cc1ccc2nc3c(c(N)c2c1)CCCC3.Cl
2216,CHEMBL1766149,15500.0,c1ccc(CNc2ccnc(N3CCNCC3)n2)cc1
5163,CHEMBL4571704,15500.0,COc1cc(O)c2c(c1)C1=C(c3c(O)c(O)cc(C)c3-c3cc(OC)cc(O)c3C(=O)O)C(=O)C(O)=CC1(C)OC2=O
2395,CHEMBL672,15551.0,CC(C)OC(=O)C(C)(C)Oc1ccc(C(=O)c2ccc(Cl)cc2)cc1
2485,CHEMBL2011403,15600.0,COc1c(O)cc(C2Oc3cc(O)c(C/C=C(\C)CCC=C(C)C)c(O)c3C(=O)[C@@H]2O)cc1O
767,CHEMBL556028,15700.0,C#CCNC1CCc2ccc(OC(=O)N(C)CCCCCC)cc21.Cl
3177,CHEMBL3322162,15700.0,O=C(Cc1cc(=O)oc2cc(O)ccc12)N/N=C1\SCC(=O)N1c1c2c(nc3ccccc13)CCCC2
5296,CHEMBL4779514,15700.0,CCN(CC)C(=O)Oc1ccc(/C=C/C(=O)N2CCc3ccccc3C2)cc1OC
2745,CHEMBL2380668,15720.0,O=C1/C(=C/c2ccccc2)CN(C(=O)[C@H]2C[C@H]3CCCN3[C@]23C(=O)Nc2cc(Cl)ccc23)C/C1=C\c1ccccc1
2714,CHEMBL2332546,15750.0,C=CC(=O)N1C/C(=C\c2ccc(Cl)cc2Cl)C(=O)/C(=C/c2ccc(Cl)cc2Cl)C1
2750,CHEMBL2332546,15750.0,C=CC(=O)N1C/C(=C\c2ccc(Cl)cc2Cl)C(=O)/C(=C/c2ccc(Cl)cc2Cl)C1
2352,CHEMBL1834060,15800.0,CC(C)N1CCN(c2nccc(NCc3cccc4ccccc34)n2)CC1
2976,CHEMBL3122169,15800.0,CCNCc1ccc2nc(-c3cccnc3)c3c(c2c1)NCCC3
2707,CHEMBL2332550,15860.0,COc1ccccc1/C=C1\CN(C(=O)C[C@H]2C[C@H]3CCCN3[C@]23C(=O)Nc2ccccc23)C/C(=C\c2ccccc2OC)C1=O
5503,CHEMBL4778747,15900.0,O=c1ccoc2ccc(OCCCN3CCCCC3)cc12
2856,CHEMBL2441687,16000.0,COc1ccc(F)c[n+]1C.F[B-](F)(F)F
5402,CHEMBL4750731,16000.0,CCCCN[C@@H](Cc1c[nH]c2ccccc12)C(=O)NCCC1CCCN(Cc2ccccc2)CC1
2000,CHEMBL186349,16000.0,Cc1c(/N=C/c2ccccc2O)cc2c(c1N)C(C)(C)CC2(C)C
5899,CHEMBL5083432,16000.0,COc1c(-c2ccc(O)cc2)cc2oc3cc(O)c(O)cc3c2c1O
5607,CHEMBL4793936,16010.0,COc1cc(/C=C/C(=O)NCC(=O)Nc2cccc(C#N)c2)ccc1O
6536,CHEMBL5440445,16100.0,COc1ccc2sc3c(C)ccc(NCCC4CCN(C)CC4)c3c(=O)c2c1
2663,CHEMBL2297277,16210.0,CC(C)=CCC/C(C)=C/Cc1cc(-c2cc(=O)c3c(O)cc(O)cc3o2)c(O)cc1O
5166,CHEMBL4648224,16250.0,O=[N+]([O-])C1C(Cc2c[nH]cn2)NC2(c3ccccc3-c3nc4ccccc4nc32)C1c1ccc(Br)cc1
7056,CHEMBL6152861,16270.0,N/C(=N\O)c1cccc(NC(=O)Nc2ccc(O)cc2)c1
2439,CHEMBL1915762,16270.0,C[C@H](CC[C@H](O)C(C)(C)O)[C@H]1CC[C@@]2(C)C3=CC[C@H]4C(C)(C)[C@@H](O)CC[C@]4(C)C3=CC[C@]12C
5590,CHEMBL4797136,16270.0,COc1cc(/C=C/C(=O)NCC(=O)Nc2ccccc2C)ccc1O
7068,CHEMBL6163057,16310.0,N/C(=N\O)c1cccc(NC(=O)Nc2ccc([N+](=O)[O-])cc2)c1
2753,CHEMBL2332535,16320.0,C=CC(=O)N1C/C(=C\c2ccccc2Cl)C(=O)/C(=C/c2ccccc2Cl)C1
2717,CHEMBL2332535,16320.0,C=CC(=O)N1C/C(=C\c2ccccc2Cl)C(=O)/C(=C/c2ccccc2Cl)C1
3100,CHEMBL3262671,16330.0,COc1cc2c(cc1OC)C(Cc1ccc(OCCCCCCN3CCN(c4ccccc4)CC3)cc1)NCC2
7054,CHEMBL6149205,16340.0,COc1ccc(NC(=O)Nc2cccc(/C(N)=N/O)c2)cc1
5709,CHEMBL4856895,16390.0,COc1ccc(CN2CCN(C(=O)/C=C/c3ccc(O)c(OC)c3)CC2)cc1
6679,CHEMBL5425587,16400.0,COc1cc2c(c(O)c1OC)CC[n+]1cc3c(OC)c(O)ccc3cc1-2
5447,CHEMBL4757955,16480.0,O=C1c2ccccc2C(=O)C12N1CSC[C@@H]1[C@@H](c1cccc3ccccc13)[C@@]21CSc2ccccc2C1=O
5505,CHEMBL4744490,16500.0,CCN(C)C(=O)Oc1cccc(CNCCc2c[nH]c3cc(F)ccc23)c1
2231,CHEMBL1766016,16600.0,CC(=O)N1CCN(c2nccc(NCc3ccccc3)n2)CC1
1305,CHEMBL406645,16600.0,CC[C@@]1(c2cccc(O)c2)CCCCN(CCCCCCCCCN2CCCC[C@@](CC)(c3cccc(O)c3)C2)C1
776,CHEMBL151559,16600.0,C#CCN(C)CCc1cccc(OC(=O)N(C)CC)c1
5298,CHEMBL4792013,16600.0,COc1cc(/C=C/C(=O)N2CCC(Cc3ccccc3)CC2)ccc1OC(=O)N(C)C
2353,CHEMBL1834061,16700.0,CC(C)C1CCN(c2nccc(NCc3cccc4ccccc34)n2)CC1
4316,CHEMBL4075624,16700.0,CN1c2ccccc2C(n2cnc([N+](=O)[O-])n2)c2ccccc21
1125,CHEMBL229334,16700.0,CC1=C[C@H]2[C@H](O)C(=O)[C@H]3CCCN4CCC[C@H]2[C@]34C1
5291,CHEMBL4740081,16800.0,CCN(CC)C(=O)Oc1ccc(/C=C/C(=O)N2CCN(Cc3ccccc3)CC2)cc1OC
7063,CHEMBL6148830,16800.0,N/C(=N\O)c1cccc(NC(=O)Nc2ccc(Br)cc2)c1
3582,CHEMBL3623563,16900.0,CCC(C)n1cc(C(=O)CF)cn1
6602,CHEMBL5414221,16980.0,Cc1ccccc1NC1=C([N+](=O)[O-])C2(NN1)C(=O)Nc1c(C(F)(F)F)cccc12
6587,CHEMBL5424891,16990.0,COc1cccc(C2c3c(nc(C)[nH]c3=O)Oc3c2n(C(C)=O)c2ccccc32)c1
2170,CHEMBL1669490,17000.0,C(=C\C[n+]1ccc2ccccc2c1)\C[n+]1ccc2ccccc2c1.[Cl-].[Cl-]
2481,CHEMBL1952050,17000.0,CC(C)CC/N=C(/C=N/O)N(C)C.Cl
5044,CHEMBL4588777,17000.0,O=C(c1cccc(Cl)c1Cl)n1nc(OCCCN2CCCCC2)c2ccccc21
2824,CHEMBL2441687,17000.0,COc1ccc(F)c[n+]1C.F[B-](F)(F)F
10,CHEMBL106126,17000.0,Cc1c(C(C)C)c(=O)on1C(=O)N1CCC[C@H](C)C1
2124,CHEMBL1642971,17000.0,CC(C)(C)c1cc[n+](CC[n+]2ccc(C(C)(C)C)cc2)cc1.[Br-].[Br-]
7065,CHEMBL6144992,17010.0,N/C(=N\O)c1cccc(NC(=O)Nc2cccc(C(F)(F)F)c2)c1
5175,CHEMBL4636399,17040.0,O=[N+]([O-])C1C(Cc2c[nH]cn2)NC2(c3ccccc3-c3nc4ccccc4nc32)C1c1ccccn1
3021,CHEMBL3237633,17100.0,CC[C@H]1[C@@H]2OC(=O)[C@@](C)(O)[C@@H]2[C@@]23CC[C@@H]([C@@H]4C[C@H](C)C(=O)O4)N2CCCC[C@H]13
1591,CHEMBL1084784,17100.0,CN(C)C(=O)Oc1ccc(-c2cn3ccccc3[n+]2C)cc1.Cc1ccc(S(=O)(=O)[O-])cc1
5248,CHEMBL659,17100.0,COc1ccc2c3c1O[C@H]1C[C@@H](O)C=C[C@@]31CCN(C)C2
2445,CHEMBL512830,17140.0,COC(=O)CC[C@@H](C)[C@H]1CC(=O)[C@@]2(C)C3=C(C(=O)[C@@H](OC(C)=O)[C@]12C)[C@@]1(C)CC[C@H](O)C(C)(C)[C@@H]1CC3=O
4811,CHEMBL362378,17140.0,CC1(C)C=Cc2c(ccc(C(=O)/C=C/c3ccc(O)cc3)c2O)O1
2466,CHEMBL1940618,17200.0,COc1ccccc1CN1CCC(N2CCC(NC3=CC(=O)c4ccccc4C3=O)CC2)CC1
6044,CHEMBL5177298,17230.0,Cc1cccc2sc(NC(=O)CCN3CCN(c4ccccn4)CC3)nc12
5604,CHEMBL4796414,17230.0,COc1cc(/C=C/C(=O)NCC(=O)Nc2ccccc2F)ccc1O
5595,CHEMBL4789401,17290.0,COc1ccc(NC(=O)CNC(=O)/C=C/c2ccc(O)c(OC)c2)cc1
6028,CHEMBL5186796,17300.0,COc1ccc(C(=O)Cc2ncc(C(=O)N3CCN(Cc4ccccc4)CC3)cn2)cc1
5299,CHEMBL4787165,17300.0,CCN(C)C(=O)Oc1ccc(/C=C/C(=O)N2CCC(Cc3ccccc3)CC2)cc1OC
7052,CHEMBL6149635,17350.0,Cc1ccccc1NC(=O)Nc1cccc(/C(N)=N/O)c1
2755,CHEMBL2332538,17390.0,C=CC(=O)N1C/C(=C\c2ccccc2C)C(=O)/C(=C/c2ccccc2C)C1
2719,CHEMBL2332538,17390.0,C=CC(=O)N1C/C(=C\c2ccccc2C)C(=O)/C(=C/c2ccccc2C)C1
5373,CHEMBL12089,17400.0,COc1ccc2cc3[n+](cc2c1OC)CCc1cc2c(cc1-3)OCO2.[Cl-]
1347,CHEMBL511948,17400.0,CC(=O)c1c(-c2ccc(OCCCCCCCN(C)Cc3ccccc3)cc2)oc2ccccc12
7060,CHEMBL6163524,17410.0,N/C(=N\O)c1cccc(NC(=O)Nc2cccc(Cl)c2)c1
5608,CHEMBL4784543,17430.0,COc1cc(/C=C/C(=O)NCC(=O)Nc2ccc(C#N)cc2)ccc1O
2709,CHEMBL2332548,17490.0,O=C1/C(=C/c2ccccc2)CN(C(=O)C[C@H]2C[C@H]3CCCN3[C@]23C(=O)Nc2ccccc23)C/C1=C\c1ccccc1
2374,CHEMBL1084213,17500.0,CN1CCN(c2nccc(NCc3cccc4ccccc34)n2)CC1
2206,CHEMBL1084213,17500.0,CN1CCN(c2nccc(NCc3cccc4ccccc34)n2)CC1
2358,CHEMBL1834066,17500.0,c1ccc2c(CNc3ccnc(N4CCNCC4)n3)cccc2c1
5506,CHEMBL4761198,17555.0,CCN(C)C(=O)Oc1cccc(CNCCc2c[nH]c3cc(F)ccc23)c1.O=C(O)/C=C/C(=O)O
2619,CHEMBL2238006,17560.0,Nc1c2c(nc3nc(-c4ccccc4)cc(C(F)(F)F)c13)-c1ccccc1C2
3608,CHEMBL3623564,17600.0,CCCC(C)n1cc(C(=O)CF)cn1
5751,CHEMBL4874599,17600.0,COc1ccc2nc3c(c(N)c2c1)CCCCC3.Cl
5790,CHEMBL4859070,17600.0,Fc1ccc2[nH]c3c(c2c1)CN(Cc1ccccc1)CC3
2720,CHEMBL156016,17680.0,C=CC(=O)N1C/C(=C\c2ccccc2)C(=O)/C(=C/c2ccccc2)C1
2756,CHEMBL156016,17680.0,C=CC(=O)N1C/C(=C\c2ccccc2)C(=O)/C(=C/c2ccccc2)C1
709,CHEMBL542018,17700.0,CCNC(=O)Oc1ccc2c(c1)C(N)CC2.Cl
6680,CHEMBL5434024,17800.0,COc1cc2c(cc1O)CC[n+]1cc3c(OC)c(O)ccc3cc1-2
4774,CHEMBL4280224,17800.0,CCN(CC)Cc1cc(N)ccc1O.Cl.Cl
82,CHEMBL553212,17900.0,C[n+]1ccn(CCN2CCCC2)c1/C=N/O.[Cl-]
5294,CHEMBL4759959,17900.0,COc1cc(/C=C/C(=O)N2CCc3ccccc3C2)ccc1OC(=O)N(C)C
760,CHEMBL554056,17900.0,C#CCNC1CCc2ccc(OC(=O)N(CC)C3CCCCC3)cc21.Cl
770,CHEMBL545797,17900.0,C#CCN(CC)C1CCc2ccc(OC(=O)N(C)C)cc21.Cl
6029,CHEMBL5199425,17900.0,COc1ccc(C(=O)Cc2ncc(C(=O)Nc3ccncc3)cn2)cc1
3698,CHEMBL3752974,18000.0,CC(C)NCc1cccc2[nH]c3ccccc3c12
3238,CHEMBL3335067,18000.0,COc1cccc(CN2CCN(CCCOc3ccc4c(c3)oc(=O)c3ccccc34)CC2)c1
3607,CHEMBL3623563,18000.0,CCC(C)n1cc(C(=O)CF)cn1
2818,CHEMBL2441693,18000.0,COc1cccc(C#N)[n+]1C.F[B-](F)(F)F
4716,CHEMBL4284619,18000.0,CCN1CCN(C2CCN(C(=O)COc3ccc(-c4ccc(OC)cc4)cc3)CC2)CC1
230,CHEMBL340866,18000.0,O=C1/C(=C/c2ccc[nH]2)CN(Cc2ccccc2)C/C1=C\c1ccc[nH]1
6145,CHEMBL5194728,18040.0,O=C(Cn1nc2ncccc2c1NC(=O)Cn1nc2ncccc2c1NC(=O)CN1CCN(Cc2ccccc2)CC1)Nc1[nH]nc2ncccc12
2749,CHEMBL454594,18060.0,C=CC(=O)N1C/C(=C\c2ccc(C)cc2)C(=O)/C(=C/c2ccc(C)cc2)C1
2713,CHEMBL454594,18060.0,C=CC(=O)N1C/C(=C\c2ccc(C)cc2)C(=O)/C(=C/c2ccc(C)cc2)C1
1129,CHEMBL241828,18100.0,COc1ccc2oc(-c3ccc(CN(C)Cc4ccccc4)cc3)cc(=O)c2c1
6045,CHEMBL5206534,18210.0,Cc1cccc2sc(NC(=O)CCN3CCN(c4ccncc4)CC3)nc12
5167,CHEMBL4646153,18240.0,O=[N+]([O-])C1C(Cc2c[nH]cn2)NC2(c3ccccc3-c3nc4ccccc4nc32)C1c1ccc(Cl)cc1
7064,CHEMBL6147925,18260.0,N/C(=N\O)c1cccc(NC(=O)Nc2ccccc2C(F)(F)F)c1
4804,CHEMBL4438650,18300.0,COc1ccc(-c2cc(=O)c3cc(OC)c(O)c([C@H]4CCC(=O)N4)c3o2)cc1
6413,CHEMBL5268805,18300.0,O=c1c(/C=N/Nc2ccc(C(F)(F)F)cc2)coc2cc3oc(-c4cccc(Cl)c4)cc3cc12
2434,CHEMBL465514,18350.0,C[C@H](CC(=O)C[C@@H](C)[C@H]1CC(=O)[C@@]2(C)C3=C(C(=O)C[C@]12C)[C@@]1(C)CCC(=O)C(C)(C)[C@@H]1CC3=O)C(=O)O
2430,CHEMBL1915758,18350.0,COC(=O)[C@H](C)CC(=O)C[C@@H](C)[C@H]1C[C@@H]2OC(C)(C)O[C@H]3C[C@H]4C(C)(C)C(=O)CC[C@]4(C)C4=C3[C@@]2(C)[C@]1(C)CC4=O
3002,CHEMBL1325943,18380.0,Cc1ccc(C(=O)Nc2cc3ccccc3oc2=O)cc1
5647,CHEMBL4781245,18400.0,O=C(CN1CCN(C(=O)c2cccc(Cl)c2)CC1)N1CCN(CCCc2c[nH]c3ccc(F)cc23)CC1
2232,CHEMBL1082977,18400.0,CC1CCN(c2nccc(NCc3ccccc3)n2)CC1
3248,CHEMBL3335057,18400.0,COc1cccc(CN(C)CCOc2ccc3c(c2)oc(=O)c2ccccc23)c1
3240,CHEMBL3335065,18500.0,COc1cccc(CC2CCN(CCCOc3ccc4c(c3)oc(=O)c3ccccc34)CC2)c1
4399,CHEMBL4126674,18550.0,CC(C)=CCC[C@]1(C)[C@@H](CC=C(C)C)C[C@@]2(CC=C(C)C)C(=O)[C@]1(C(=O)C(C)C)C(=O)C1=C2O[C@H](C(C)(C)O)[C@H]1O
81,CHEMBL314800,18580.0,Nc1c2c(nc3ccccc13)-c1ccccc1CS2
7057,CHEMBL6145757,18580.0,N/C(=N\O)c1cccc(NC(=O)Nc2ccccc2F)c1
6198,CHEMBL5183251,18623.0,CCCCN(CCC1CCCCCC1)Cc1cc2ccccc2cc1O
2407,CHEMBL91,18659.0,Clc1ccc(COC(Cn2ccnc2)c2ccc(Cl)cc2Cl)c(Cl)c1
6891,CHEMBL5597206,18660.0,COc1cc(-c2cccc3c2N(C)CC3)c(CN2CC[C@@]34C=C[C@H](O)C[C@@H]3Oc3c(OC)ccc(c34)C2)c(OC)c1OC
5622,CHEMBL4785480,18700.0,CC(C)c1ccc(NC(=O)OCC2CCCN(C3Cc4ccccc4C3)C2)cc1
5575,CHEMBL4795152,18700.0,O=C1CC(c2ccc(OCCCCN3CCN(Cc4ccccc4)CC3)cc2)Oc2cc(OCCCCN3CCN(Cc4ccccc4)CC3)cc(O)c21
3004,CHEMBL3220509,18710.0,O=C(Nc1cc2ccccc2oc1=O)c1ccc(Cl)cc1
1413,CHEMBL498539,18800.0,Oc1cccc(C2=Nc3ccccc3SC(c3ccc(Cl)cc3)C2)c1
2230,CHEMBL1766017,18800.0,CC(C)(C)OC(=O)N1CCN(c2nccc(NCc3ccccc3)n2)CC1
4315,CHEMBL4075825,18800.0,CN1c2ccccc2C(n2cncn2)c2ccccc21
6943,CHEMBL3545701,18900.0,CC(c1cc(O)c2c(c1)oc(=O)c1ccccc12)N(C)C
3270,CHEMBL3335021,18900.0,CC(c1cc(O)c2c(c1)oc(=O)c1ccccc12)N(C)C.Cl
5896,CHEMBL5076804,18900.0,COc1cc2c(c3c1OCOC3)C[C@H]1c3c(cc4c(c3OC)OCO4)CC[N+]1=C2.O=C([O-])C(F)(F)F
5591,CHEMBL4797133,18910.0,COc1cc(/C=C/C(=O)NCC(=O)Nc2cccc(C)c2)ccc1O
4087,CHEMBL4067562,18980.0,CCN(CC)CCCCCOc1ccc(/C=C/C(=O)Nc2ccccc2)cc1OC
728,CHEMBL545566,19000.0,CCN(C)C(=O)Oc1ccc2c(c1)C(N)CC2.Cl
7234,CHEMBL6170205,19000.0,CCOC(=O)c1c(O)cc(O)c(Cc2c(O)cc(C)c(C(=O)OCC)c2O)c1C
2125,CHEMBL1642982,19000.0,CC(C)(C)c1cc[n+](CCOCC[n+]2ccc(C(C)(C)C)cc2)cc1.[Br-].[Br-]
4720,CHEMBL4276694,19000.0,CCN1CCN(C2CCN(C(=O)COc3ccc(-c4ccccc4F)cc3)CC2)CC1
2354,CHEMBL1834062,19000.0,CCCN1CCN(c2nccc(NCc3cccc4ccccc34)n2)CC1
7153,CHEMBL6150674,19020.0,Nc1ccccc1C(=O)/C=C/c1ccc(Cl)nc1
2627,CHEMBL2237998,19090.0,CC(C)Cc1cc(N)c2c(C(F)(F)F)cc(-c3ccccc3)nc2n1
715,CHEMBL151922,19100.0,C#CCNC(C)Cc1cccc(OC(=O)N(C)CCC)c1
5446,CHEMBL4789991,19120.0,O=C1c2ccccc2C(=O)C12N1CSC[C@@H]1[C@@H](c1cccs1)[C@@]21CSc2ccccc2C1=O
1472,CHEMBL572866,19200.0,CCC1=CC2Cc3nc4cc(Cl)ccc4c(Cl)c3C(C1)C2
5630,CHEMBL4799709,19200.0,O=C(Nc1ccccc1)OC1CCN(C2Cc3ccccc3C2)CC1
7001,CHEMBL6162129,19210.0,O=c1oc2ccccc2cc1-c1ccc(Br)cc1
6050,CHEMBL5198012,19330.0,Cc1cccc2sc(NC(=O)CCN3CCN(Cc4cccc5ccccc45)CC3)nc12
4095,CHEMBL4095695,19400.0,COc1cc(/C=C/C(=O)Nc2ccccc2)ccc1OCCN1CCCCC1
5648,CHEMBL4776389,19400.0,COc1cccc(C(=O)N2CCN(CC(=O)N3CCN(CCCc4c[nH]c5ccc(F)cc45)CC3)CC2)c1
2399,CHEMBL104,19410.0,Clc1ccccc1C(c1ccccc1)(c1ccccc1)n1ccnc1
5448,CHEMBL4797884,19480.0,O=C1c2ccccc2C(=O)C12N1CSC[C@@H]1[C@@H](c1ccc(Cl)cc1Cl)[C@@]21CSc2ccccc2C1=O
5618,CHEMBL4781376,19480.0,COc1cc(/C=C/C(=O)N2CCN(c3ccc(C)cc3)CC2)ccc1O
1603,CHEMBL1084442,19500.0,CNC(=O)Oc1ccc(-c2cn3ccccc3[n+]2C)cc1.[I-]
5306,CHEMBL4755445,19500.0,NC(=O)c1sc(-c2ccnc(NC(=O)C3CC3)c2)nc1OCCC1CCN(Cc2c(F)cccc2F)CC1
96,CHEMBL85473,19580.0,COc1cc2cc(C(O)C3CC[N+](C)(Cc4ccccc4)CC3)sc2cc1OC.[Br-]
876,CHEMBL187812,19580.0,COc1cc2cc(C3CC[N+](C)(Cc4ccccc4)CC3O)sc2cc1OC
2691,CHEMBL2332530,19590.0,Cc1ccc(/C=C2\CN(C(=O)C[C@H]3C[C@H]4CCCN4[C@]34C(=O)Nc3ccccc34)C[C@@]3(C[C@H]4CCCN4[C@@]34C(=O)Nc3ccccc34)C2=O)cc1
976,CHEMBL371276,19600.0,COc1cc2ccnc3c2c(c1OC)COC3=O
1382,CHEMBL491562,19600.0,CN(Cc1ccccc1)Cc1ccc(C(=O)c2ccc3ccccc3c2)cc1
4395,CHEMBL4128040,19600.0,C=C(C)[C@H](O)CC[C@]1(C)[C@@H](CC=C(C)C)C[C@]2(CC=C(C)C)C(=O)C3=C(O[C@H](C(C)(C)O)C3)[C@@]1(C(=O)C(C)C)C2=O
2698,CHEMBL2332544,19650.0,O=C(C[C@H]1C[C@H]2CCCN2[C@]12C(=O)Nc1ccccc12)N1C/C(=C\c2ccccc2)C(=O)[C@]2(C[C@H]3CCCN3[C@@]23C(=O)Nc2ccccc23)C1
2214,CHEMBL1085505,19700.0,c1ccc(CCNc2ccnc(N3CCOCC3)n2)cc1
5300,CHEMBL4761179,19700.0,CCN(CC)C(=O)Oc1ccc(/C=C/C(=O)N2CCC(Cc3ccccc3)CC2)cc1OC
5458,CHEMBL4788300,19800.0,O=C1c2ccccc2C(=O)C12N1CSC[C@@H]1[C@@H](c1ccc(F)cc1)[C@@]21CSc2ccccc2C1=O
5467,CHEMBL4791084,19800.0,CC(C)c1ccc([C@@H]2CN(C)C3(C(=O)c4ccccc4C3=O)[C@]23CSc2ccccc2C3=O)cc1
5620,CHEMBL1201092,19800.0,CCN(C)C(=O)Oc1cccc([C@H](C)N(C)C)c1.O=C(O)[C@H](O)[C@@H](O)C(=O)O
5464,CHEMBL4739877,19800.0,CN1C[C@@H](c2cccc(Br)c2)[C@@]2(CSc3ccccc3C2=O)C12C(=O)c1ccccc1C2=O
2700,CHEMBL2332980,19840.0,O=C1/C(=C/c2ccc(F)cc2)CN(C(=O)C[C@H]2C[C@H]3CCCN3[C@]23C(=O)Nc2ccccc23)C/C1=C\c1ccc(F)cc1
2210,CHEMBL1766150,19900.0,CC(=O)N1CCN(c2nccc(NCCc3ccccc3)n2)CC1
5898,CHEMBL5085317,19900.0,COc1cc2c(c3c1OCOC3)C[C@H]1c3c(cc4c(c3OC)OCO4)CCN1C2
6542,CHEMBL5407164,20000.0,CCN1/C(=C/C(C)=O)Sc2ccc(OC(=O)NCCc3ccccc3)cc21
5039,CHEMBL4538834,20000.0,Cl.c1ccc(CCCCN2CCCc3[nH]c4ccccc4c3C2)cc1
231,CHEMBL337002,20000.0,N#Cc1ccc(C(=O)n2cc(/C=C3\CN(Cc4ccccc4)CCC3=O)c3ccccc32)cc1
947,CHEMBL191930,20000.0,O=C1CN(CCN2CCCC2)C(=O)CN1CCCn1ccnc1
948,CHEMBL434948,20000.0,CC1CCCCN1CCCN1CC(=O)N(CCc2ccc(F)cc2)CC1=O
4238,CHEMBL4082785,20000.0,CCOc1ccc(Cc2nc3cc(C(=O)N(CC)CC)ccc3n2CCCCCCN2CCCCC2)cc1
945,CHEMBL372279,20000.0,CC(C)N(CCN1CC(=O)N(CCc2ccc(Cl)cc2Cl)CC1=O)C(C)C
944,CHEMBL192953,20000.0,CCN(CC)CCN1CC(=O)N(CCc2ccccc2)CC1=O
943,CHEMBL372071,20000.0,CCN(CC)CCCN1CC(=O)N(C2CC2)CC1=O
949,CHEMBL190152,20000.0,O=C1CN(CCN2CCOCC2)C(=O)CN1CCC(c1ccccc1)c1ccccc1
946,CHEMBL191315,20000.0,COc1ccc(CCN2CC(=O)N(CCc3ccccn3)CC2=O)cc1OC
3247,CHEMBL3335058,20000.0,O=c1oc2cc(OCCN3CCC(Cc4ccccc4)CC3)ccc2c2ccccc12
6223,CHEMBL5220560,20000.0,CCC(C)(C)NCC(O)c1cc(O)cc(OC(=O)N(C)C)c1
2126,CHEMBL1642970,20000.0,CC(C)(C)c1cc[n+](C[n+]2ccc(C(C)(C)C)cc2)cc1.[Br-].[Br-]
7235,CHEMBL6170553,20000.0,CCOC(=O)c1c(O)cc(O)c(Cc2c(O)cc(C)c(C(=O)OC)c2O)c1C
4357,CHEMBL4064686,20000.0,O=C(CC[C@@H](NC(=O)c1ccccc1)C(=O)O)NCCC1CCN(Cc2ccccc2)CC1
5897,CHEMBL5080190,20000.0,COc1cc2c[n+]3c(cc2c(CO)c1OC)-c1c(cc2c(c1OC)OCO2)CC3
4712,CHEMBL4291400,20000.0,CCN1CCN(C2CCN(C(=O)COc3ccc(I)cc3)CC2)CC1
2702,CHEMBL2332978,20070.0,Cc1ccc(/C=C2\CN(C(=O)C[C@H]3C[C@H]4CCCN4[C@]34C(=O)Nc3ccccc34)C/C(=C\c3ccc(C)cc3)C2=O)cc1
4409,CHEMBL469638,20070.0,COc1ccc2c3c1O[C@H]1C[C@@H](O)CC[C@@]31CCN(C)C2
6037,CHEMBL5203299,20080.0,CCOCCN1CCN(CCC(=O)Nc2nc3c(C)cccc3s2)CC1
4860,CHEMBL4576193,20100.0,COc1ccc(C2=NN(C(C)=O)C(c3ccc(N4CCC(Cc5ccccc5)CC4)cc3)C2)cc1OC
5762,CHEMBL4849436,20100.0,COC(=O)/C(=N\Nc1ccccc1)C(=O)C(F)(F)F
2223,CHEMBL1766142,20200.0,Clc1ccc(CN2CCN(c3nccc(NCc4ccccc4)n3)CC2)cc1
5641,CHEMBL4790454,20200.0,O=C(CN1CCN(C(=O)c2ccccc2F)CC1)N1CCN(CCCc2c[nH]c3ccccc23)CC1
403,CHEMBL356000,20300.0,C#CC1CCCCC1OC[n+]1ccn(C)c1/C=N/O.[Cl-]
2363,CHEMBL1834071,20300.0,CC(C)N1CCN(c2nccc(NC(c3ccccc3)c3ccccc3)n2)CC1
5789,CHEMBL1712867,20400.0,c1ccc(CN2CCc3[nH]c4ccccc4c3C2)cc1
2212,CHEMBL1082980,20400.0,CN1CCN(c2nccc(NCCc3ccccc3)n2)CC1
1610,CHEMBL1082750,20500.0,COc1cccc2n1cc(-c1cccc(OC(=O)N(C)C)c1)[n+]2C.[Cl-]
6032,CHEMBL5185552,20580.0,CCN1CCN(CCC(=O)Nc2nc3c(C)cccc3s2)CC1
2688,CHEMBL2332981,20630.0,O=C(C[C@H]1C[C@H]2CCCN2[C@]12C(=O)Nc1ccccc12)N1C/C(=C\c2cccc3ccccc23)C(=O)[C@]2(C[C@H]3CCCN3[C@@]23C(=O)Nc2ccccc23)C1
689,CHEMBL151369,20700.0,CCN(C)C(=O)Oc1cccc(CCNC)c1
5209,CHEMBL4638958,20700.0,CC(C)=CC[C@H]1C[C@]2(CC=C(C)C)C(=O)[C@]3(CC=C(C)C)O[C@@]1(C(=O)C(C)C)[C@@]2(O)C(C)(C)C3=O
5285,CHEMBL4800310,20700.0,CCN(C)C(=O)Oc1ccc(/C=C/C(=O)N(CC)Cc2ccccc2)cc1OC
7105,CHEMBL659,20880.0,COc1ccc2c3c1O[C@H]1C[C@@H](O)C=C[C@@]31CCN(C)C2
2777,CHEMBL2409140,20900.0,CC1=C[C@H]2Cc3[nH]c(=O)ccc3[C@@]3(C1)[C@@H]2[C@H](Cl)CCN3C
3242,CHEMBL3335063,20900.0,COc1cccc(CN(C)CCCOc2ccc3c(c2)oc(=O)c2ccccc23)c1
5765,CHEMBL4855838,20900.0,COC(=O)/C(=N\Nc1ccccc1[N+](=O)[O-])C(=O)C(F)(F)F
4003,CHEMBL3950063,20900.0,COc1cc2c(cc1OC)C(=O)C(CC1CCN(Cc3ccc(O)c4ncccc34)CC1)C2
35,CHEMBL63173,21000.0,CN1CC[C@@]2(C)c3cc(OC(=O)NCCCCN4CCOCC4)ccc3N(C)[C@@H]12
2473,CHEMBL1952062,21000.0,CCCCCN1CCCN=C1/C=N/O.Cl
6314,CHEMBL5272549,21000.0,CC1c2[nH]c3ccccc3c2CCN1C(=O)/C=C/c1ccc(O)c(O)c1
2848,CHEMBL2441695,21000.0,COc1c(F)c[n+](CCC[n+]2cc(F)c(OC)c(F)c2)cc1F.O=S(=O)([O-])C(F)(F)F.O=S(=O)([O-])C(F)(F)F
2067,CHEMBL1257887,21000.0,CCCCNc1c2c(nc3ccc(OC)cc13)CCCC2.Cl
4949,CHEMBL1915760,21100.0,C/C(=C\CC[C@@H](C)[C@H]1CC[C@@]2(C)C3=CC[C@H]4C(C)(C)[C@@H](O)CC[C@]4(C)C3=CC[C@]12C)C(=O)O
2437,CHEMBL1915760,21110.0,C/C(=C\CC[C@@H](C)[C@H]1CC[C@@]2(C)C3=CC[C@H]4C(C)(C)[C@@H](O)CC[C@]4(C)C3=CC[C@]12C)C(=O)O
5459,CHEMBL4763528,21160.0,CN1C[C@@H](c2cccs2)[C@@]2(CSc3ccccc3C2=O)C12C(=O)c1ccccc1C2=O
7088,CHEMBL6173424,21170.0,C[C@@H]1CC[C@]2(C(=O)O)CC[C@]3(C)C(=CC[C@@H]4[C@@]5(C)C[C@@H](OC(=O)c6ccc(Cl)cc6)[C@H](OC(=O)c6ccc(Cl)cc6)[C@@](C)(CO)[C@@H]5CC[C@]43C)[C@@H]2[C@]1(C)O
524,CHEMBL34000,21200.0,Cn1cc[n+](COCCCc2ccccc2)c1/C=N/O.[Cl-]
5457,CHEMBL4743869,21280.0,O=C1c2ccccc2C(=O)C12N1CSC[C@@H]1[C@@H](c1ccc(Cl)cc1)[C@@]21CSc2ccccc2C1=O
5820,CHEMBL4875517,21300.0,Fc1ccc(CN2CCC(c3cc4ccccc4o3)CC2)cc1
3232,CHEMBL3335072,21300.0,COc1cccc(CN2CCN(CCCCOc3ccc4c(c3)oc(=O)c3ccccc34)CC2)c1
5793,CHEMBL12540,21400.0,c1ccc2c(c1)[nH]c1ccncc12
2410,CHEMBL1714574,21573.0,CC(C)N1CCN(c2ccc(OCC3COC(Cn4cncn4)(c4ccc(Cl)cc4Cl)O3)cc2)CC1
2369,CHEMBL1834078,21600.0,OCCN1CCN(c2nccc(NC(c3ccccc3)c3ccccc3)n2)CC1
2221,CHEMBL1766144,21600.0,Fc1ccc(CN2CCN(c3nccc(NCc4ccccc4)n3)CC2)cc1
401,CHEMBL148832,21800.0,C#CCOC[n+]1ccn(C)c1/C=N/O.[Cl-]
2246,CHEMBL1770550,21800.0,O=C1C=C(NCCCNCc2cc3ccccc3o2)C(=O)C=C1NCCCNCc1cc2ccccc2o1
2438,CHEMBL1915761,21840.0,C[C@H](CCC=C(CO)CO)[C@H]1CC[C@@]2(C)C3=CC[C@H]4C(C)(C)C(=O)CC[C@]4(C)C3=CC[C@]12C
3221,CHEMBL3339006,21940.0,CCCCN(CCCC)CCCCOc1ccc(C(=O)/C=C/c2ccccc2)cc1
5609,CHEMBL4788557,21940.0,COc1cc(/C=C/C(=O)NCC(=O)Nc2ccccc2)ccc1O
5721,CHEMBL4788557,21940.0,COc1cc(/C=C/C(=O)NCC(=O)Nc2ccccc2)ccc1O
3332,CHEMBL3393674,22000.0,C=CC[C@@H]1[C@H](O)[C@@H](OCc2ccccc2)[C@H](O)CN1CCCCCCCC
2282,CHEMBL433041,22000.0,CCCCCCCNC(=O)Oc1ccc2c(c1)[C@]1(C)CCN(C)[C@@H]1N2C
2247,CHEMBL1770553,22000.0,O=C1C=C(NCCCCCCNCc2nc3ccccc3s2)C(=O)C=C1NCCCCCCNCc1nc2ccccc2s1
216,CHEMBL94,22000.0,CNC(=O)Oc1ccc2c(c1)[C@]1(C)CCN(C)[C@@H]1N2C
5366,CHEMBL4780225,22000.0,CS[C@@H](Cn1nnc2cc(C#Cc3ccc(N4C[C@H](O)[C@@H](O)C4)cc3)ccc21)N(O)C=O
2865,CHEMBL2441679,22000.0,COc1ccc(C(F)(F)F)c[n+]1CCCCC[n+]1cc(C(F)(F)F)ccc1OC.O=S(=O)([O-])C(F)(F)F.O=S(=O)([O-])C(F)(F)F
6337,CHEMBL5315772,22000.0,Cc1cc2cc3n(c(=O)c2cn1)CCc1c-3[nH]c2ccccc12
2001,CHEMBL187370,22000.0,CN(C)c1ccc(-c2c3cc(O)c(=O)cc-3oc3cc(O)c(O)cc23)cc1
2833,CHEMBL2441679,22000.0,COc1ccc(C(F)(F)F)c[n+]1CCCCC[n+]1cc(C(F)(F)F)ccc1OC.O=S(=O)([O-])C(F)(F)F.O=S(=O)([O-])C(F)(F)F
3700,CHEMBL3754631,22000.0,COc1cc(/C=C/C(=O)N(Cc2cccc3[nH]c4ccccc4c23)C(C)C)ccc1O
2748,CHEMBL152675,22040.0,C=CC(=O)N1C/C(=C\c2ccc(Cl)cc2)C(=O)/C(=C/c2ccc(Cl)cc2)C1
2712,CHEMBL152675,22040.0,C=CC(=O)N1C/C(=C\c2ccc(Cl)cc2)C(=O)/C(=C/c2ccc(Cl)cc2)C1
1324,CHEMBL496255,22100.0,C[C@@H]([C@H]1CC[C@H]2[C@@H]3CC[C@H]4C[C@@H](N(C)C)CC[C@]4(C)[C@H]3CC[C@]12C)N(C)C
5605,CHEMBL4799350,22120.0,COc1cc(/C=C/C(=O)NCC(=O)Nc2cccc(F)c2)ccc1O
6494,CHEMBL278020,22200.0,CN(C)C(=O)Oc1cccc([N+](C)(C)C)c1
5471,CHEMBL4744408,22240.0,CN1C[C@@H](c2ccc(Cl)cc2)[C@@]2(CSc3ccccc3C2=O)C12C(=O)c1ccccc1C2=O
4666,CHEMBL4283733,22300.0,CCN(CCOc1ccc(/C=C2\COc3ccccc3C2=O)cc1)Cc1ccccc1
5642,CHEMBL4796328,22300.0,O=C(CN1CCN(C(=O)c2ccc(Cl)cc2)CC1)N1CCN(CCCc2c[nH]c3ccc(F)cc23)CC1
2441,CHEMBL1915763,22310.0,C[C@H](CC[C@H](O)[C@](C)(O)CO)[C@H]1CC[C@@]2(C)C3=CC[C@H]4C(C)(C)C(=O)CC[C@]4(C)C3=CC[C@]12C
2736,CHEMBL2380677,22320.0,O=C1/C(=C/c2ccc(F)cc2)CN(C(=O)[C@H]2C[C@H]3CCCN3[C@]23C(=O)Nc2cc(Cl)ccc23)C/C1=C\c1ccc(F)cc1
6918,CHEMBL5200613,22380.0,COc1ccc(-c2cc(-c3ccccc3)nc3[nH]nc(N)c23)cc1
1471,CHEMBL572865,22400.0,CC1=CC2Cc3nc4cc(Cl)ccc4c(Cl)c3C(C1)C2
5725,CHEMBL4861913,22500.0,Cc1ccc2nc3c(c(N)c2c1)CCCCC3.Cl
3210,CHEMBL3338995,22510.0,CCN(CC)CCCOc1ccc(C(=O)/C=C/c2ccccc2)cc1
2433,CHEMBL1087180,22630.0,CC(CC(=O)C[C@@H](C)[C@H]1CC(=O)[C@@]2(C)C3=C(C(=O)C[C@]12C)[C@@]1(C)CC[C@H](O)C(C)(C)[C@@H]1C[C@@H]3O)C(=O)O
2387,CHEMBL40583,22683.0,Cc1ccc2cc3c(ccc4ccccc43)c3c2c1CC3
2979,CHEMBL3122166,22800.0,CCOC(=O)c1ccc2nc(-c3cccnc3)c3c(c2c1)NCCC3
1432,CHEMBL561846,22800.0,C=C1C[C@]23C[C@H]1CC[C@H]2[C@]1(C)CCC[C@](C)(CO)[C@@H]1C[C@@H]3O
2144,CHEMBL1651044,22900.0,C[C@@H]([C@H]1[C@H](O)C[C@@]2(C)[C@@H]3C=C[C@H]4C(C)(C)[C@@H](N(C)C)[C@H](O)C[C@@]45C[C@@]35CC[C@]12C)N(C)C
3619,CHEMBL3628061,22900.0,N#Cc1ccc(C[n+]2ccc(C(=O)NCCc3c[nH]c4ccccc34)cc2)cc1.[Br-]
2229,CHEMBL1766018,22900.0,c1ccc(CNc2ccnc(N3CCN(C4CCCCC4)CC3)n2)cc1
2488,CHEMBL2011405,22900.0,COc1c(O)cc(C2CC(=O)c3c(cc(O)c(C/C=C(\C)CCC=C(C)C)c3O)O2)cc1O
2435,CHEMBL1087131,22970.0,CC(CC(=O)C[C@@H](C)[C@H]1C[C@H](O)[C@@]2(C)C3=C(C(=O)C[C@]12C)[C@@]1(C)CCC(=O)C(C)(C)[C@@H]1CC3)C(=O)O
223,CHEMBL308503,23000.0,CN1CC[C@@]2(C)c3cc(OC(=O)NC(C)(C)C)ccc3N(C)[C@@H]12
5640,CHEMBL4798408,23000.0,O=C(CN1CCN(C(=O)c2cccc(Br)c2)CC1)N1CCN(CCCc2c[nH]c3ccccc23)CC1
3053,CHEMBL3235502,23000.0,O=C(CCCOc1cccc2[nH]c3ccccc3c12)NCCCNc1c2c(nc3ccccc13)CCCC2
2855,CHEMBL2441688,23000.0,COc1ccc(C(F)(F)F)c[n+]1C.F[B-](F)(F)F
6359,CHEMBL517247,23050.0,CC(C)=CCC/C(C)=C/Cc1c(O)ccc2cc(-c3cc(O)cc(O)c3CC=C(C)C)oc12
2618,CHEMBL2238007,23140.0,Nc1c2c(nc3nc(-c4ccccc4)cc(C(F)(F)F)c13)-c1ccccc1CC2
4077,CHEMBL4093408,23200.0,COc1cc(/C=C/C(=O)Nc2ccccc2)ccc1OCCN(C)C
7104,CHEMBL515920,23200.0,C[C@@H]1CC[C@]2(C(=O)O)CC[C@]3(C)C(=CC[C@@H]4[C@@]5(C)C[C@@H](O)[C@H](O)[C@@](C)(CO)[C@@H]5CC[C@]43C)[C@@H]2[C@]1(C)O
6938,CHEMBL5872661,23200.0,Oc1cc(O)cc(Oc2c(O)cc(O)c3c2Oc2c(OCc4ccccc4)cc4oc5c(Oc6cc(O)cc(O)c6)c(O)cc(O)c5c4c2O3)c1
2234,CHEMBL1086014,23200.0,c1ccc(CNc2ccnc(N3CCSCC3)n2)cc1
6192,CHEMBL5184276,23203.0,CCCC[N+](C)(CCCc1c[nH]c2ccccc12)CCC1CCCCCC1.[I-]
3211,CHEMBL3338996,23210.0,CCN(CC)CCCCOc1ccc(C(=O)/C=C/c2ccccc2)cc1
5472,CHEMBL4791351,23320.0,CN1C[C@@H](c2ccc(F)cc2)[C@@]2(CSc3ccccc3C2=O)C12C(=O)c1ccccc1C2=O
6933,CHEMBL508791,23400.0,Oc1cc(O)cc(Oc2c(O)cc(O)c3c2Oc2c(O)cc(Oc4c(O)cc(Oc5c(O)cc(O)c6c5Oc5c(O)cc(O)cc5O6)cc4O)cc2O3)c1
2792,CHEMBL2413558,23420.0,CC(C)N(CCOc1ccc(-c2nc3ccccc3[nH]2)cc1)C(C)C
5615,CHEMBL4785572,23430.0,COc1cc(/C=C/C(=O)N2CCN(c3cccc([N+](=O)[O-])c3)CC2)ccc1O
5290,CHEMBL4756176,23500.0,COc1cc(/C=C/C(=O)N2CCN(Cc3ccccc3)CC2)ccc1OC(=O)N(C)C
2689,CHEMBL2332540,23670.0,O=C(C[C@H]1C[C@H]2CCCN2[C@]12C(=O)Nc1ccccc12)N1C/C(=C\c2ccc(F)cc2)C(=O)[C@]2(C[C@H]3CCCN3[C@@]23C(=O)Nc2ccccc23)C1
2518,CHEMBL340807,23700.0,COc1ccc2c3c([nH]c2c1)C(C)=NCC3
4085,CHEMBL4078463,23720.0,CCN(CC)CCCOc1ccc(/C=C/C(=O)Nc2ccccc2)cc1OC
6181,CHEMBL5183299,23760.0,CCCCC1OC(=O)c2cc(OCc3ccc(CN4CCN(C)CC4)c(O)c3)ccc21
4507,CHEMBL4163376,23800.0,Cc1ccc(C2NC(=S)Nc3nc4c(c(N)c32)CCCC4)cc1
5817,CHEMBL4875660,23900.0,COc1ccc(OC)c(CN2CCC(c3cc4ccccc4o3)CC2)c1
558,CHEMBL149230,24000.0,CCC(OC[n+]1ccn(C)c1/C=N/O)C(C)(C)C.[Cl-]
1607,CHEMBL1082748,24000.0,Cc1cccc2n1cc(-c1cccc(OC(=O)N(C)C)c1)[n+]2C.[Cl-]
5566,CHEMBL4794250,24000.0,COc1cc2c(cc1OC)C(=O)/C(=C/c1ccc(OCCN[N+]3(C)CCN(c4ccc(/C=C5\Cc6cc(OC)c(OC)cc6C5=O)cc4)CC3)cc1)C2.[Br-]
2127,CHEMBL1642974,24000.0,CC(C)(C)c1cc[n+](CCCCC[n+]2ccc(C(C)(C)C)cc2)cc1.[Br-].[Br-]
2470,CHEMBL1952059,24000.0,Cl.O/N=C/C1=NCCN1Cc1ccc(Cl)cc1Cl
7244,CHEMBL454431,24000.0,COC(=O)c1c(C)cc(O)cc1O
2444,CHEMBL460969,24040.0,C[C@H](CCC(=O)O)[C@H]1CC(=O)[C@@]2(C)C3=C(C(=O)C[C@]12C)[C@@]1(C)CCC(=O)C(C)(C)[C@@H]1C[C@@H]3O
4513,CHEMBL4176034,24100.0,CN(C)c1ccc(C2NC(=S)Nc3nc4c(c(N)c32)CCCC4)cc1
5461,CHEMBL4780172,24120.0,CN1C[C@@H](c2ccc(Cl)cc2Cl)[C@@]2(CSc3ccccc3C2=O)C12C(=O)c1ccccc1C2=O
416,CHEMBL147517,24200.0,C#CC(C)(C)OC[n+]1ccn(C)c1/C=N/O.[Cl-]
1326,CHEMBL496488,24200.0,C[C@@H]([C@H]1CC=C2[C@@H]3CCC4=C[C@@H](N(C)C)CC[C@]4(C)[C@H]3CC[C@@]21C)N(C)C
2217,CHEMBL1766148,24200.0,O=S1(=O)CCN(c2nccc(NCc3ccccc3)n2)CC1
431,CHEMBL147025,24200.0,C#CC1(OC[n+]2ccn(C)c2/C=N/O)CCCC1.[Cl-]
3596,CHEMBL3623564,24200.0,CCCC(C)n1cc(C(=O)CF)cn1
4388,CHEMBL4129147,24260.0,CC(C)=CCC1=C2O[C@H](C(C)(C)O)C[C@@]23C[C@H](CC=C(C)C)[C@@](C)(CCC(=O)C(C)C)[C@@](C(=O)C(C)C)(C1=O)C3=O
4121,CHEMBL4090583,24300.0,COc1cc2c(cc1OC)C(=O)/C(=C/c1ccc(CN(C)C)c(O)c1)O2
1029,CHEMBL19224,24330.0,COc1ccc(Cc2nccc3cc(OC)c(OC)cc23)cc1OC
4106,CHEMBL4063663,24350.0,COc1cc(/C=C/C(=O)Nc2ccccc2)ccc1OCCCCN1CCCC1
2467,CHEMBL1940619,24400.0,COC1=CC(=O)C(N2CCC(C3CCN(Cc4ccccc4OC)CC3)CC2)=CC1=O
7113,CHEMBL6147462,24400.0,CC1=CC(=O)[C@](C)(O)C(=O)/C1=C\Nc1ccc(Oc2ccc(C#N)cc2)cc1
692,CHEMBL545104,24500.0,CCNC1CCc2ccc(OC(=O)N(C)C)cc21.Cl
1598,CHEMBL1082427,24500.0,CC(=O)N(C)c1cccc2n1cc(-c1ccc(OC(=O)N(C)C)cc1)[n+]2C.[Cl-]
5465,CHEMBL4799570,24560.0,CN1C[C@@H](c2cccc(F)c2)[C@@]2(CSc3ccccc3C2=O)C12C(=O)c1ccccc1C2=O
2694,CHEMBL2332533,24580.0,O=C(C[C@H]1C[C@H]2CCCN2[C@]12C(=O)Nc1ccccc12)N1C/C(=C\c2ccccc2F)C(=O)[C@]2(C[C@H]3CCCN3[C@@]23C(=O)Nc2ccccc23)C1
1145,CHEMBL242906,24600.0,COc1cc2cc(-c3ccc(CN(C)Cc4ccc([N+](=O)[O-])cc4)cc3)c(=O)oc2cc1OC
3215,CHEMBL3339000,24630.0,CCCN(CCC)CCCOc1ccc(C(=O)/C=C/c2ccccc2)cc1
2233,CHEMBL1084808,24900.0,CN1CCN(c2nccc(NCc3ccccc3)n2)CC1
2183,CHEMBL601410,25000.0,[Br-].[Br-].c1ccc2c(c1)ccc[n+]2CCCCCC[n+]1cccc2ccccc21
217,CHEMBL94,25000.0,CNC(=O)Oc1ccc2c(c1)[C@]1(C)CCN(C)[C@@H]1N2C
2228,CHEMBL1766019,25000.0,CC(C)N1CCN(c2nccc(NCc3ccccc3)n2)CC1
6623,CHEMBL5397966,25000.0,CN(C)CCCN1C(=O)CSC1c1cccc(Cl)c1.Cl
1879,CHEMBL119389,25000.0,CCCCC1=C(C)Cc2c1nc1ccccc1c2N
546,CHEMBL147968,25000.0,CCCCCCOC[n+]1ccn(C)c1/C=N/O.[Cl-]
7243,CHEMBL2332779,25000.0,Cc1cc(O)c(C)c(O)c1
233,CHEMBL340854,25000.0,O=C1CCN(Cc2ccccc2)C/C1=C\c1c[nH]c2ccc(OCc3ccccc3)cc12
4386,CHEMBL4128985,25070.0,C=C(C)[C@H](O)CC[C@]1(C)[C@@H](CC=C(C)C)C[C@@]2(CC=C(C)C)C(=O)[C@]1(C(=O)C(C)C)C(=O)C1=C2O[C@@H](C(C)(C)O)C1
2440,CHEMBL1098479,25080.0,C[C@H](CC[C@@H](O)C(C)(C)O)[C@H]1CC[C@@]2(C)C3=CC[C@H]4C(C)(C)C(=O)CC[C@]4(C)C3=CC[C@]12C
5635,CHEMBL4782574,25100.0,COc1ccc(C(=O)N2CCN(CC(=O)N3CCN(CCCc4c[nH]c5ccccc45)CC3)CC2)cc1
5579,CHEMBL4796736,25100.0,O=c1c(-c2ccc(OCCCCN3CCN(Cc4ccccc4)CC3)cc2)coc2cc(OCCCCN3CCN(Cc4ccccc4)CC3)cc(O)c12
3859,CHEMBL3819247,25195.0,COc1ccc2c(c1)C(=O)/C(=C/C1CCN(Cc3ccc4c(c3)OCO4)CC1)C2
4305,CHEMBL4080726,25200.0,CCN(CC)c1ccc(-c2c3ccccc3[n+](C)c3ccccc23)cc1.F[B-](F)(F)F
2420,CHEMBL1912064,25200.0,CC(c1cccc(OCCCNC(=O)CCCCC2CCSS2)c1)N(C)C
6191,CHEMBL5180743,25200.0,CN(CCC1CCCCCC1)Cc1c[nH]c2ccccc12
3454,CHEMBL3581573,25400.0,C=C(C)[C@H]1CC[C@@](C)(O)[C@@H](C2=C(O)C(CC=C(C)C)(CC=C(C)C)C(=O)C(C(=O)C(C)C)=C2O)C1
5401,CHEMBL4787418,25400.0,CCCCN[C@@H](Cc1c[nH]c2ccccc12)C(=O)NCCC1CCN(Cc2ccccc2)CC1
2222,CHEMBL1766143,25500.0,Brc1ccc(CN2CCN(c3nccc(NCc4ccccc4)n3)CC2)cc1
761,CHEMBL544165,25500.0,C#CCNC1CCc2c(Cl)cc(OC(=O)N(C)CC)cc21.Cl
2400,CHEMBL411,25550.0,CC/C(=C(/CC)c1ccc(O)cc1)c1ccc(O)cc1
6674,CHEMBL5414196,25600.0,COc1ccc(C[C@H]2c3c(ccc(OC)c3O)CCN2C)cc1
4669,CHEMBL4289104,25720.0,CN(C)CCCOc1cccc(/C=C2\COc3ccccc3C2=O)c1
2351,CHEMBL1766151,25800.0,CC1CCN(c2nccc(NCc3cccc4ccccc34)n2)CC1
2205,CHEMBL1766151,25800.0,CC1CCN(c2nccc(NCc3cccc4ccccc34)n2)CC1
2145,CHEMBL1651045,25800.0,C[C@@H]1[C@@H]2CC[C@@H]3C(=CC[C@]4(C)[C@@H]([C@H](C)N(C)C)[C@H](O)C[C@@]34C)C=C2CC[C@@H]1N(C)C
2443,CHEMBL465487,25910.0,C[C@H](CCC(=O)O)[C@H]1CC(=O)[C@@]2(C)C3=C(C(=O)C[C@]12C)[C@@]1(C)CC[C@H](O)C(C)(C)[C@@H]1C[C@@H]3O
501,CHEMBL357843,26000.0,CC(OC[n+]1ccn(C)c1/C=N/O)C1CCCCC1.[Cl-]
3688,CHEMBL592624,26000.0,COC(=O)C1=C(C)OP(=O)(OC)CCC1
4983,CHEMBL4456336,26000.0,O=C(O)CC1(CC(=O)c2cc(O)ccc2O)C=C(CO)CCC1
7242,CHEMBL457583,26000.0,Cc1cc(O)cc(O)c1C(=O)O
6895,CHEMBL779,26100.0,CN1CC(=O)N2[C@H](c3ccc4c(c3)OCO4)c3[nH]c4ccccc4c3C[C@@H]2C1=O
7188,CHEMBL779,26150.0,CN1CC(=O)N2[C@H](c3ccc4c(c3)OCO4)c3[nH]c4ccccc4c3C[C@@H]2C1=O
6671,CHEMBL510954,26200.0,COc1ccc2c(c1)C[C@@H]1c3c(cc4c(c3-2)OCO4)CCN1C
4128,CHEMBL4102562,26300.0,COc1cc2c(cc1OC)C(=O)/C(=C/c1ccc(CN(C)Cc3ccccc3)c(O)c1)O2
2213,CHEMBL1082979,26400.0,c1ccc(CCNc2ccnc(N3CCSCC3)n2)cc1
2225,CHEMBL1766140,26400.0,OCCN1CCN(c2nccc(NCc3ccccc3)n2)CC1
3453,CHEMBL3581576,26400.0,CC(C)=CC[C@]12C[C@@H]3[C@@H]4[C@@H](O)C(C)(C)[C@@H](C(C)C)CC4(C1=O)C(=O)[C@](C(=O)c1ccccc1)(C2=O)C3(C)C
4385,CHEMBL4125708,26430.0,C=C(C)[C@H](O)CC[C@]1(C)[C@@H](CC=C(C)C)C[C@@]2(CC=C(C)C)C(=O)[C@]1(C(=O)C(C)C)C(=O)C1=C2O[C@H](C(C)(C)O)C1
77,CHEMBL27675,26500.0,C[n+]1ccn(COCCS(C)(=O)=O)c1/C=N/O.[Cl-]
2693,CHEMBL2332532,26600.0,O=C(C[C@H]1C[C@H]2CCCN2[C@]12C(=O)Nc1ccccc12)N1C/C(=C\c2cccc([N+](=O)[O-])c2)C(=O)[C@]2(C[C@H]3CCCN3[C@@]23C(=O)Nc2ccccc23)C1
2224,CHEMBL1766141,26700.0,COCCN1CCN(c2nccc(NCc3ccccc3)n2)CC1
2436,CHEMBL240972,26780.0,C/C(=C\CC[C@@H](C)[C@H]1CC[C@@]2(C)C3=CC[C@H]4C(C)(C)[C@@H](O)CC[C@]4(C)C3=CC[C@]12C)CO
4476,CHEMBL4101303,26950.0,COc1cc2c(cc1OC)C(=O)C(CC1C=CN(Cc3cccc(Cl)c3)C=C1C(N)=O)C2
1614,CHEMBL1084709,27000.0,Cc1cn2cc(C(N)=O)ccc2[n+]1C.[I-]
2002,CHEMBL186400,27000.0,Cc1nc(N)ncc1-c1nnnn1-c1ccc(-c2ccccc2)cc1
1723,CHEMBL419184,27000.0,O=C1c2ccc([N+](=O)[O-])cc2C(=O)N1C1CCN(Cc2ccccc2)CC1
396,CHEMBL147465,27000.0,C#CCCOC[n+]1ccn(C)c1C.[Cl-]
5462,CHEMBL4755928,27100.0,CN1C[C@@H](c2ccccc2Br)[C@@]2(CSc3ccccc3C2=O)C12C(=O)c1ccccc1C2=O
5282,CHEMBL4776936,27100.0,CCN(C)C(=O)Oc1ccc(/C=C/C(=O)N2CCC(Cc3ccccc3)CC2)cc1
1464,CHEMBL576189,27100.0,CC1=CC2Cc3nc4oc(C5CCC5)nc4c(N)c3C(C1)C2
5286,CHEMBL4756054,27200.0,COc1cc(/C=C/C(=O)N2CCCCC2)ccc1OC(=O)N(c1ccccc1)c1ccccc1
1383,CHEMBL491527,27200.0,C#CCN(C)Cc1ccc(C(=O)c2ccc(OC)c(OC)c2)cc1
3234,CHEMBL3335070,27400.0,COc1cccc(CC2CCN(CCCCOc3ccc4c(c3)oc(=O)c3ccccc34)CC2)c1
6371,CHEMBL4097388,27400.0,Cc1cc2c(c(C)c1CCO[C@@H]1O[C@H](CO)[C@@H](O)[C@H](O)[C@H]1O)C(=O)C(C)(C)[C@H]2O
2697,CHEMBL2332543,27450.0,Cc1ccccc1/C=C1\CN(C(=O)C[C@H]2C[C@H]3CCCN3[C@]23C(=O)Nc2ccccc23)C[C@@]2(C[C@H]3CCCN3[C@@]23C(=O)Nc2ccccc23)C1=O
534,CHEMBL416772,27500.0,CCCCOC[n+]1ccn(C)c1/C=N/O.[Cl-]
3122,CHEMBL3289928,27540.0,CCOC(OCC)c1ccc(/C=C2\CN(Cc3ccccc3)C/C(=C\c3ccc(C(OCC)OCC)cc3)C2=O)cc1
2885,CHEMBL3087679,27800.0,C[C@@H](C(=O)NCCCNCCCNC1=CC(=O)C(NCCCNCCCNC(=O)[C@H](C)c2ccc(-c3ccccc3)c(F)c2)=CC1=O)c1ccc(-c2ccccc2)c(F)c1
4234,CHEMBL4098808,27860.0,CN1CC2C(=O)N(c3ccc(Cl)cc3)C(=O)C2C12C(=O)c1ccccc1C2=O
410,CHEMBL346399,27900.0,C#CCCCOC[n+]1ccn(C)c1/C=N/O.[Cl-]
1124,CHEMBL376327,27900.0,C[C@H]1C=C2N3CC[C@@H](O)C24[C@H](CC(=O)[C@H]4C[C@H](O)C3)C1
2003,CHEMBL328085,28000.0,O=C(OC1Cc2c(O)cc(O)cc2OC1c1ccc(O)c(O)c1)c1cc(O)c(O)c(O)c1
2816,CHEMBL2441695,28000.0,COc1c(F)c[n+](CCC[n+]2cc(F)c(OC)c(F)c2)cc1F.O=S(=O)([O-])C(F)(F)F.O=S(=O)([O-])C(F)(F)F
7186,CHEMBL389328,28000.0,COc1ccc(/C=C/C(=O)c2ccccc2O)cc1OC
6027,CHEMBL5185843,28000.0,COc1ccc(C(=O)Cc2ncc(C(=O)NC3CCN(Cc4ccccc4)CC3)cn2)cc1
2474,CHEMBL1952063,28000.0,Cl.O/N=C/C1=NCCCN1Cc1ccccc1
1308,CHEMBL481657,28000.0,CC1(C)Oc2cc3oc(=O)ccc3cc2C[C@@H]1O
2385,CHEMBL31184,28000.0,c1ccc2c(c1)cc1ccc3cccc4ccc2c1c34
7241,CHEMBL4076614,28000.0,OCc1cc(O)cc(O)c1
1325,CHEMBL498645,28000.0,C[C@@H]([C@H]1CC[C@H]2[C@@H]3CC[C@H]4C[C@@H](N)CC[C@]4(C)[C@H]3CC[C@]12C)N(C)C
7245,CHEMBL367881,28000.0,CC(=O)C1=C(O)C=C2Oc3c(C(C)=O)c(O)c(C)c(O)c3[C@@]2(C)C1=O
5284,CHEMBL4762548,28100.0,CCN(Cc1ccccc1)C(=O)/C=C/c1ccc(OC(=O)N(c2ccccc2)c2ccccc2)c(OC)c1
7185,CHEMBL7976,28200.0,O=C(/C=C/c1ccccc1)c1ccccc1
6793,CHEMBL5573638,28220.0,Cc1ccccc1Oc1ccc2nc3c(c(N)c2c1)CCC3.Cl
5763,CHEMBL4868687,28300.0,COC(=O)/C(=N\Nc1ccc(C)cc1)C(=O)C(F)(F)F
1267,CHEMBL231160,28300.0,CCN(CCCCCCNC1=CC(=O)C(NCCCCCCN(CC)Cc2ccccc2OC)=CC1=O)Cc1ccccc1OC
2026,CHEMBL231160,28300.0,CCN(CCCCCCNC1=CC(=O)C(NCCCCCCN(CC)Cc2ccccc2OC)=CC1=O)Cc1ccccc1OC
4438,CHEMBL4168299,28300.0,CO[C@H]1O[C@@](C)(c2nccc3cc4c(cc23)OCO4)c2ccc3c(c21)OCO3
1448,CHEMBL231160,28300.0,CCN(CCCCCCNC1=CC(=O)C(NCCCCCCN(CC)Cc2ccccc2OC)=CC1=O)Cc1ccccc1OC
5453,CHEMBL4756742,28340.0,CC(C)c1ccc([C@@H]2[C@H]3CSCN3C3(C(=O)c4ccccc4C3=O)[C@]23CSc2ccccc2C3=O)cc1
5470,CHEMBL4740786,28340.0,CN1C[C@@H](c2ccc(Br)cc2)[C@@]2(CSc3ccccc3C2=O)C12C(=O)c1ccccc1C2=O
3612,CHEMBL3628054,28600.0,O=C(NCCc1c[nH]c2ccccc12)c1ccc[n+](Cc2ccccc2F)c1.[Br-]
4985,CHEMBL4560804,28600.0,C/C(=C/CC[C@H](CO)c1cc2cc(O)c(O)cc2o1)CO
7005,CHEMBL6169135,28680.0,Cc1cc(=O)oc2cc(OCc3nnc(-c4cc(O)c(O)c(O)c4)o3)ccc12
5289,CHEMBL4762653,28700.0,COc1cc(/C=C/C(=O)N2CCN(Cc3ccccc3)CC2)ccc1OC(=O)N(c1ccccc1)c1ccccc1
1547,CHEMBL610219,28700.0,COc1ccc2c(c1)C/C(=C\c1ccc(CN(C)Cc3ccccc3)cc1)C2=O
2220,CHEMBL1766145,28800.0,FC(F)(F)c1ccc(CN2CCN(c3nccc(NCc4ccccc4)n3)CC2)cc1
5704,CHEMBL3085398,28980.0,C=CC(C)(C)c1cc([C@@H]2CC(=O)c3c(O)cc(O)c(CC=C(C)C)c3O2)c(O)cc1O
2367,CHEMBL1834075,29000.0,CC(=O)N1CCN(c2nccc(NC(c3ccccc3)c3ccccc3)n2)CC1
3246,CHEMBL3335059,29300.0,COc1cccc(CC2CCN(CCOc3ccc4c(c3)oc(=O)c3ccccc34)CC2)c1
5612,CHEMBL4786736,29340.0,COc1cc(/C=C/C(=O)N2CCN(c3ccccc3)CC2)ccc1O
5637,CHEMBL4782256,29400.0,Cc1ccc(C(=O)N2CCN(CC(=O)N3CCN(CCCc4c[nH]c5ccccc45)CC3)CC2)cc1
3217,CHEMBL3339002,29480.0,CCCN(CCC)CCCCCOc1ccc(C(=O)/C=C/c2ccccc2)cc1
2741,CHEMBL2380672,29510.0,O=C1/C(=C/c2ccccc2F)CN(C(=O)[C@H]2C[C@H]3CCCN3[C@]23C(=O)Nc2cc(Cl)ccc23)C/C1=C\c1ccccc1F
7006,CHEMBL6103332,29560.0,Cc1cc(=O)oc2cc(OCc3nnc(-c4ccc(O)c(O)c4)o3)ccc12
4817,CHEMBL362378,29560.0,CC1(C)C=Cc2c(ccc(C(=O)/C=C/c3ccc(O)cc3)c2O)O1
5403,CHEMBL4745688,29700.0,CCCCN[C@@H](Cc1c[nH]c2ccccc12)C(=O)NCCC1CCN(CC2CCN(C)CC2)CC1
4002,CHEMBL3934564,29800.0,COc1cc2c(cc1OC)C(=O)C(CC1CCN(Cc3ccc4cccc(O)c4n3)CC1)C2
4517,CHEMBL4164310,29800.0,Nc1c2c(nc3c1C(c1cccc([N+](=O)[O-])c1)NC(=S)N3)CCCC2
6017,CHEMBL5171192,29800.0,COc1ccc(C(=O)Cc2ncc(C(=O)N(C)CCCOc3ccc(C(F)(F)F)cc3)cn2)cc1
2146,CHEMBL1651046,29800.0,C[C@@H]([C@H]1[C@H](O)C[C@@]2(C)[C@@H]3CC[C@@H]4C(=CC3=CC[C@]12C)CC[C@H](N(C)C)C4(C)C)N(C)C
6015,CHEMBL5193255,29800.0,COc1ccc(C(=O)Cc2ncc(C(=O)N(C)CCCOc3ccc(OC)c(OC)c3)cn2)cc1
6122,CHEMBL521589,30000.0,CN(C)C(=O)Oc1cc(OC(=O)N(C)C)cc(C(O)CNC(C)(C)C)c1
4175,CHEMBL521589,30000.0,CN(C)C(=O)Oc1cc(OC(=O)N(C)C)cc(C(O)CNC(C)(C)C)c1
241,CHEMBL340929,30000.0,CC(C)(C)OC(=O)n1cc(/C=C2\CN(Cc3ccccc3)CCC2=O)c2ccccc21
256,CHEMBL130738,30000.0,Cc1[nH]c(C)c(/C=C2\CN(Cc3ccccc3)CCC2=O)c1C=O
3694,CHEMBL592433,30000.0,CO[P@]1(=O)CC[C@H]2COC(=O)C2=C(C)O1
910,CHEMBL187591,30000.0,COc1cc2c(cc1OC)SC(CC1CC[N+](C)(Cc3ccccc3)CC1)C2
251,CHEMBL335329,30000.0,O=C1CCN(Cc2ccccc2)C/C1=C\c1ccn(C(=O)c2ccccc2)c1
3010,CHEMBL3220802,30000.0,C[C@@]12CC[C@@H]3[C@@](CC[C@H]4[C@@]3(C)CCC[C@@]4(C)C(=O)OCC[N+](C)(C)Cc3ccccc3)(CC1=O)C2.[Br-]
4239,CHEMBL521589,30000.0,CN(C)C(=O)Oc1cc(OC(=O)N(C)C)cc(C(O)CNC(C)(C)C)c1
1518,CHEMBL592433,30000.0,CO[P@]1(=O)CC[C@H]2COC(=O)C2=C(C)O1
4215,CHEMBL592433,30000.0,CO[P@]1(=O)CC[C@H]2COC(=O)C2=C(C)O1
229,CHEMBL128894,30000.0,O=C1CCN(Cc2ccccc2)C/C1=C\c1cccn1C(=O)c1ccccc1
594,CHEMBL71994,30000.0,CCN(CC)CCS/C(=N\O)c1nc(Cc2ccccc2)no1
6128,CHEMBL5183866,30000.0,OCCCCCCCCc1ccc(CN2CCCCC2)c(O)c1
6046,CHEMBL5206663,30020.0,Cc1cccc2sc(NC(=O)CCN3CCN(c4ncccn4)CC3)nc12
2148,CHEMBL1651040,30200.0,CC(=O)O[C@@H]1C[C@@]2(C)[C@@H]3CC[C@H]4[C@](C)(CO)[C@@H](NC(=O)c5ccccc5)C=C[C@]4(O)CC3=CC[C@]2(C)[C@H]1[C@H](C)N(C)C
775,CHEMBL151883,30200.0,C#CCNCCc1cccc(OC(=O)N(C)CC)c1
2432,CHEMBL1086927,30260.0,COC(=O)C(C)CC(=O)C[C@@H](C)[C@H]1C[C@H](O)[C@@]2(C)C3=C(C(=O)C[C@]12C)[C@@]1(C)CCC(=O)C(C)(C)[C@@H]1C[C@@H]3O
1153,CHEMBL244837,30300.0,COc1cc2oc3cc(CN(C)Cc4ccccc4)ccc3c(=O)c2cc1OC
5764,CHEMBL4872772,30300.0,COC(=O)/C(=N\Nc1ccc(OC)cc1)C(=O)C(F)(F)F
4670,CHEMBL4278434,30300.0,CCN(CC)CCOc1cccc(/C=C2\COc3ccccc3C2=O)c1
5755,CHEMBL4853637,30400.0,CCOC(=O)/C(=N\Nc1cccc(C)c1)C(=O)C(F)(F)F
7123,CHEMBL4790416,30460.0,C#CCOc1ccc(-c2cc(-c3ccc(OCCN4CCOCC4)cc3)nc(N)n2)cc1
3611,CHEMBL3628053,30500.0,O=C(NCCc1c[nH]c2ccccc12)c1ccc[n+](Cc2ccccc2)c1.[Br-]
5293,CHEMBL4745075,30500.0,COc1cc(/C=C/C(=O)N2CCc3ccccc3C2)ccc1OC(=O)N(c1ccccc1)c1ccccc1
3862,CHEMBL3819024,30670.0,O=C(CCCCCCCCc1ccc(O)c(O)c1)c1c(O)ccc(C(CCCCCCCCc2ccc(O)cc2)c2c(O)cccc2O)c1O
6030,CHEMBL5205468,30700.0,COc1ccc(C(=O)Cc2ncc(C(=O)NCc3cccs3)cn2)cc1
4514,CHEMBL4159832,31000.0,Nc1c2c(nc3c1C(c1ccc(F)cc1)NC(=S)N3)CCCC2
3969,CHEMBL3965046,31000.0,CCN1CCN(C2CCN(C(=O)COc3ccc(-c4ccccc4)cc3)CC2)CC1
2823,CHEMBL2441688,31000.0,COc1ccc(C(F)(F)F)c[n+]1C.F[B-](F)(F)F
6627,CHEMBL5421973,31000.0,CN(C)CCCN1C(=O)CSC1c1ccc(Cl)cc1Cl.Cl
4705,CHEMBL3965046,31000.0,CCN1CCN(C2CCN(C(=O)COc3ccc(-c4ccccc4)cc3)CC2)CC1
1557,CHEMBL225688,31000.0,[Br-].[Br-].c1cc[n+](CCCCCCCC[n+]2ccccc2)cc1
2442,CHEMBL1915764,31030.0,C/C(=C\CC[C@@H](C)[C@H]1CC[C@@]2(C)C3=C(CC[C@]12C)[C@@]1(C)CC[C@H](O)C(C)(C)[C@@H]1CC3=O)CO
4511,CHEMBL4160908,31200.0,COc1ccccc1C1NC(=S)Nc2nc3c(c(N)c21)CCCC3
2368,CHEMBL1834077,31300.0,c1ccc(C(Nc2ccnc(N3CCNCC3)n2)c2ccccc2)cc1
2248,CHEMBL1770554,31400.0,O=C1C=C(NCCCNCc2ccc(-c3nc4ccccc4s3)cc2)C(=O)C=C1NCCCNCc1ccc(-c2nc3ccccc3s2)cc1
7010,CHEMBL255231,31800.0,C#CCN[C@@H]1CCc2ccc(OC(=O)N(C)CC)cc21
5194,CHEMBL255231,31800.0,C#CCN[C@@H]1CCc2ccc(OC(=O)N(C)CC)cc21
702,CHEMBL1788299,31800.0,C#CCN[C@@H]1CCc2ccc(OC(=O)N(C)CC)cc21.Cl
2483,CHEMBL2011402,31900.0,COc1ccc([C@H]2Oc3cc(O)c(C/C=C(\C)CCC=C(C)C)c(O)c3C(=O)[C@@H]2O)cc1O
5365,CHEMBL4758871,32000.0,CS[C@@H](Cn1nnc2cc(C#Cc3ccc(N4CC5(COC5)C4)cc3)ccc21)N(O)C=O
2273,CHEMBL345124,32000.0,CC[N+](C)(CC)CCC[n+]1c(-c2ccccc2)c2cc(N)ccc2c2ccc(N)cc21.[I-].[I-]
4269,CHEMBL4073401,32000.0,COc1ccccc1NC(=S)NCCN1CCCCC1.Cl
222,CHEMBL308503,32000.0,CN1CC[C@@]2(C)c3cc(OC(=O)NC(C)(C)C)ccc3N(C)[C@@H]12
5297,CHEMBL4759355,32100.0,COc1cc(/C=C/C(=O)N2CCC(Cc3ccccc3)CC2)ccc1OC(=O)N(c1ccccc1)c1ccccc1
4127,CHEMBL4098196,32100.0,CCN1CCN(Cc2ccc(/C=C3\Oc4cc(OC)c(OC)cc4C3=O)cc2O)CC1
2600,CHEMBL345124,32200.0,CC[N+](C)(CC)CCC[n+]1c(-c2ccccc2)c2cc(N)ccc2c2ccc(N)cc21.[I-].[I-]
2362,CHEMBL1834070,32200.0,CC1CCN(c2nccc(NC(c3ccccc3)c3ccccc3)n2)CC1
1368,CHEMBL345124,32300.0,CC[N+](C)(CC)CCC[n+]1c(-c2ccccc2)c2cc(N)ccc2c2ccc(N)cc21.[I-].[I-]
1255,CHEMBL345124,32300.0,CC[N+](C)(CC)CCC[n+]1c(-c2ccccc2)c2cc(N)ccc2c2ccc(N)cc21.[I-].[I-]
1443,CHEMBL345124,32300.0,CC[N+](C)(CC)CCC[n+]1c(-c2ccccc2)c2cc(N)ccc2c2ccc(N)cc21.[I-].[I-]
1155,CHEMBL345124,32300.0,CC[N+](C)(CC)CCC[n+]1c(-c2ccccc2)c2cc(N)ccc2c2ccc(N)cc21.[I-].[I-]
2974,CHEMBL345124,32300.0,CC[N+](C)(CC)CCC[n+]1c(-c2ccccc2)c2cc(N)ccc2c2ccc(N)cc21.[I-].[I-]
4308,CHEMBL4078265,32300.0,C[n+]1c2ccccc2c(-c2ccc(F)cc2)c2ccccc21.F[B-](F)(F)F
836,CHEMBL345124,32300.0,CC[N+](C)(CC)CCC[n+]1c(-c2ccccc2)c2cc(N)ccc2c2ccc(N)cc21.[I-].[I-]
5639,CHEMBL4786386,32400.0,O=C(CN1CCN(C(=O)c2cccc(Cl)c2)CC1)N1CCN(CCCc2c[nH]c3ccccc23)CC1
512,CHEMBL147213,32500.0,CC(CC(C)(C)C)OC[n+]1ccn(C)c1/C=N/O.[Cl-]
1339,CHEMBL497755,32600.0,CN(CCCCCCCOc1ccc(-c2cc3ccccc3o2)cc1)Cc1ccccc1
553,CHEMBL147793,33000.0,Cc1n(C)cc[n+]1COC(C)C(C)(C)C.[Cl-]
6667,CHEMBL5404812,33000.0,COc1ccc2c(c1OC)c1c3c4c(cc5c(c42)OCO5)CCN3C(=O)C1=O
4080,CHEMBL4103604,33020.0,COc1cc(/C=C/C(=O)Nc2ccccc2)ccc1OCCCCCN(C)C
6944,CHEMBL3545712,33100.0,CC(c1cc(O)cc2oc(=O)c3ccccc3c12)N(C)C
704,CHEMBL343673,33100.0,C#CCN(C)C(C)Cc1cccc(OC(=O)N(C)CCC)c1
3269,CHEMBL3335022,33100.0,CC(c1cc(O)cc2oc(=O)c3ccccc3c12)N(C)C.Cl
5449,CHEMBL4748587,33160.0,O=C1c2ccccc2C(=O)C12N1CSC[C@@H]1[C@@H](c1ccccc1Cl)[C@@]21CSc2ccccc2C1=O
6934,CHEMBL5787130,33200.0,COc1cc(Oc2c(O)cc(Oc3c(O)cc(O)c4c3Oc3c(O)cc(O)cc3O4)cc2O)cc2c1Oc1c(Oc3cc(O)cc(O)c3)c(O)cc(O)c1O2
5650,CHEMBL4777782,33300.0,O=C(CN1CCN(C(=O)c2ccccc2Br)CC1)N1CCN(CCCc2c[nH]c3ccc(F)cc23)CC1
1609,CHEMBL1082749,33600.0,CN(C)C(=O)Oc1cccc(-c2cn3c(C(F)(F)F)cccc3[n+]2C)c1.[Cl-]
4078,CHEMBL4065799,33860.0,COc1cc(/C=C/C(=O)Nc2ccccc2)ccc1OCCCN(C)C
6196,CHEMBL5207319,33890.0,CN(CCC1CCN(Cc2ccccc2)CC1)Cc1c[nH]c2ccccc12
714,CHEMBL151923,33900.0,C#CCNC(C)Cc1cccc(OC(=O)N(C)CC)c1
6541,CHEMBL5434888,34000.0,CCN1/C(=C/C(C)=O)Sc2ccc(OC(=O)NCc3cccnc3)cc21
1788,CHEMBL150985,34000.0,Cc1cc(-c2ccc(Cl)cc2)nnc1NCCN1CCOCC1
3015,CHEMBL3220807,34000.0,C[C@H]1C[C@@]23CC[C@H]4[C@@](C)(CCC[C@@]4(C)C(=O)OCC[N+](C)(C)C)[C@@H]2CC[C@]1(Cl)C3.[I-]
3212,CHEMBL3338997,34140.0,CCN(CC)CCCCCOc1ccc(C(=O)/C=C/c2ccccc2)cc1
6931,CHEMBL5992630,34200.0,COc1cc(O)cc2c1Oc1c(Oc3cc(O)cc(O)c3)c(O)cc(O)c1O2
2705,CHEMBL2332975,34370.0,O=C1/C(=C/c2ccccc2F)CN(C(=O)C[C@H]2C[C@H]3CCCN3[C@]23C(=O)Nc2ccccc23)C/C1=C\c1ccccc1F
3857,CHEMBL3819113,34500.0,COc1cccc(CN2CCC(/C=C3\Cc4ccc(OC)cc4C3=O)CC2)c1
5456,CHEMBL4762214,34560.0,O=C1c2ccccc2C(=O)C12N1CSC[C@@H]1[C@@H](c1ccc(Br)cc1)[C@@]21CSc2ccccc2C1=O
6052,CHEMBL636,34700.0,CCN(C)C(=O)Oc1cccc([C@H](C)N(C)C)c1
5814,CHEMBL4873119,34890.0,Oc1ccc(CN2CCC(c3cc4ccccc4o3)CC2)cc1
743,CHEMBL2093014,34900.0,C#CCN[C@H]1CCc2ccc(OC(=O)N(C)CC)cc21.Cl
2194,CHEMBL1762000,35000.0,[Br-].[Br-].c1ccc(C[n+]2cccc3ccccc32)c(C[n+]2cccc3ccccc32)c1
2821,CHEMBL2441690,35000.0,COc1ccc([N+](=O)[O-])c[n+]1C.F[B-](F)(F)F
300,CHEMBL609672,35000.0,CC(C)NC(=O)Oc1ccc2c(c1)[C@]1(C)CCN(C)C1N2C
2191,CHEMBL1761997,35000.0,[Br-].[Br-].c1ccc2c(c1)ccc[n+]2CCOCC[n+]1cccc2ccccc21
348,CHEMBL25629,35000.0,C[C@]12CC[C@H](O)[C@@](C)(CO)C1C[C@H](O)[C@@]1(C)Oc3cc(-c4cccnc4)oc(=O)c3C(=O)C21
1799,CHEMBL1084255,35000.0,c1ccc(-c2ccc(NCCCN3CCc4ccccc4C3)nn2)cc1
1519,CHEMBL606034,35000.0,COC(=O)C1=C(C)O[P@@](=O)(OC)CC[C@H]1COCc1ccccc1
5791,CHEMBL4856643,35100.0,Cc1ccc2[nH]c3c(c2c1)CN(Cc1ccccc1)CC3
3195,CHEMBL3360757,35120.0,COC(=O)CC1=NO[C@@H]2CCCC[C@@H]2[C@H]1c1ccccc1
4104,CHEMBL4101703,35130.0,COc1cc(/C=C/C(=O)Nc2ccccc2)ccc1OCCN1CCCC1
6082,CHEMBL456881,35160.0,O=c1c2ccccc2nc2n1CCC2
6730,CHEMBL456881,35160.0,O=c1c2ccccc2nc2n1CCC2
5634,CHEMBL4789608,35200.0,O=C(CN1CCN(C(=O)c2ccc(Cl)cc2)CC1)N1CCN(CCCc2c[nH]c3ccccc23)CC1
6946,CHEMBL636,35200.0,CCN(C)C(=O)Oc1cccc([C@H](C)N(C)C)c1
3231,CHEMBL636,35200.0,CCN(C)C(=O)Oc1cccc([C@H](C)N(C)C)c1
5795,CHEMBL261855,35400.0,Cc1ccc2[nH]c3ccncc3c2c1
3098,CHEMBL3262669,35480.0,COc1cc2c(cc1OC)C(Cc1ccc(OCCCCCCN3CCOCC3)cc1)NCC2
703,CHEMBL151236,35500.0,CCN(C)C(=O)Oc1cccc(CCN)c1
4413,CHEMBL4172271,35610.0,COc1cc2c3c(c1)c1cc(=O)c(OC)cc-1cn3CC2
5636,CHEMBL4800589,35700.0,O=C(CN1CCN(C(=O)c2ccc(Br)cc2)CC1)N1CCN(CCCc2c[nH]c3ccccc23)CC1
2158,CHEMBL1669482,36000.0,[Br-].[Br-].c1ccc2c[n+](CCCC[n+]3ccc4ccccc4c3)ccc2c1
2854,CHEMBL2441689,36000.0,COc1cccc(C(F)(F)F)[n+]1C.F[B-](F)(F)F
4306,CHEMBL4097249,36500.0,C[n+]1c2ccccc2c(-c2ccc(NC(=O)C(F)(F)F)cc2)c2ccccc21.F[B-](F)(F)F
1384,CHEMBL523311,36800.0,CCN(CC)Cc1ccc(C(=O)c2ccc(OC)c(OC)c2)cc1
2858,CHEMBL2441685,37000.0,COc1cccc[n+]1C.F[B-](F)(F)F
1867,CHEMBL89012,37000.0,Nc1c2c(nc3ccccc13)-c1ccccc1CC2
2591,CHEMBL2160223,37100.0,CCN(CC)CCOc1cccc(C(=O)c2c(-c3ccc(OCCCCCCCN(C)Cc4ccccc4)cc3)oc3ccccc23)c1
4105,CHEMBL4085283,37140.0,COc1cc(/C=C/C(=O)Nc2ccccc2)ccc1OCCCN1CCCC1
6601,CHEMBL5415532,37150.0,O=C1Nc2ccc([N+](=O)[O-])cc2C12NNC(Nc1ccc(Cl)cc1)=C2[N+](=O)[O-]
3455,CHEMBL3581572,37200.0,CCC(C)C(=O)[C@]12C(=O)[C@]3(CC=C(C)C)C[C@H](CC=C(C)C)[C@@]1(C)CC[C@@H](C(C)(C)O)OC2=C(CC=C(C)C)C3=O
3264,CHEMBL3335028,37200.0,COc1cccc(CC2CCN(CCOc3ccc4c5c(c(=O)oc4c3)CCCC5)CC2)c1
5649,CHEMBL4786300,37300.0,O=C(CN1CCN(C(=O)c2cccc(Br)c2)CC1)N1CCN(CCCc2c[nH]c3ccc(F)cc23)CC1
5651,CHEMBL4783315,37300.0,COc1ccc2[nH]cc(CCCN3CCN(C(=O)CN4CCN(C(=O)c5cccc(F)c5)CC4)CC3)c2c1
507,CHEMBL538352,38000.0,Cn1cc[n+](COC[n+]2ccccc2/C=N/O)c1/C=N/O.[Cl-].[Cl-]
2181,CHEMBL1761992,38000.0,[Br-].[Br-].c1ccc2c(c1)ccc[n+]2CCCC[n+]1cccc2ccccc21
1872,CHEMBL118139,38200.0,Nc1c2c(nc3ccccc13)CCCc1ccccc1-2
6686,CHEMBL11298,38310.0,N[C@@H](CO)C(=O)O
5450,CHEMBL4797575,38340.0,O=C1c2ccccc2C(=O)C12N1CSC[C@@H]1[C@@H](c1cccc(Br)c1)[C@@]21CSc2ccccc2C1=O
6974,CHEMBL6133000,38500.0,O=C1[C@H](O)C[C@]23CCCN1[C@@H]2c1c([nH]c2ccccc12)CC3
701,CHEMBL545333,38600.0,CCN(C)C(=O)Oc1ccc2c(c1)C(NC)CC2.Cl
5255,CHEMBL4751237,39000.0,C[C@@H]1CC[C@H]2[C@H](C(=O)c3c(O)c([C@@]4(O)CC[C@@H](O)[C@H]5O[C@H]54)cn(O)c3=O)[C@H](C)C=C[C@@H]2C1
2592,CHEMBL2160225,39000.0,CN(CCCCCCCOc1ccc(-c2oc3ccccc3c2C(=O)c2ccc(OCCN3CCOCC3)cc2)cc1)Cc1ccccc1
2370,CHEMBL1834079,39200.0,COCCN1CCN(c2nccc(NC(c3ccccc3)c3ccccc3)n2)CC1
5638,CHEMBL4784248,39400.0,O=C(CN1CCN(C(=O)c2ccc(F)cc2)CC1)N1CCN(CCCc2c[nH]c3ccccc23)CC1
5644,CHEMBL4795221,39400.0,O=C(CN1CCN(C(=O)c2ccc(Br)cc2)CC1)N1CCN(CCCc2c[nH]c3ccc(F)cc23)CC1
3131,CHEMBL3289943,39440.0,CN(C)c1ccc(/C=C/C(=O)C2CCc3ccccc3C2=O)cc1
4318,CHEMBL4063635,39500.0,C[n+]1c2ccccc2c(N)c2ccccc21.F[B-](F)(F)F
3099,CHEMBL3262670,39630.0,COc1cc2c(cc1OC)C(Cc1ccc(OCCCCCCN3CCC(O)(Cc4ccccc4)CC3)cc1)NCC2
3268,CHEMBL3335023,39700.0,CCN(C)C(=O)Oc1cc(C(C)N(C)C)cc2oc(=O)c3ccccc3c12.Cl
5860,CHEMBL4849687,39900.0,COc1ccc2[nH]cc(CCNC(=O)Cn3cc(CN4CCc5cc(OC)c(OC)cc5C4CCCN4C(=O)c5ccccc5C4=O)nn3)c2c1
6049,CHEMBL5172256,40000.0,Cc1cccc2sc(NC(=O)CCN3CCN(Cc4ccc(C(C)(C)C)cc4)CC3)nc12
1551,CHEMBL812,40000.0,CN(C)C(=O)Oc1ccc[n+](C)c1.[Br-]
2151,CHEMBL1651038,40000.0,CN[C@H]1CCC2=CC3=CC[C@]4(C)[C@@H]([C@H](C)N(C)C)[C@H](O)C[C@@]4(C)[C@@H]3CC[C@H]2C1(C)C
6888,CHEMBL5596159,40000.0,C#CCNc1ccccc1-c1cc(-c2ccc(OCCN3CCCCC3)cc2)nc(N)n1
301,CHEMBL612098,40000.0,CCN(CC)C(=O)Oc1ccc2c(c1)[C@]1(C)CCN(C)C1N2C
1415,CHEMBL456156,40000.0,Oc1cccc(C2=Nc3ccccc3SC(c3ccccc3)C2)c1
2641,CHEMBL225451,40000.0,COc1cccc(CN(C)CCCCCCCOc2ccc3c(=O)c4ccccc4oc3c2)c1
6945,CHEMBL3545713,40000.0,CCN(C)C(=O)Oc1cc(C(C)N(C)C)cc2oc(=O)c3ccccc3c12
584,CHEMBL103890,40000.0,CCC(C)(C)SC(=O)OCC[N+](C)(C)C.[Cl-]
1110,CHEMBL225451,40000.0,COc1cccc(CN(C)CCCCCCCOc2ccc3c(=O)c4ccccc4oc3c2)c1
2195,CHEMBL1762001,40000.0,[Br-].[Br-].c1cc(C[n+]2cccc3ccccc32)cc(C[n+]2cccc3ccccc32)c1
6932,CHEMBL5745896,40100.0,Oc1cc(O)cc(Oc2c(O)cc(O)c3c2Oc2c(OCc4ccccc4)cc(O)cc2O3)c1
6083,CHEMBL5191163,40460.0,O=c1c2ccccc2nc2n1C(C1CN=Cc3[nH]c4ccccc4c31)CC2O
1346,CHEMBL511575,40700.0,CN(CCCCCCCOc1ccc(-c2oc3ccccc3c2C(=O)c2ccccc2)cc1)Cc1ccccc1
2808,CHEMBL2425413,40780.0,O=C1NC(=O)C(=CNNC(=S)Nc2cccc(C(F)(F)F)c2)C(=O)N1
4312,CHEMBL4070092,40900.0,C[n+]1c2ccccc2c(-c2cccs2)c2ccccc21.F[B-](F)(F)F
4665,CHEMBL4291591,40900.0,CN(CCCCCCOc1ccc(/C=C2\COc3ccccc3C2=O)cc1)Cc1ccccc1
4084,CHEMBL4064846,41060.0,CCN(CC)CCOc1ccc(/C=C/C(=O)Nc2ccccc2)cc1OC
2040,CHEMBL1243297,41130.0,C[C@@]12CCN(Cc3ccccc3)[C@@H]1N(Cc1ccccc1)c1ccc(OC(=O)Nc3ccccc3)cc12
155,CHEMBL76135,41130.0,C[C@@]12CCN(Cc3ccccc3)C1N(Cc1ccccc1)c1ccc(OC(=O)Nc3ccccc3)cc12
4222,CHEMBL4060832,41160.0,CN1CC2C(=O)N(Cc3ccccc3)C(=O)C2C12C(=O)c1ccccc1C2=O
772,CHEMBL543215,41200.0,C#CCNC1CCc2ccc(OC(=O)N(C)C3CCCCC3)cc21.Cl
6871,CHEMBL5594981,41200.0,c1ccc(-c2nn(-c3ccccc3)cc2-c2nc(-c3ccccc3)c(-c3ccccc3)n2-c2ccccc2)cc1
3119,CHEMBL3289925,41220.0,CCOC(OCC)c1ccc(/C=C2\COC/C(=C\c3ccc(C(OCC)OCC)cc3)C2=O)cc1
5821,CHEMBL4865381,41270.0,O=C(c1ccccc1)c1c(C2CCN(Cc3ccccc3)CC2)oc2ccccc12
3001,CHEMBL3220507,41370.0,Cc1ccc(C(=O)Nc2cc3cc(C)ccc3oc2=O)cc1
4303,CHEMBL4069472,41500.0,Cc1ccc(-c2c3ccccc3[n+](C)c3ccccc23)cc1.F[B-](F)(F)F
4086,CHEMBL4102718,41630.0,CCN(CC)CCCCOc1ccc(/C=C/C(=O)Nc2ccccc2)cc1OC
6603,CHEMBL5433082,41680.0,Cc1ccccc1NC1=C([N+](=O)[O-])C2(NN1)C(=O)Nc1ccc(Br)cc12
6935,CHEMBL5991662,41900.0,Oc1cc(O)cc(Oc2c(O)cc(O)c3c2Oc2c(OCc4ccccc4)cc(Oc4c(O)cc(Oc5c(O)cc(O)c6c5Oc5c(O)cc(O)cc5O6)cc4O)cc2O3)c1
536,CHEMBL359412,42000.0,Cn1cc[n+](COCC2CCCCC2)c1/C=N/O.[Cl-]
3027,CHEMBL3233990,42000.0,COc1ccc(C(C#N)N2CCCC2)cc1OC
6738,CHEMBL453641,42100.0,C=C(C)[C@H](CC=C(C)C)Cc1c(O)cc(OC)c2c1O[C@H](c1ccc(O)cc1O)CC2=O
6355,CHEMBL5282063,42490.0,CCN(CCCCCCCCCCCCn1cc(C=O)c2cc(OC)ccc21)Cc1cccc(O)c1
2364,CHEMBL1834072,42500.0,CC(C)C1CCN(c2nccc(NC(c3ccccc3)c3ccccc3)n2)CC1
6600,CHEMBL5416407,42550.0,COc1ccc(OC)c(NC2=C([N+](=O)[O-])C3(NN2)C(=O)Nc2ccc([N+](=O)[O-])cc23)c1
5305,CHEMBL4756451,42800.0,NC(=O)c1sc(-c2ccnc(NC(=O)C3CC3)c2)nc1OCCC1CCN(Cc2ccc(F)c(F)c2)CC1
3967,CHEMBL3931517,43000.0,O=C(COc1ccccc1)N1CCN(C2CCN(Cc3ccccc3)CC2)CC1
2851,CHEMBL2441692,43000.0,COc1ccc(C#N)c[n+]1C.F[B-](F)(F)F
7090,CHEMBL6168459,43390.0,C[C@@H]1CC[C@]2(C(=O)O)CC[C@]3(C)C(=CC[C@@H]4[C@@]5(C)C[C@@H](OC(=O)c6ccc(C(F)(F)F)cc6)[C@H](OC(=O)c6ccc(C(F)(F)F)cc6)[C@@](C)(CO)[C@@H]5CC[C@]43C)[C@@H]2[C@]1(C)O
2452,CHEMBL1922541,43600.0,C#CCOP(C)(=O)OC(C(=O)OC)C(F)(F)F
4944,CHEMBL4473282,43900.0,C#CCNC1CCc2cc(Cl)c(OC(=O)N(C)CCC)cc21
744,CHEMBL556161,43900.0,C#CCNC1CCc2c(Cl)cc(OC(=O)N(C)CCC)cc21.Cl
1246,CHEMBL255230,43900.0,C#CCN[C@@H]1CCc2cc(Cl)c(OC(=O)N(C)CCC)cc21
2469,CHEMBL1952058,44000.0,Cl.O/N=C/C1=NCCN1Cc1ccccc1
794,CHEMBL13522,44000.0,CN(C)Cc1ccc(CSCc2ccc(CN(C)C)o2)o1
3218,CHEMBL3339003,44050.0,CCCN(CCC)CCCCCCOc1ccc(C(=O)/C=C/c2ccccc2)cc1
4230,CHEMBL4069096,44560.0,CCc1ccc(N2C(=O)C3CN(C)C4(C(=O)c5ccccc5C4=O)C3C2=O)cc1
936,CHEMBL364678,44600.0,CNC(=O)Oc1cccc(CN(C)CCCCCCCOc2ccc3c(c2)O/C(=C\c2cc(Cl)cc(Cl)c2)C3=O)c1
6014,CHEMBL5186051,44900.0,COc1ccc(C(=O)Cc2ncc(C(=O)N(C)CCCOc3cccc(OC)c3)cn2)cc1
6354,CHEMBL5269046,44960.0,COc1ccc2c(c1)c(C=O)cn2CCCCCCCCCCCCN(C)Cc1ccc(OC)c(OC)c1
3052,CHEMBL194823,45000.0,O=C(CCCCC1CCSS1)NCCCNc1c2c(nc3cc(Cl)ccc13)CCCC2
2476,CHEMBL1952065,45000.0,Cl.O/N=C/C1=NCCCN1Cc1cc(C(F)(F)F)cc(C(F)(F)F)c1
3026,CHEMBL1344483,45000.0,COc1ccc(C(C#N)N2CCCCC2)cc1OC
2468,CHEMBL1940612,45000.0,CCN(CCCCCCNC1=CC(=O)c2ccccc2C1=O)Cc1ccccc1OC
1266,CHEMBL194823,45000.0,O=C(CCCCC1CCSS1)NCCCNc1c2c(nc3cc(Cl)ccc13)CCCC2
4169,CHEMBL345124,45000.0,CC[N+](C)(CC)CCC[n+]1c(-c2ccccc2)c2cc(N)ccc2c2ccc(N)cc21.[I-].[I-]
2332,CHEMBL589390,45000.0,Cc1ccc2c(c1)c1c(n2CCc2ccc(C)nc2)CCN(C)C1
6930,CHEMBL471187,45100.0,Oc1cc(O)cc(Oc2c(O)cc(O)c3c2Oc2c(O)cc(O)cc2O3)c1
3126,CHEMBL3289934,45290.0,CN(C)c1ccc(/C=C2/CCC/C(=C\c3ccc(N(C)C)cc3[N+](=O)[O-])C2=O)c([N+](=O)[O-])c1
5823,CHEMBL4848309,45310.0,COc1ccc(CN2CCC(c3oc4ccccc4c3C(=O)c3ccccc3)CC2)cc1OC
2450,CHEMBL1916768,45500.0,Nc1c2c(nc3c1cc(-c1ccccc1)n3-c1ccccc1)CCCC2
4103,CHEMBL4075021,45550.0,COc1cc(/C=C/C(=O)O)ccc1OCCCCCCN1CCCCC1
762,CHEMBL542981,45800.0,C#CCNC1CCc2cccc(OC(=O)N(C)CCC)c21.Cl
2822,CHEMBL2441689,46000.0,COc1cccc(C(F)(F)F)[n+]1C.F[B-](F)(F)F
2826,CHEMBL2441685,46000.0,COc1cccc[n+]1C.F[B-](F)(F)F
2075,CHEMBL1257412,46000.0,CCCCCCCCCCCCCCNc1c2c(nc3ccc(OC)cc13)CCCC2.Cl
982,CHEMBL371651,46000.0,COc1cc2ccnc3c2c(c1OC)C(Br)OC3=O
6685,CHEMBL5398421,46000.0,COc1cc(O)c2c(c1)C(=O)c1cc(O)c(O)cc1CCN2
4265,CHEMBL4075136,46000.0,COc1ccc(NC(=S)NCCN(C)C)cc1Cl
3331,CHEMBL3393675,46000.0,O=C1N[C@H](COCc2ccccc2)[C@@H](OCc2ccccc2)[C@H](OCc2ccccc2)[C@H]1OCc1ccccc1
7094,CHEMBL6164661,46240.0,C[C@@H]1CC[C@]2(C(=O)O)CC[C@]3(C)C(=CC[C@@H]4[C@@]5(C)C(C=O)=C[C@@](C)(COC(=O)CCc6ccccc6)[C@@H]5CC[C@]43C)[C@@H]2[C@]1(C)O
3196,CHEMBL3310706,46760.0,COC(=O)C(CC1=C(c2ccc(Cl)cc2)CC(C)(C)ON1C(C)=O)C(=O)OC
5257,CHEMBL4765084,47000.0,C[C@@H]1CC[C@H]2[C@H](C(=O)c3c4c(cn(O)c3=O)[C@@]3(O)CC[C@H](O)[C@H](O4)[C@@H]3O)[C@H](C)C=C[C@@H]2C1
687,CHEMBL544636,47000.0,C#CCNC1CCc2ccc(OC(=O)N(C)CC)cc21.Cl
1814,CHEMBL1084789,47000.0,c1ccc(C2=NNC(NCN3CCCCC3)=NC2)cc1
1868,CHEMBL118033,47000.0,COc1ccc2c(c1)CCc1c-2nc2ccccc2c1N
281,CHEMBL543711,47000.0,Cl.c1ccc(-c2ccc(NCCCCCN3CCc4ccccc4C3)nn2)cc1
6553,CHEMBL5203291,47500.0,CC1=C(NC2CCN(Cc3ccccc3)CC2)C(=O)c2ccccc2C1=O
6127,CHEMBL5192958,47600.0,OCCCCCCCCc1ccc(CN2CCCC2)c(O)c1
7098,CHEMBL6145850,47700.0,C[C@@H]1CC[C@]2(C(=O)NCc3ccccc3Br)CC[C@]3(C)C(=CC[C@@H]4[C@@]5(C)C[C@@H](O)[C@H](O)[C@@](C)(CO)[C@@H]5CC[C@]43C)[C@@H]2[C@]1(C)O
4862,CHEMBL4594199,47900.0,CCN1CCN(c2ccc(C3CC(c4ccc(OC)c(OC)c4)=NN3C(C)=O)cc2)CC1
3931,CHEMBL3827950,47900.0,O=C(NCCCCCc1ccccc1)Oc1ccc(-n2cc(COc3ccc4ccc(=O)oc4c3)nn2)cc1
5206,CHEMBL4646747,48000.0,COc1c2c(cc3c1OCO3)[C@]13C=C[C@H](OC)C[C@@H]1[N@](C2)C[C@H]3OC(=O)c1cccc([N+](=O)[O-])c1
796,CHEMBL13214,48000.0,CN(C)Cc1ccc(CSCCNC(=O)NCCSCc2ccc(CN(C)C)o2)o1
1082,CHEMBL636,48000.0,CCN(C)C(=O)Oc1cccc([C@H](C)N(C)C)c1
6591,CHEMBL5430507,48030.0,CC(=O)n1c2c(c3ccccc31)Oc1nc(C)[nH]c(=O)c1C2c1ccccc1[N+](=O)[O-]
5822,CHEMBL4849087,48300.0,COc1ccc(C(=O)c2c(C3CCN(Cc4ccccc4)CC3)oc3ccccc23)cc1
4766,CHEMBL4280224,48300.0,CCN(CC)Cc1cc(N)ccc1O.Cl.Cl
1320,CHEMBL496487,48500.0,CC(C)=CC(=O)N[C@H]1CC[C@@]2(C)[C@@H](CC[C@@H]3[C@@H]2CC[C@]2(C)C([C@H](C)N(C)C)=CC[C@@H]32)[C@H]1O
2484,CHEMBL459258,48500.0,COc1cc([C@H]2Oc3cc(O)c(C/C=C(\C)CCC=C(C)C)c(O)c3C(=O)[C@@H]2O)ccc1O
6634,CHEMBL5413217,49000.0,CNCCCN1C(=O)CSC1c1ccc(Cl)cc1Cl.Cl
503,CHEMBL288316,49000.0,CC(C)OC[n+]1ccn(C)c1/C=N/O.[Cl-]
4429,CHEMBL462946,49400.0,O=C(O)C(F)(F)F.O=C1C=C2S[C@H]3C[C@]2(C=C1Br)C1=C(N3)C(=O)c2[nH]cc3c2C1=NCC3
1412,CHEMBL497686,49400.0,Cc1ccc(C2CC(c3cccc(O)c3)=Nc3ccccc3S2)cc1
5796,CHEMBL4846730,49600.0,COc1ccc2[nH]c3ccncc3c2c1
2519,CHEMBL2018160,49730.0,COc1ccc2c(ccc[n+]2C)c1.[I-]
4310,CHEMBL4088594,49800.0,Cc1cc(-c2c3ccccc3[n+](C)c3ccccc23)cc(C)c1O.F[B-](F)(F)F
6874,CHEMBL5594315,49910.0,CCCCNC1c2ccccc2-c2ccccc21
1462,CHEMBL574747,50000.0,CC1=CC2Cc3nc4oc(C5CC5)nc4c(N)c3C(C1)C2
563,CHEMBL103959,50000.0,CCc1ccc(SC(=O)OCC[N+](C)(C)C)cc1.[Cl-]
1463,CHEMBL584003,50000.0,CCC1=CC2Cc3nc4oc(C5CC5)nc4c(N)c3C(C1)C2
587,CHEMBL102226,50000.0,CCCCCCCSC(=O)OCC[N+](C)(C)C.[Cl-]
592,CHEMBL103873,50000.0,CCCCCSC(=O)OCC[N+](C)(C)C.[Cl-]
564,CHEMBL322628,50000.0,CC(C)CCSC(=O)OCC[N+](C)(C)C.[Cl-]
1467,CHEMBL572858,50000.0,CSc1n[nH]c2nc3c(c(N)c12)C1CC(C)=CC(C3)C1
4245,CHEMBL4081509,50000.0,CCCCN(CC(=O)NCc1ccccc1)C(=O)CCCCCn1cc[n+](C)c1/C=N\O.[I-]
1468,CHEMBL574948,50000.0,CC1=CC2Cc3nc4[nH]ncc4c(N)c3C(C1)C2
235,CHEMBL128292,50000.0,O=C1CCN(Cc2ccccc2)C/C1=C\c1cn(C(=O)c2ccc([N+](=O)[O-])cc2)c2ccccc12
234,CHEMBL340599,50000.0,O=C1CCN(Cc2ccccc2)C/C1=C\c1cn(C(=O)c2ccc(Cl)cc2)c2ccccc12
574,CHEMBL103153,50000.0,CCc1ccccc1SC(=O)OCC[N+](C)(C)C.[Cl-]
565,CHEMBL322628,50000.0,CC(C)CCSC(=O)OCC[N+](C)(C)C.[Cl-]
1616,CHEMBL1085281,50000.0,COC(=O)Nc1ccc2n(c1)cc(-c1ccccc1)[n+]2C.[Cl-]
4235,CHEMBL4071803,50120.0,CN1CC2C(=O)N(c3ccc(F)cc3)C(=O)C2C12C(=O)c1ccccc1C2=O
3213,CHEMBL3338998,50440.0,CCN(CC)CCCCCCOc1ccc(C(=O)/C=C/c2ccccc2)cc1
6683,CHEMBL5397379,50490.0,O=C1c2c(ccc(O)c2O)CCn2cccc21
2357,CHEMBL1834065,50800.0,CC(C)(C)OC(=O)N1CCN(c2nccc(NCc3cccc4ccccc34)n2)CC1
2788,CHEMBL2413734,50980.0,CCN(CC)CCOc1ccc(-c2nc3cc(C)ccc3[nH]2)cc1
2852,CHEMBL2441691,51000.0,COc1cc(C#N)cc[n+]1C.F[B-](F)(F)F
3031,CHEMBL3233993,51000.0,N#CC(c1ccc2c(c1)OCO2)N1CCCC1
7103,CHEMBL6161090,51280.0,C[C@@H]1CC[C@]2(C(=O)NCCc3c[nH]c4ccccc34)CC[C@]3(C)C(=CC[C@@H]4[C@@]5(C)C[C@@H](O)[C@H](O)[C@@](C)(CO)[C@@H]5CC[C@]43C)[C@@H]2[C@]1(C)O
6666,CHEMBL5430188,51300.0,O=C1C(=O)N2CCc3cc4c(c5c3c2c1c1ccccc15)OCO4
1245,CHEMBL255231,52400.0,C#CCN[C@@H]1CCc2ccc(OC(=O)N(C)CC)cc21
723,CHEMBL148771,52400.0,C#CCC1CCCc2ccc(OC(=O)N(C)CC)cc21
4945,CHEMBL4579904,52400.0,C#CCNC1CCCc2ccc(OC(=O)N(C)CC)cc21
4819,CHEMBL255231,52400.0,C#CCN[C@@H]1CCc2ccc(OC(=O)N(C)CC)cc21
5792,CHEMBL4849640,52700.0,COc1ccc2[nH]c3c(c2c1)CN(Cc1ccccc1)CC3
5815,CHEMBL4863754,52780.0,COc1ccc(CN2CCC(c3cc4ccccc4o3)CC2)cc1OC
2593,CHEMBL2160221,53000.0,CCN(CC)Cc1cccc(C(=O)c2c(-c3ccc(OCCCCCCCN(C)Cc4ccccc4)cc3)oc3ccccc23)c1
3148,CHEMBL3353567,53000.0,CNc1ccccc1-c1nc(C(N)=O)cs1
2679,CHEMBL2323356,53100.0,CCOc1ccc(/C=N/NC(=O)CN2CCC(Cc3ccccc3)CC2)cc1
4616,CHEMBL33051,54000.0,NC(=O)c1cc[n+](COC[n+]2ccccc2/C=N/O)cc1.[Cl-].[Cl-]
3028,CHEMBL3233991,54000.0,COc1ccc(C(C#N)N2CCOCC2)cc1OC
1310,CHEMBL416,54000.0,COc1c2occc2cc2ccc(=O)oc12
2479,CHEMBL1952048,54000.0,CCCC/N=C(/C=N/O)N(C)C.Cl
1812,CHEMBL1084787,54000.0,c1ccc(-c2nnc(NCN3CCCCC3)s2)cc1
2482,CHEMBL1952048,54000.0,CCCC/N=C(/C=N/O)N(C)C.Cl
2849,CHEMBL2441694,54000.0,COc1c(F)c[n+](C)cc1F.O=S(=O)([O-])C(F)(F)F
1385,CHEMBL491528,54000.0,COc1ccc(C(=O)c2ccc(CN3CCc4ccccc4C3)cc2)cc1OC
5207,CHEMBL4634465,54000.0,COc1c2c(cc3c1OCO3)[C@]13C=C[C@H](OC)C[C@@H]1[N@](C2)C[C@H]3OC(=O)c1ccccc1[N+](=O)[O-]
7087,CHEMBL6144623,54290.0,C[C@@H]1CC[C@]2(C(=O)O)CC[C@]3(C)C(=CC[C@@H]4[C@@]5(C)C[C@@H](OC(=O)c6ccc(Cl)cc6)[C@H](O)[C@@](C)(CO)[C@@H]5CC[C@]43C)[C@@H]2[C@]1(C)OC(=O)c1ccc(Cl)cc1
4307,CHEMBL4070057,54300.0,CC(=O)Nc1ccc(-c2c3ccccc3[n+](C)c3ccccc23)cc1.F[B-](F)(F)F
5932,CHEMBL33051,55000.0,NC(=O)c1cc[n+](COC[n+]2ccccc2/C=N/O)cc1.[Cl-].[Cl-]
5208,CHEMBL4640945,55000.0,COc1c2c(cc3c1OCO3)[C@]13C=C[C@H](OC)C[C@@H]1[N@](C2)C[C@H]3OC(=O)c1ccccc1C
6248,CHEMBL5219958,55000.0,CC(C)c1ccc(COc2ccc3[nH]c(=O)oc(=O)c3c2)cc1
1651,CHEMBL74533,55200.0,COc1ccc(CN2CCC(CCC(=O)c3ccc4c(c3)NCCCC4)CC2)cc1
3123,CHEMBL3289929,55340.0,CCOC(OCC)c1ccc(/C=C/C(=O)/C=C/c2ccc(C(OCC)OCC)cc2)cc1
5826,CHEMBL4848809,55410.0,COc1ccc(OC)c(CN2CCC(c3oc4ccccc4c3C(=O)c3ccc(OC)c(OC)c3)CC2)c1
516,CHEMBL145971,56000.0,Cn1cc[n+](COCC2CCCc3ccccc32)c1/C=N/O.[Cl-]
1807,CHEMBL1083367,56000.0,c1ccc(CN2CCC(CNc3ccc(-c4ccccc4)nn3)CC2)cc1
547,CHEMBL284692,56000.0,Cn1cc[n+](COCc2ccccc2)c1/C=N/O.[Cl-]
3159,CHEMBL3323051,56500.0,O=c1c2cc(OCCCn3ccnc3)ccc2nc2n1CCCc1ccccc1-2
4711,CHEMBL4277357,57000.0,O=C(COc1ccc(-c2ccccc2)cc1)NCCCN1CCCCC1
1811,CHEMBL1084786,57000.0,c1ccc(-c2ncc(NCN3CCCCC3)nn2)cc1
4408,CHEMBL4167958,57900.0,COc1ccc2c3c1O[C@H]1C[C@H](O)CC[C@@]31CCN(C)C2
374,CHEMBL24844,58000.0,COc1ccc(-c2cc3c(c(=O)o2)C(=O)C2[C@@]4(C)CC[C@H](O)[C@@](C)(CO)C4C[C@H](O)[C@@]2(C)O3)cc1OC
3032,CHEMBL1191355,58000.0,N#CC(c1ccc2c(c1)OCO2)N1CCOCC1
5996,CHEMBL5180422,58000.0,C[C@H]1CN2C(=O)[C@]34Cc5c([nH]c6c7c(ccc56)OC(C)(C)CC7=O)C(C)(C)[C@@H]3C[C@@]2(C1)C(=O)N4
5825,CHEMBL4858801,58190.0,COc1ccc(OC)c(CN2CCC(c3oc4ccccc4c3C(=O)c3ccccc3)CC2)c1
2150,CHEMBL1651048,58200.0,C/C=C1/C(=O)C[C@@]2(C)[C@@H]3CC[C@H]4C(C)(C)[C@@H](N(C)C)CC[C@@]45C[C@@]35CC[C@]12C
6684,CHEMBL5435795,58370.0,O=Cc1ccc2n1CCc1cc(O)c(O)cc1C2
7017,CHEMBL6133183,58500.0,C[n+]1cc(Br)ccc1/C=N/O.[I-]
6483,CHEMBL5286328,58700.0,CC1(C)O[C@@H]2[C@@H](O)[C@H]3NC(=O)O[C@H]3C[C@@H]2O1
2762,CHEMBL2396912,59200.0,c1ccc2[nH]c(N3CCCCC3)nc2c1
6870,CHEMBL5594488,59370.0,CCNC(=S)N/N=C/c1c(OC)cc(OC)c2c(-c3ccccc3)c[nH]c12
2763,CHEMBL2396910,59680.0,CN(C)CCCN(c1nc2ccccc2[nH]1)c1nc2ccccc2[nH]1
5829,CHEMBL4845972,59730.0,COc1ccc(CN2CCC(c3oc4ccccc4c3C(=O)c3ccc(OC)cc3)CC2)cc1
3333,CHEMBL3393673,60000.0,c1ccc(COC[C@H]2NC[C@H](OCc3ccccc3)[C@@H](OCc3ccccc3)[C@@H]2OCc2ccccc2)cc1
239,CHEMBL131286,60000.0,O=C1CCN(Cc2ccccc2)C/C1=C\c1cn(C(=O)c2ccc(F)cc2)c2ccccc12
5892,CHEMBL5086177,60000.0,O=C(O[C@@H]1C=C[C@]23CCN(Cc4cc5c(cc42)OCO5)[C@H]3C1)c1ccccc1[N+](=O)[O-]
1813,CHEMBL1084788,60000.0,c1ccc(-c2cnc(NCN3CCCCC3)nn2)cc1
4311,CHEMBL4071110,60100.0,Cc1cc(-c2c3ccccc3[n+](C)c3ccccc23)cc(C)c1C.F[B-](F)(F)F
4237,CHEMBL4085482,60100.0,CCOc1ccc(Cc2nc3cc(C(=O)N(CC)CC)ccc3n2CCCCN2CCCCC2)cc1
6353,CHEMBL5283238,60610.0,COc1ccc2c(c1)c(C=O)cn2CCCCCCCCCCCCN(C)Cc1ccc(O)cc1
5827,CHEMBL4857748,60980.0,COc1ccc(C(=O)c2c(C3CCN(Cc4cc(OC)ccc4OC)CC3)oc3ccccc23)cc1
2820,CHEMBL2441691,61000.0,COc1cc(C#N)cc[n+]1C.F[B-](F)(F)F
5812,CHEMBL4863598,61180.0,c1ccc2oc(C3CCNCC3)cc2c1
2517,CHEMBL2011488,61300.0,CC1=CC2Cc3nc4cc(Cl)ccc4c(NCCCCCCCCNc4c5c(nc6ccccc46)CCCC5)c3C(C1)C2.Cl
4302,CHEMBL4090498,61300.0,C[n+]1c2ccccc2c(-c2ccccc2)c2ccccc21.F[B-](F)(F)F
3030,CHEMBL3233992,61400.0,N#CC(c1ccc2c(c1)OCO2)N1CCCCC1
421,CHEMBL149017,61500.0,C#CCCCC[n+]1ccccc1/C=N/O.[Cl-]
3502,CHEMBL3597548,62000.0,CN(Cc1ccccc1)Cc1ccc(/C=C2\Cc3ccc(OCCCCCN4CCC(c5ccccc5)CC4)cc3C2=O)cc1
1797,CHEMBL1085274,62000.0,CCN1CCCC1CNc1ccc(-c2ccccc2)nn1
393,CHEMBL150156,62500.0,C#CCCCC[n+]1cn(C)c(/C=N/O)n1.[Cl-]
4565,CHEMBL456881,62500.0,O=c1c2ccccc2nc2n1CCC2
6221,CHEMBL5218491,62500.0,O=C(Oc1cc(O)c2c(=O)cc(-c3ccc(O)cc3)oc2c1)N1CCCCC1
4859,CHEMBL4465544,62800.0,COc1ccc(C2=NN(C(C)=O)C(c3ccc(N4CCN(Cc5ccccc5)CC4)cc3)C2)cc1OC
2681,CHEMBL2323354,62800.0,COc1ccc(/C=N/NC(=O)CN2CCC(Cc3ccccc3)CC2)cc1OC
7096,CHEMBL6161214,62990.0,C[C@@H]1CC[C@]2(C(=O)NCc3cccc(Cl)c3)CC[C@]3(C)C(=CC[C@@H]4[C@@]5(C)C[C@@H](O)[C@H](O)[C@@](C)(CO)[C@@H]5CC[C@]43C)[C@@H]2[C@]1(C)O
1555,CHEMBL389283,63000.0,[Br-].[Br-].c1cc[n+](CCCCCC[n+]2ccccc2)cc1
3147,CHEMBL3353566,63000.0,CNc1ccccc1-c1nc(C(=O)OC)cs1
7091,CHEMBL6168279,63500.0,COc1ccc(C(=O)O[C@]2(C)[C@H](C)CC[C@]3(C(=O)O)CC[C@]4(C)C(=CC[C@@H]5[C@@]6(C)C[C@@H](O)[C@H](O)[C@@](C)(CO)[C@@H]6CC[C@]54C)[C@@H]32)cc1
2819,CHEMBL2441692,64000.0,COc1ccc(C#N)c[n+]1C.F[B-](F)(F)F
4673,CHEMBL4292192,64100.0,CCN(CC)c1ccc(/C=C/c2cc(N3CCCCC3)c3ccccc3n2)cc1
3962,CHEMBL3901082,64200.0,C#CCN(Cc1ccc2cccc(O)c2n1)C(C#N)C1CCN(Cc2ccccc2)CC1
5818,CHEMBL4855139,64230.0,CCc1ccc(CN2CCC(c3cc4ccccc4o3)CC2)cc1
2465,CHEMBL1940617,64500.0,NCCCCCCNC1=CC(=O)c2ccccc2C1=O
3214,CHEMBL3338999,64550.0,CCCN(CCC)CCOc1ccc(C(=O)/C=C/c2ccccc2)cc1
7097,CHEMBL6151754,64780.0,C[C@@H]1CC[C@]2(C(=O)NCc3ccc(Cl)cc3)CC[C@]3(C)C(=CC[C@@H]4[C@@]5(C)C[C@@H](O)[C@H](O)[C@@](C)(CO)[C@@H]5CC[C@]43C)[C@@H]2[C@]1(C)O
2451,CHEMBL1922540,65000.0,C#CCOP(C)(=O)OC(C(F)(F)F)C(F)(F)F
1806,CHEMBL1083058,65000.0,c1ccc(CN2CCC(Nc3ccc(-c4ccccc4)nn3)CC2)cc1
7102,CHEMBL6164626,65090.0,C[C@@H]1CC[C@]2(C(=O)NCc3ccccc3)CC[C@]3(C)C(=CC[C@@H]4[C@@]5(C)C[C@@H](O)[C@H](O)[C@@](C)(CO)[C@@H]5CC[C@]43C)[C@@H]2[C@]1(C)O
3197,CHEMBL3310697,65320.0,CC1(C)C[C@@H](c2ccccc2)C(CN2C(=O)c3ccccc3C2=O)=NO1
6937,CHEMBL5996918,65600.0,COc1cc2oc3c(Oc4cc(O)cc(O)c4)c(O)cc(O)c3c2c2c1Oc1c(Oc3cc(O)cc(O)c3)c(O)cc(O)c1O2
2880,CHEMBL33051,66000.0,NC(=O)c1cc[n+](COC[n+]2ccccc2/C=N/O)cc1.[Cl-].[Cl-]
4853,CHEMBL4548293,66000.0,COc1cc2c(cc1O)C(Cc1ccc(O)c(Oc3cc(CC4c5cc(O)c(OC)cc5CCN4C)ccc3OC)c1)N(C)CC2
2065,CHEMBL1257997,66000.0,CCNc1c2c(nc3ccc(OC)cc13)CCCC2.Cl
3134,CHEMBL3290193,66430.0,O=C1/C(=C/c2ccc(N3CCCC3)cc2)CC/C1=C\c1ccc(N2CCCC2)cc1
5895,CHEMBL5089821,66600.0,COc1cc2c(c(CO)c1OC)C[C@H]1c3c(cc4c(c3OC)OCO4)CC[N+]1=C2.O=C([O-])C(F)(F)F
1309,CHEMBL442813,67000.0,CC(C)(O)[C@@H]1Cc2cc3ccc(=O)oc3cc2O1
533,CHEMBL125278,67000.0,NC(=O)O
5625,CHEMBL4788813,67100.0,O=C(Nc1ccccc1)OCC1CCCN(Cc2ccccc2)C1
2594,CHEMBL2160220,67700.0,CN(CCCCCCCOc1ccc(-c2oc3ccccc3c2C(=O)c2c3ccccc3cc3ccccc23)cc1)Cc1ccccc1
5824,CHEMBL4874487,67960.0,COc1ccc(CN2CCC(c3oc4ccccc4c3C(=O)c3ccc(OC)c(OC)c3)CC2)cc1OC
4855,CHEMBL4590539,68000.0,CCN(CC)Cc1cc2cc(c1O)Oc1ccc(cc1)C[C@H]1c3cc(c(OC)cc3CCN1C)Oc1c(OC)c(OC)cc3c1[C@@H](C2)N(C)CC3
3149,CHEMBL3353568,68000.0,CNc1ccccc1-c1nc(C(=O)O)cs1
4805,CHEMBL4532623,68000.0,COc1ccc(-c2cc(=O)c3cc(OC)c(O)c([C@@H]4CCC(=O)N4)c3o2)cc1
1318,CHEMBL459825,68000.0,CC(C)(O[C@@H]1O[C@H](CO)[C@@H](O)[C@H](O)[C@H]1O)[C@H]1Cc2cc3ccc(=O)oc3cc2O1
7111,CHEMBL6150122,68100.0,CC1=CC(=O)[C@](C)(O)C(=O)/C1=C\Nc1ccc(Oc2ccc([N+](=O)[O-])cc2)cc1
5164,CHEMBL4556664,68300.0,COc1cc(O)c(C(C)=O)c(-c2c(C)cc(O)c3oc4c(O)cc(C)c(-c5cc(OC)cc(O)c5C(=O)O)c4c23)c1
1871,CHEMBL119634,68800.0,COc1ccc2c(c1)CCCc1c-2nc2ccccc2c1N
3020,CHEMBL3237632,68800.0,CC[C@@H]1[C@H]2OC(=O)[C@@](C)(O)[C@H]2[C@]23CC[C@@H]([C@@H]4C[C@H](C)C(=O)O4)N2CCCC[C@H]13
1313,CHEMBL448060,69000.0,CC(C)=CCOc1c2ccoc2cc2oc(=O)ccc12
2729,CHEMBL211471,69100.0,CN(C)C(=O)Oc1cccc([N+](C)(C)C)c1.COS(=O)(=O)[O-]
1874,CHEMBL115697,69400.0,Nc1c2c(nc3ccccc13)-c1ccccc1NCC2
3003,CHEMBL3220508,69470.0,COc1ccc(C(=O)Nc2cc3ccccc3oc2=O)cc1
4232,CHEMBL4079853,69800.0,CN1CC2C(=O)N(c3ccccc3)C(=O)C2C12C(=O)c1ccccc1C2=O
4112,CHEMBL4090559,69910.0,COc1cc(/C=C/C(=O)O)ccc1OCCCCCCN1CCCC1
1524,CHEMBL591470,70000.0,COP(=O)(OC)O/C(C)=C1\CCOC1=O
253,CHEMBL130831,70000.0,O=C1CCN(Cc2ccccc2)C/C1=C\c1cn(C(=O)c2ccccc2)c2ccccc12
4219,CHEMBL4072457,70000.0,CSP(C)(=O)OC1CCCCC1
228,CHEMBL340542,70000.0,COc1ccc(C(=O)n2cc(/C=C3\CN(Cc4ccccc4)CCC3=O)c3ccccc32)cc1
382,CHEMBL24416,70000.0,COc1ccc(-c2cc3c(c(=O)o2)C(=O)C2[C@@]4(C)CC[C@H](O)[C@@](C)(CO)C4C[C@H](O)[C@@]2(C)O3)cc1
2857,CHEMBL2441686,70000.0,COc1c(F)ccc[n+]1C.F[B-](F)(F)F
7093,CHEMBL6132753,70230.0,COc1ccc(C(=O)OC[C@]2(C)C=C(C=O)[C@@]3(C)[C@H]2CC[C@]2(C)[C@@H]3CC=C3[C@H]4[C@](C(=O)O)(CC[C@@H](C)[C@@]4(C)OC(=O)c4ccc(OC)cc4)CC[C@]32C)cc1
6084,CHEMBL5175476,70500.0,O=c1c2ccccc2nc2n1C(c1cncc3[nH]c4ccccc4c13)CC2O
1414,CHEMBL526476,70600.0,Oc1cccc(C2=Nc3ccccc3SC(c3ccccc3F)C2)c1
6200,CHEMBL5189102,70639.0,CCCCN(CCc1c[nH]c2cc(O)ccc12)CCC1CCCCCC1
3702,CHEMBL3752908,71000.0,I.ICC1CN=C(Nc2ccccn2)S1
1416,CHEMBL508510,71100.0,Oc1cccc(C2=Nc3ccccc3SC(c3cccc(O)c3)C2)c1
3017,CHEMBL3237628,71500.0,CC[C@H]1[C@H](C[C@H](C)C(=O)OC)O[C@]23CC[C@@H]([C@@H]4C[C@H](C)C(=O)O4)N2CCCC[C@H]13
6820,CHEMBL5575842,71630.0,CC(C)(C)c1ccc(Oc2ccc3nc4c(c(N)c3c2)CCCCC4)cc1.Cl
7092,CHEMBL6151255,71910.0,C[C@@H]1CC[C@]2(C(=O)O)CC[C@]3(C)C(=CC[C@@H]4[C@@]5(C)C(C=O)=C[C@@](C)(COC(=O)c6ccc(F)cc6)[C@@H]5CC[C@]43C)[C@@H]2[C@]1(C)O
5626,CHEMBL4799313,72000.0,CCN(C)C(=O)OCC1CCN(Cc2ccccc2)CC1
752,CHEMBL539571,72400.0,C#CCNC1CCc2ccc(OC(=O)N(CC)CCCC)cc21.Cl
5323,CHEMBL4752296,73000.0,CNC(=O)c1sc(-c2ccnc(NC(=O)C3CC3)c2)nc1OC1CCN(Cc2ccccc2)CC1
5633,CHEMBL549,73300.0,CN(C)CCCC1(c2ccc(F)cc2)OCc2cc(C#N)ccc21
4233,CHEMBL4097877,73320.0,CN1CC2C(=O)N(c3ccc(Br)cc3)C(=O)C2C12C(=O)c1ccccc1C2=O
2680,CHEMBL2323355,73500.0,COc1ccc(/C=N/NC(=O)CN2CCC(Cc3ccccc3)CC2)cc1
1431,CHEMBL659,73900.0,COc1ccc2c3c1O[C@H]1C[C@@H](O)C=C[C@@]31CCN(C)C2
2419,CHEMBL1912063,74100.0,COc1cccc(C(C)N(C)CCCNC(=O)CCCCC2CCSS2)c1
2813,CHEMBL2425407,74210.0,O=C(NNC=C1C(=O)NC(=S)NC1=O)Nc1ccccc1
4603,CHEMBL4210274,74300.0,COc1ccc(Cn2cc(C(=O)NCCCCCCCCNc3c4c(nc5ccc(OC)cc35)CCCC4)c(=O)c3ccccc32)cc1
4809,CHEMBL369768,74710.0,COc1ccc(/C=C/C(=O)c2ccc3c(c2O)C=CC(C)(C)O3)cc1
3198,CHEMBL3310699,75350.0,COC(=O)C(CC1=NO[C@@H]2CCC[C@@H]2[C@H]1c1ccccc1)C(=O)OC
5377,CHEMBL4745802,75800.0,COc1ccc2cc3[n+](cc2c1OCc1ccc(C)cc1)CCc1cc2c(cc1-3)OCO2.[Br-]
6247,CHEMBL5219594,76200.0,O=c1[nH]c2ccc(OCc3ccc(F)cc3)cc2c(=O)o1
6348,CHEMBL5272912,76520.0,COc1ccc2c(c1)c(C=O)cn2CCCCCCCCCCCCN(C)Cc1cccc(O)c1
6729,CHEMBL1864065,76600.0,O=c1c2ccccc2nc2n1CCC2O
427,CHEMBL149084,76600.0,C#CCCCC[n+]1ccn(C(C)(C)C)c1/C=N/O.[Cl-]
6085,CHEMBL1864065,76600.0,O=c1c2ccccc2nc2n1CCC2O
3124,CHEMBL3289930,76640.0,CCOC(OCC)c1ccc(/C=C2\CC/C(=C\c3ccc(C(OCC)OCC)cc3)C2=O)cc1
409,CHEMBL347749,76800.0,CC#CCCOC[n+]1ccn(C)c1/C=N/O.[Cl-]
3222,CHEMBL3339007,76870.0,CCCCN(CCCC)CCCCCOc1ccc(C(=O)/C=C/c2ccccc2)cc1
3125,CHEMBL3289933,76930.0,CCOC(OCC)c1ccc(/C=C/C(=O)C2CCc3ccccc3C2=O)cc1
4863,CHEMBL4445377,77400.0,COc1ccc(C2=NN(C(C)=O)C(c3ccc(N4CCC(C)CC4)cc3)C2)cc1OC
6789,CHEMBL5572134,77560.0,Cc1cc(=O)oc2cc(OCc3ccc(-c4noc([C@@H]5CCCN5)n4)cc3)ccc12
2595,CHEMBL2160224,78000.0,CCN(CC)CCOc1ccc(C(=O)c2c(-c3ccc(OCCCCCCCN(C)Cc4ccccc4)cc3)oc3ccccc23)cc1
7099,CHEMBL6169431,78030.0,C[C@@H]1CC[C@]2(C(=O)NCc3cccc(Br)c3)CC[C@]3(C)C(=CC[C@@H]4[C@@]5(C)C[C@@H](O)[C@H](O)[C@@](C)(CO)[C@@H]5CC[C@]43C)[C@@H]2[C@]1(C)O
4439,CHEMBL4165471,78100.0,c1cc2cc3c(cc2c([C@H]2Oc4ccc5c(c4O2)OCO5)n1)OCO3
4963,CHEMBL3319256,78300.0,Cn1ncc2cc(C(=O)Nc3ccc(Cl)c(Cl)c3)ccc21
2811,CHEMBL2425409,78410.0,O=C1NC(=S)NC(=O)C1=CNNC(=S)Nc1ccc(F)cc1
933,CHEMBL191314,79100.0,CNC(=O)Oc1cccc(CN(C)CCCCCCCOc2ccc3c(c2)O/C(=C\c2c4ccccc4cc4ccccc24)C3=O)c1
2809,CHEMBL2425412,79210.0,O=C1NC(=S)NC(=O)C1=CNNC(=S)Nc1ccc(Br)cc1
3130,CHEMBL3289942,79310.0,CN(C)c1ccc(/C=C2\CCc3ccccc3C2=O)c([N+](=O)[O-])c1
711,CHEMBL357492,79600.0,CCN(C)C(=O)Oc1ccc2c(c1)CC(N)CC2
363,CHEMBL25149,80000.0,C[C@]12CC[C@H](O)[C@@](C)(CO)C1C[C@H](O)[C@@]1(C)Oc3cc(-c4ccc(Cl)nc4)oc(=O)c3C(=O)C21
5320,CHEMBL4741669,80000.0,CNC(=O)c1sc(-c2ccnc(NC(=O)C3CC3)c2)nc1OCC1CCN(Cc2ccc(F)c(F)c2)CC1
2149,CHEMBL1651047,80000.0,C[C@@H]([C@H]1CC[C@@]2(C)[C@@H]3CC[C@@H]4C(=CC3=CC[C@]12C)CC[C@H](N(C)C)C4(C)C)N(C)C
3014,CHEMBL3220806,80000.0,CC[N+](CC)(CC)CCOCCOCCOC(=O)[C@]1(C)CCC[C@@]2(C)[C@@H]3CC[C@@]4(C)C[C@]3(CC[C@@H]21)CC4=O.[Br-]
240,CHEMBL131318,80000.0,COc1ccc2c(c1)c(/C=C1\CN(Cc3ccccc3)CCC1=O)cn2C(=O)c1ccccc1
568,CHEMBL102077,80000.0,CCCCCCSC(=O)OCC[N+](C)(C)C.[Cl-]
4226,CHEMBL4080216,80110.0,CN1CC2C(=O)N(c3cccc(F)c3)C(=O)C2C12C(=O)c1ccccc1C2=O
7101,CHEMBL6171454,80430.0,C[C@@H]1CC[C@]2(C(=O)NC3CCCCC3)CC[C@]3(C)C(=CC[C@@H]4[C@@]5(C)C[C@@H](O)[C@H](O)[C@@](C)(CO)[C@@H]5CC[C@]43C)[C@@H]2[C@]1(C)O
1128,CHEMBL241830,80500.0,COc1ccc2c(=O)cc(-c3ccc(CN(C)Cc4ccccc4)cc3)oc2c1
3805,CHEMBL3780448,80800.0,CC(COC(=O)c1ccc(Oc2nc(Oc3ccc(C(=O)OCC(C)N(C)C)cc3)nc(Oc3ccc(C(=O)OCC(C)N(C)C)cc3)n2)cc1)N(C)C
6629,CHEMBL5427383,81000.0,CN(C)CCCN1C(=O)CSC1c1ccc(F)cc1Cl.Cl
2684,CHEMBL2323351,81100.0,COc1ccc(/C=N/NC(=O)CN2CCN(Cc3ccccc3)CC2)cc1OC
2682,CHEMBL2323353,81400.0,CCOc1ccc(/C=N/NC(=O)CN2CCN(Cc3ccccc3)CC2)cc1
2178,CHEMBL1668334,81500.0,Cc1ccc([C@@H](C)CC(=O)CC(C)C)cc1
6445,CHEMBL477770,81990.0,CN(C)Cc1c(O)c(O)c(O)c2c(=O)cc(-c3ccccc3)oc12
5317,CHEMBL4791089,82000.0,CNC(=O)c1sc(-c2ccnc(NC(=O)C3CC3)c2)nc1OCC1CCN(Cc2ccc(Cl)cc2)CC1
1369,CHEMBL456881,82500.0,O=c1c2ccccc2nc2n1CCC2
1798,CHEMBL1085275,83000.0,c1ccc(-c2ccc(NCCN3CCc4ccccc4C3)nn2)cc1
7100,CHEMBL6150183,84470.0,C[C@@H]1CC[C@]2(C(=O)NCc3ccc(Br)cc3)CC[C@]3(C)C(=CC[C@@H]4[C@@]5(C)C[C@@H](O)[C@H](O)[C@@](C)(CO)[C@@H]5CC[C@]43C)[C@@H]2[C@]1(C)O
1786,CHEMBL278819,85000.0,Cc1cc(-c2ccccc2)nnc1NCCN1CCOCC1
6668,CHEMBL5411734,85000.0,COc1cc(O)c2c(c1)C[C@@H]1c3c(cc4c(c3-2)OCO4)CCN1C
2471,CHEMBL1952060,85000.0,Cl.O/N=C/C1=NCCN1Cc1cc(C(F)(F)F)cc(C(F)(F)F)c1
6319,CHEMBL1198993,86000.0,c1ccc2c(c1)[nH]c1c[n+](CCCCCCCCCCCC[n+]3ccc4c(c3)[nH]c3ccccc34)ccc12
6235,CHEMBL1195259,86000.0,C#CCNC1CCc2c(OC(=O)N(C)C)cccc21
1306,CHEMBL497276,86000.0,CO[C@@H]1[C@@H](O)[C@H]2c3cc4c(cc3CN3CC=C([C@H]1O)[C@H]23)OCO4
4868,CHEMBL14638,86100.0,O=C(c1ccc(OCCCc2c[nH]cn2)cc1)C1CC1
4943,CHEMBL14638,86100.0,O=C(c1ccc(OCCCc2c[nH]cn2)cc1)C1CC1
7007,CHEMBL1586775,86470.0,CC(C)c1cc2cc3ccc(=O)oc3cc2o1
4713,CHEMBL4280753,87000.0,CCN1CCN(CCCNC(=O)COc2ccc(I)cc2)CC1
3011,CHEMBL3220803,88000.0,C[C@@]12CC[C@@H]3[C@@](CC[C@H]4[C@@]3(C)CCC[C@@]4(C)C(=O)OCC[N+](C)(C)CCCCCCCCCC[N+](C)(C)CCOC(=O)[C@]3(C)CCC[C@@]4(C)[C@@H]5CC[C@@]6(C)C[C@]5(CC[C@@H]43)CC6=O)(CC1=O)C2.[Br-].[Br-]
2683,CHEMBL2323352,88500.0,COc1ccc(/C=N/NC(=O)CN2CCN(Cc3ccccc3)CC2)cc1
2761,CHEMBL2396913,88920.0,CC1CCCCN1c1nc2ccccc2[nH]1
6675,CHEMBL5402370,89000.0,COc1cc2c(c(O)c1OC)CCN1Cc3c(ccc(O)c3OC)C[C@@H]21
2478,CHEMBL1952067,89000.0,CCCCCN1CC(C)(C)CN=C1/C=N/O.Cl
552,CHEMBL33051,89000.0,NC(=O)c1cc[n+](COC[n+]2ccccc2/C=N/O)cc1.[Cl-].[Cl-]
2429,CHEMBL1914495,89100.0,C=CC(CBr)Nc1c2c(nc3ccc(OC)cc13)CCCC2
5891,CHEMBL5090336,90000.0,COc1ccccc1C(=O)O[C@H]1CN2Cc3cc4c(cc3[C@]13C=C[C@@H](O)C[C@H]23)OCO4
577,CHEMBL19557,90000.0,CCN(CC)CCS/C(=N\O)c1nc(C)no1
4267,CHEMBL4079963,90000.0,NS(=O)(=O)c1ccc(NC(=S)NCCN2CCCCC2)cc1
3504,CHEMBL659,90000.0,COc1ccc2c3c1O[C@H]1C[C@@H](O)C=C[C@@]31CCN(C)C2
2815,CHEMBL2425417,90910.0,CC(=O)NC=C1C(=O)NC(=O)NC1=O
1877,CHEMBL119528,91000.0,CCCCC1(O)c2nc3ccccc3c(N)c2CC1C
2968,CHEMBL3116290,91000.0,COc1ccc(COc2nn(CCN(C(C)C)C(C)C)c3ccc([N+](=O)[O-])cc23)cc1
4810,CHEMBL4578305,91070.0,COc1ccc(C2CC(=O)c3ccc4c(c3O2)C=CC(C)(C)O4)cc1
6593,CHEMBL5407081,91240.0,COc1ccc(C2c3c(nc(C)[nH]c3=O)Oc3c2n(C(C)=O)c2ccccc32)cc1[N+](=O)[O-]
2489,CHEMBL374130,91500.0,CC(C)=CCC/C(C)=C/Cc1c(O)cc2c(c1O)C(=O)C[C@@H](c1ccc(O)cc1)O2
2486,CHEMBL2011404,92400.0,COc1ccc([C@@H]2CC(=O)c3c(cc(O)c(C/C=C(\C)CCC=C(C)C)c3O)O2)cc1O
5816,CHEMBL4871752,92810.0,COc1ccc(CN2CCC(c3cc4ccccc4o3)CC2)cc1
3025,CHEMBL1377579,93000.0,N#CC(c1ccc(O)cc1)N1CCCCC1
2477,CHEMBL1952066,93000.0,CCCCN1CC(C)(C)CN=C1/C=N/O.Cl
4708,CHEMBL4284506,93000.0,O=C(COc1ccc(-c2ccccc2)cc1)N1CCC(N2CCOCC2)CC1
6936,CHEMBL510508,94100.0,Oc1cc(O)cc(Oc2c(O)cc(O)c3c2Oc2c(O)cc4oc5c(Oc6cc(O)cc(O)c6)c(O)cc(O)c5c4c2O3)c1
6628,CHEMBL5416845,95000.0,CN(C)CCCN1C(=O)CSC1c1ccc(F)cc1F.Cl
979,CHEMBL371006,96000.0,COc1cc2ccnc3c2c(c1OC)COC3(CC(O)CO)OC
5499,CHEMBL4781384,96200.0,O=c1ccoc2ccc(OCCCCCN3CCOCC3)cc12
400,CHEMBL150212,96500.0,C#CCCOC[n+]1ccc(/C=N/O)cc1.[Cl-]
5621,CHEMBL4792483,96600.0,CCN(C)C(=O)OCC1CCCN(Cc2ccccc2)C1
5543,CHEMBL4779687,96700.0,Cc1cc(/C=N/O)c(O)c(CNc2ncccc2OCc2ccccc2)c1
4434,CHEMBL4171637,96800.0,COC1c2c(ccc3c2OCO3)-c2ccc3cc4c(cc3c2N1C)OCO4
6625,CHEMBL1202933,97000.0,CN(C)CCCN1C(=O)CSC1c1cccc(F)c1.Cl
4854,CHEMBL452895,97000.0,COc1cc2c3cc1Oc1c(O)c(OC)cc4c1[C@@H](Cc1ccc(O)c(c1)Oc1ccc(cc1)C[C@@H]3N(C)CC2)N(C)CC4
5319,CHEMBL4746460,97000.0,CNC(=O)c1sc(-c2ccnc(NC(=O)C3CC3)c2)nc1OCC1CCN(Cc2ccc(Cl)c(Cl)c2)CC1
5828,CHEMBL4853093,97130.0,COc1ccc(CN2CCC(c3oc4ccccc4c3C(=O)c3ccccc3)CC2)cc1
2817,CHEMBL2441694,98000.0,COc1c(F)c[n+](C)cc1F.O=S(=O)([O-])C(F)(F)F
2867,CHEMBL2441677,98000.0,COc1ccc(C(F)(F)F)c[n+]1CCCCCO.O=S(=O)([O-])C(F)(F)F
5819,CHEMBL4878578,98550.0,Clc1ccc(CN2CCC(c3cc4ccccc4o3)CC2)cc1
7021,CHEMBL6134092,98850.0,COc1ccc2c3c1O[C@H]1C[C@@H](O)C=C[C@@]31CCN(C=O)C2
386,CHEMBL277665,99000.0,C[C@]12CC[C@H](O)[C@@](C)(CO)C1C[C@H](O)[C@@]1(C)Oc3cc(-c4ccccc4)oc(=O)c3C(=O)C21
2807,CHEMBL2425414,99410.0,O=C1NC(=S)NC(=O)C1=CNNC(=S)Nc1ccc(C(F)(F)F)cc1
4417,CHEMBL4163781,99700.0,O=C(NCCCCCCNCc1ccc2ccccc2c1)c1cc(Cl)nc(Cl)c1
4671,CHEMBL1383041,99900.0,O=C1/C(=C/c2ccc(O)cc2)COc2ccccc21
2596,CHEMBL2160222,100000.0,CCN(CC)Cc1ccc(C(=O)c2c(-c3ccc(OCCCCCCCN(C)Cc4ccccc4)cc3)oc3ccccc23)cc1
978,CHEMBL196116,100000.0,C=CCC1(OC)OCc2c(OC)c(OC)cc3ccnc1c23
2286,CHEMBL1782707,100000.0,CN(C)CC(C)(C)c1cccc(OC(=O)NCCCCN2CCOCC2)c1
6455,CHEMBL5285094,100000.0,COc1cc2oc3cccc(O)c3c(=O)c2c(O)c1CN(C)C
2279,CHEMBL1782707,100000.0,CN(C)CC(C)(C)c1cccc(OC(=O)NCCCCN2CCOCC2)c1
1792,CHEMBL150365,100000.0,N#Cc1cc(-c2ccccc2)nnc1NCCN1CCOCC1
569,CHEMBL102077,100000.0,CCCCCCSC(=O)OCC[N+](C)(C)C.[Cl-]
1810,CHEMBL1084543,100000.0,c1ccc(-c2cnc(NCN3CCCCC3)nc2)cc1
2073,CHEMBL1257413,100000.0,CCCCCCCCCCCCCNc1c2c(nc3ccc(OC)cc13)CCCC2.Cl
4865,CHEMBL4475612,100200.0,COc1ccc(C2=NN(C(C)=O)C(c3ccc(N4CCN(Cc5ccccc5)CC4)cc3)C2)cc1
4079,CHEMBL4085671,100500.0,COc1cc(/C=C/C(=O)Nc2ccccc2)ccc1OCCCCN(C)C
5476,CHEMBL4796696,101000.0,COc1cc2c(cc1O)CCC(C)(CCN)O2
359,CHEMBL25524,101000.0,C[C@]12CC[C@H](O)[C@@](C)(CO)C1C[C@H](O)[C@@]1(C)Oc3cc(-c4ccccn4)oc(=O)c3C(=O)C21
2597,CHEMBL2160217,101000.0,CN(CCCCCCCOc1ccc(-c2oc3ccccc3c2C(=O)c2cccc3ccccc23)cc1)Cc1ccccc1
2598,CHEMBL2160228,102000.0,Cc1cccc(C(=O)c2c(-c3cccc(OCCCCCCCN(C)Cc4ccccc4)c3)oc3ccccc23)c1
3820,CHEMBL3785187,103800.0,COc1ccc(C2N(C)Cc3cc(O)ccc3N2C)cc1
6995,CHEMBL49732,104120.0,COc1ccc2ccc(=O)oc2c1
6632,CHEMBL5405571,105000.0,CN(C)CCCN1C(=O)CSC1c1ccc2c(c1)OCO2.Cl
2139,CHEMBL1644325,105000.0,CC(=O)c1cc[n+](CCC[n+]2ccc(/C=N/O)cc2)cc1.[Br-].[Br-]
983,CHEMBL370561,105000.0,COc1cc2cc[n+](C)c3c2c(c1OC)C(Br)OC3=O
2883,CHEMBL3087683,107000.0,CC(C(=O)NCCCNCCCNC1=CC(=O)c2ccccc2C1=O)c1ccc(-c2ccccc2)c(F)c1
981,CHEMBL196699,109000.0,COc1cc2ccnc3c2c(c1OC)COC3(O)CC(O)CO
2487,CHEMBL253152,109200.0,COc1cc([C@@H]2CC(=O)c3c(cc(O)c(C/C=C(\C)CCC=C(C)C)c3O)O2)ccc1O
6645,CHEMBL5411628,109300.0,Cc1cc(/C=N/O)c(O)c(CN2CCN(c3ccc([N+](=O)[O-])cc3)CC2)c1
3823,CHEMBL3786589,109900.0,Cc1ccc(C2N(C)Cc3cc(O)ccc3N2C)cc1
1865,CHEMBL331637,110000.0,CC12CCC(c3c1nc1ccccc1c3N)C2(C)C
2825,CHEMBL2441686,110000.0,COc1c(F)ccc[n+]1C.F[B-](F)(F)F
3703,CHEMBL3754585,110000.0,Br.BrCC1CN=C(Nc2ccccn2)S1
4717,CHEMBL4292499,110000.0,CCN1CCN(CCCNC(=O)COc2ccc(-c3ccc(OC)cc3)cc2)CC1
3910,CHEMBL3827624,110000.0,Cc1c(OC(=O)N(C)C)c2c(c[n+]1C)COC(C(C)(C)C)OC2.[Br-]
3806,CHEMBL3780131,110500.0,COc1nc(Oc2ccc(C(=O)OCC(C)N(C)C)cc2)nc(Oc2ccc(C(=O)OCC(C)N(C)C)cc2)n1
2138,CHEMBL1644323,112000.0,O/N=C/c1cc[n+](CCC[n+]2ccc(-c3ccccc3)cc2)cc1.[Br-].[Br-]
1232,CHEMBL250688,113000.0,COc1cc2c(c(OC)c1OC)C(=O)O[C@]21[C@H](O)[C@@H](O)C=C2CCN(C)[C@H]21
2925,CHEMBL3099500,113000.0,CN(CCCCNc1c2c(nc3c(NC(=O)CNC(=O)CC[C@H](NC(=O)CNC(=O)OCc4ccccc4)C(=O)N[C@@H](Cc4ccccc4)C(=O)OCc4ccccc4)cccc13)CCCC2)CCCNc1c2c(nc3ccccc13)CCCC2
4709,CHEMBL4295165,113000.0,CCN1CCN(CCCNC(=O)COc2ccc(-c3ccccc3)cc2)CC1
6375,CHEMBL226335,113300.0,C[C@@H]1O[C@@H](OC[C@H]2O[C@@H](Oc3c(-c4ccc(O)c(O)c4)oc4cc(O)cc(O)c4c3=O)[C@H](O)[C@@H](O)[C@@H]2O)[C@H](O)[C@H](O)[C@H]1O
6588,CHEMBL5427488,113700.0,CC(=O)n1c2c(c3ccccc31)Oc1nc(C)[nH]c(=O)c1C2c1ccc(Br)cc1
4710,CHEMBL4288000,115000.0,CN1CCN(CCCNC(=O)COc2ccc(-c3ccccc3)cc2)CC1
6187,CHEMBL1668934,115000.0,CC(=O)N1CCC(NC(=O)Nc2ccc(OC(F)(F)F)cc2)CC1
2812,CHEMBL2425408,115110.0,O=C1NC(=S)NC(=O)C1=CNNC(=S)Nc1ccccc1
3814,CHEMBL3786655,115900.0,CN1Cc2cc(O)ccc2N(C)C1c1cc[nH]c1
4427,CHEMBL4168617,116000.0,O=C(O)C(F)(F)F.O=C1CC[C@@]2(C=CNC3=C2C2=NCCc4c[nH]c(c42)C3=O)C=C1Br
2814,CHEMBL2425418,119110.0,NC(=S)NNC=C1C(=O)NC(=O)NC1=O
4268,CHEMBL4064806,120000.0,COc1ccccc1NC(=S)NCCN(C)C
4262,CHEMBL4099934,120000.0,COc1ccc(NC(=S)NCCN2CCCCC2)cc1
2810,CHEMBL2425410,121110.0,O=C1NC(=S)NC(=O)C1=CNNC(=S)Nc1ccc(Cl)cc1
4814,CHEMBL3311038,121600.0,COc1cc(OC)c(-c2coc3c4c(ccc3c2=O)OC(C)(C)C=C4)cc1OC
545,CHEMBL149427,123000.0,Cn1c(/C=N/O)[n+](C)c2ccccc21.[Cl-]
3538,CHEMBL3605434,123770.0,COc1cccc(-c2nnc(-c3ccc4c(c3)CO[C@@]4(CCCN(C)C)c3ccc(F)cc3)[nH]2)c1
5214,CHEMBL4640608,125000.0,COc1cc(C2C3=C(CCCC3=O)NC3=C2C(=O)CCC3)ccc1OCc1ccc(F)cc1
4769,CHEMBL4280848,125200.0,CCCCN(C)Cc1cc(N)ccc1O.Cl.Cl
6669,CHEMBL452201,125900.0,COc1ccc2c(c1)C[C@H]1NCCc3cc4c(c-2c31)OCO4
4414,CHEMBL4172720,126160.0,CO[C@@H]1C=C[C@@]23c4cc5c(cc4C[N@@+]([O-])(CCO)[C@@H]2C(=O)N(C)[C@H]3C1)OCO5
4812,CHEMBL393417,126700.0,COc1cc2c(cc1OC)[C@@H]1C(=O)c3ccc4c(c3O[C@@H]1CO2)C=CC(C)(C)O4
1102,CHEMBL225615,127000.0,COc1ccc(OC)c(CN(C)CCCCCCCOc2ccc3c(=O)c4ccccc4oc3c2)c1
1343,CHEMBL447857,127000.0,COc1cccc(C(=O)c2c(-c3ccc(OCCCCCCCN(C)Cc4ccccc4)cc3)oc3ccccc23)c1
1345,CHEMBL506588,127000.0,Cc1cccc(C(=O)c2c(-c3ccc(OCCCCCCCN(C)Cc4ccccc4)cc3)oc3ccccc23)c1
4813,CHEMBL241806,127180.0,COc1cc2c(cc1OC)[C@]1(O)C(=O)c3ccc4c(c3O[C@@H]1CO2)C=CC(C)(C)O4
6639,CHEMBL5437711,127600.0,O/N=C/c1cc(Br)cc(CN2CCN(c3ccncc3)CC2)c1O
3061,CHEMBL3234594,130000.0,c1ccc(CCCCCSc2c3c(nc4ccccc24)CCCC3)nc1
3916,CHEMBL3827856,130000.0,Cc1c(OC(=O)N(C)C)c2c(c[n+]1C)COCOC2.[Br-]
1317,CHEMBL461949,130000.0,C=C(C)[C@H](O)Cc1cc2ccc(=O)oc2cc1O
2835,CHEMBL2441677,131000.0,COc1ccc(C(F)(F)F)c[n+]1CCCCCO.O=S(=O)([O-])C(F)(F)F
6678,CHEMBL5420095,131000.0,COc1cc2c(c(O)c1OC)CC[N@+]1(C)Cc3c(ccc(O)c3OC)C[C@@H]21.[OH-]
4765,CHEMBL4285213,131100.0,CCCN(CCC)Cc1cc(N)ccc1O.Cl.Cl
4815,CHEMBL3311040,131170.0,COc1ccc(-c2coc3c4c(ccc3c2=O)OC(C)(C)C=C4)cc1OC
7016,CHEMBL6145299,132600.0,C[n+]1cc(Cl)ccc1/C=N/O.[I-]
3545,CHEMBL3605419,133230.0,Cc1cccc(-c2nnc(-c3ccc4c(c3)CO[C@@]4(CCCN(C)C)c3ccc(F)cc3)[nH]2)c1
6624,CHEMBL5403260,134000.0,CN(C)CCCN1C(=O)CSC1c1ccccc1Cl.Cl
506,CHEMBL289890,134000.0,COC[n+]1ccn(C)c1/C=N/O.[Cl-]
1876,CHEMBL115580,134000.0,CC1Cc2c(nc3ccccc3c2N)C1(C)O
2166,CHEMBL105537,137000.0,[Br-].[Br-].c1ccc2c[n+](CCCCCCCCCCCC[n+]3ccc4ccccc4c3)ccc2c1
980,CHEMBL196177,137000.0,COc1cc2ccnc3c2c(c1OC)COC3(CCCO)OC
1103,CHEMBL389668,138000.0,COc1cccc(CN(C)CCCCCCCOc2ccc3c(=O)c4ccccc4oc3c2)c1OC
2637,CHEMBL389668,138000.0,COc1cccc(CN(C)CCCCCCCOc2ccc3c(=O)c4ccccc4oc3c2)c1OC
4714,CHEMBL4281203,138000.0,CN1CCN(CCCNC(=O)COc2ccc(I)cc2)CC1
3547,CHEMBL3605316,138230.0,CN(C)CCC[C@@]1(c2ccc(F)cc2)OCc2cc(-c3nnc(-c4cccc([N+](=O)[O-])c4)[nH]3)ccc21
3912,CHEMBL3827449,140000.0,CCCC1OCc2c[n+](C)c(C)c(OC(=O)N(C)C)c2CO1.[Br-]
5929,CHEMBL5084128,140000.0,OC[C@H]1O[C@@H](OCCCc2ccc(O)c(/C=N/O)n2)[C@H](O)[C@@H](O)[C@@H]1O
4266,CHEMBL1301463,140000.0,CN(C)CCN=C(S)Nc1cccc(Cl)c1
6652,CHEMBL5411077,140800.0,O/N=C/c1cc(Cl)cc(CN2CCC(c3ccc(F)cc3)CC2)c1O
6677,CHEMBL1235966,143300.0,COc1cc2c(cc1O)[C@@H]1Cc3ccc(OC)c(O)c3CN1CC2
3821,CHEMBL3785803,143400.0,Cc1ccccc1C1N(C)Cc2cc(O)ccc2N1C
3818,CHEMBL3787666,143400.0,CN1Cc2cc(O)ccc2N(C)C1c1ccc(F)cc1
394,CHEMBL146319,144000.0,CC#CC(C)OC[n+]1ccn(C)c1/C=N/O.[Cl-]
1869,CHEMBL1084952,144100.0,Nc1c2c(nc3ccccc13)-c1cc(Br)ccc1CC2
6993,CHEMBL6146623,145190.0,O=C(O)c1cc2ccc(=O)oc2cc1O
4998,CHEMBL21,145240.0,Nc1ccc(S(N)(=O)=O)cc1
3915,CHEMBL3828644,150000.0,Cc1c(OC(=O)N(C)C)c2c(c[n+]1C)COC(C)OC2.[Br-]
3009,CHEMBL3220801,150000.0,C[C@@]12CC[C@@H]3[C@@](CC[C@H]4[C@@]3(C)CCC[C@@]4(C)C(=O)OCC[N+](C)(C)C)(CC1=O)C2.[I-]
1314,CHEMBL303846,150000.0,CC1(C)C=Cc2cc3ccc(=O)oc3cc2O1
6236,CHEMBL1193656,150000.0,C#CCNC1CCc2c(OC(=O)N(C)CC)cccc21
4217,CHEMBL4093928,150000.0,CCO[P@@](=O)(SCC)c1ccccc1
6992,CHEMBL51628,150280.0,O=c1ccc2ccc(O)cc2o1
3220,CHEMBL3339005,151830.0,CCCCN(CCCC)CCCOc1ccc(C(=O)/C=C/c2ccccc2)cc1
4428,CHEMBL4160694,152000.0,O=C(O)C(F)(F)F.O=C1C2=C(C3=NCCc4c[nH]c1c43)C1(C=CN2)C=C(Br)C(O)C(Br)=C1
1118,CHEMBL427090,152000.0,CN(CCCCCCCCCOc1ccc2c(=O)c3ccccc3oc2c1)Cc1ccccc1
6994,CHEMBL71851,153770.0,COc1cc2ccc(=O)oc2cc1O
6890,CHEMBL5597498,154530.0,COc1ccc2c3c1O[C@H]1C[C@@H](O)CC[C@@]31CCNC2
1231,CHEMBL400092,155000.0,O[C@H]1[C@H]2c3cc4c(cc3CN3CCC(=C[C@@H]1O)[C@H]23)OCO4
1101,CHEMBL387849,155000.0,COc1ccc(CN(C)CCCCCCCOc2ccc3c(=O)c4ccccc4oc3c2)c(OC)c1OC
6086,CHEMBL4210192,155100.0,O=c1[nH]c(CCCO)nc2ccccc12
6118,CHEMBL5172037,155600.0,COc1ccc(CCc2cc(=O)c3c(o2)[C@H]2O[C@H]2[C@@H](O)[C@H]3OC)cc1
2472,CHEMBL1952061,157000.0,CCCCN1CCCN=C1/C=N/O.Cl
3933,CHEMBL3826998,157500.0,CCCCCCCNC(=O)Oc1ccc(-n2cc(COc3ccc4ccc(=O)oc4c3)nn2)cc1
4430,CHEMBL553245,158000.0,O=C([O-])C(F)(F)F.O=C1C2=C3C4=[N+](CCc5c[nH]c1c54)[C@@H]1C(=O)C=C4S[C@@H](C[C@@]43[C@H]1O)N2
5862,CHEMBL4864004,158600.0,COc1ccc2[nH]c(CCNC(=O)CCCn3cc(CCCCN4CCc5cc(OC)c(OC)cc5C4CCCN4C(=O)c5ccccc5C4=O)nn3)cc2c1
6440,CHEMBL5276202,161000.0,Cl.Oc1cccc2ccc(/C=C/C3=CCN(Cc4ccccc4C(F)(F)F)CC3)nc12
3539,CHEMBL3605433,161340.0,COc1ccccc1-c1nnc(-c2ccc3c(c2)CO[C@@]3(CCCN(C)C)c2ccc(F)cc2)[nH]1
6670,CHEMBL5408625,161900.0,COc1cc(O)c2c(c1)C[C@H]1NCCc3c(OC)c4c(c-2c31)OCO4
3223,CHEMBL3339008,162590.0,CCCCN(CCCC)CCCCCCOc1ccc(C(=O)/C=C/c2ccccc2)cc1
1870,CHEMBL332454,166100.0,Nc1c2c(nc3ccccc13)-c1ccccc1CCC2
2134,CHEMBL426113,167000.0,O/N=C/c1cc[n+](CCC[n+]2ccc(/C=N/O)cc2)cc1.[Br-].[Br-]
2927,CHEMBL71851,168600.0,COc1cc2ccc(=O)oc2cc1O
1084,CHEMBL71851,168600.0,COc1cc2ccc(=O)oc2cc1O
1802,CHEMBL1086185,170000.0,CN(CCNc1ccc(-c2ccccc2)nn1)Cc1ccccc1
6651,CHEMBL5428415,170000.0,Cc1cc(/C=N/O)c(O)c(CN2CCC(c3ccc(F)cc3)CC2)c1
6996,CHEMBL390320,173890.0,COc1cc2oc(=O)ccc2cc1O
5861,CHEMBL4850061,173900.0,COc1ccc2[nH]c(CCNC(=O)Cn3cc(CCCCN4CCc5cc(OC)c(OC)cc5C4CCCN4C(=O)c5ccccc5C4=O)nn3)cc2c1
977,CHEMBL196401,174000.0,C=CCC1(O)OCc2c(OC)c(OC)cc3ccnc1c23
397,CHEMBL357987,175000.0,CC#CC(C)(C)OC[n+]1ccn(C)c1/C=N/O.[Cl-]
6633,CHEMBL5419436,177000.0,CN(C)CCCN1C(=O)CSC1c1cccc2ccccc12.Cl
1341,CHEMBL504674,177000.0,COc1ccc(C(=O)c2c(-c3ccc(OCCCCCCCN(C)Cc4ccccc4)cc3)oc3ccccc23)cc1OC
6356,CHEMBL5270722,177490.0,CN(CCCCCCCCCCCCn1cc(C=O)c2cc(O)ccc21)Cc1cccc(O)c1
6654,CHEMBL5431200,179600.0,O/N=C/c1cc(Cl)cc(CN2CCN(c3ccc(Cl)cc3)CC2)c1O
4244,CHEMBL4063984,180000.0,COc1ccc(CN(CC(=O)NCc2ccccc2)C(=O)CCCCCn2ccnc2/C=N/O)cc1
49,CHEMBL543779,180000.0,CCN(CC)CCS/C(=N\O)C(=O)c1ccc(C#N)cc1.Cl
1319,CHEMBL459826,180000.0,CC(C)(O)C(=O)Cc1cc2ccc(=O)oc2cc1O
6641,CHEMBL5398991,182000.0,Cc1cc(/C=N/O)c(O)c(CN2CCN(c3ccccn3)CC2)c1
6647,CHEMBL5427748,184100.0,O=[N+]([O-])c1ccc(N2CCN(Cc3cc(Br)cc(/C=N/O)c3O)CC2)cc1
404,CHEMBL423397,185000.0,C#CCCCC[n+]1ccn(COC)c1/C=N/O.[Cl-]
3666,CHEMBL153,186400.0,Cc1c(C)c2c(c(C)c1O)CCC(C)(C(=O)O)O2
3542,CHEMBL3605424,187510.0,CN(C)CCC[C@@]1(c2ccc(F)cc2)OCc2cc(-c3nnc(-c4ccccc4F)[nH]3)ccc21
4411,CHEMBL586091,187630.0,COc1cc2c(cc1O)[C@@H]1[C@H](O)[C@@H](O)C=C3CCN(C2)[C@H]31
4718,CHEMBL4283139,190000.0,COc1ccc(-c2ccc(OCC(=O)NCCCN3CCN(C)CC3)cc2)cc1
4263,CHEMBL4071394,190000.0,S=C(NCCN1CCCCC1)Nc1cccc(Cl)c1
2177,CHEMBL1668333,191100.0,CC(C)=CC(=O)C[C@H](C)c1ccc(C)cc1
2414,CHEMBL1912061,192000.0,COc1cc2nc(Cl)nc(NCCCNC(=O)CCCCC3CCSS3)c2cc1OC
3819,CHEMBL3785229,192800.0,COc1ccccc1C1N(C)Cc2cc(O)ccc2N1C
6441,CHEMBL502,198000.0,COc1cc2c(cc1OC)C(=O)C(CC1CCN(Cc3ccccc3)CC1)C2
513,CHEMBL358323,198000.0,COC[n+]1c(/C=N/O)n(C)c2ccccc21.[Cl-]
6626,CHEMBL5404712,199000.0,CN(C)CCCN1C(=O)CSC1c1cccnc1.Cl
3560,CHEMBL130478,200000.0,CSc1nc(-c2ccc(OC(F)(F)F)cc2)nn1C(=O)N(C)C
7195,CHEMBL426110,202470.0,O=C1/C(=C/c2ccc(O)cc2)Oc2cc(O)ccc21
2132,CHEMBL33051,203000.0,NC(=O)c1cc[n+](COC[n+]2ccccc2/C=N/O)cc1.[Cl-].[Cl-]
721,CHEMBL151225,204000.0,C#CCNC1CCc2ccc(OC(=O)N(C)CC)cc2C1
6589,CHEMBL5434381,204080.0,COc1ccc(C2c3c(nc(C)[nH]c3=O)Oc3c2n(C(C)=O)c2ccccc32)cc1
4857,CHEMBL4476639,205600.0,COc1ccc(C2=NN(C(C)=O)C(c3ccc(-n4ccnc4)cc3)C2)cc1OC
6658,CHEMBL5423171,205700.0,Cc1cc(/C=N/O)c(O)c(CN2CCN(c3ccc(O)cc3)CC2)c1
2806,CHEMBL2425415,206310.0,COc1ccc(NC(=S)NNC=C2C(=O)NC(=S)NC2=O)cc1
6653,CHEMBL5431346,209200.0,Cc1cc(/C=N/O)c(O)c(CN2CCN(c3ccc(Cl)cc3)CC2)c1
6642,CHEMBL5406473,209400.0,O/N=C/c1cc(Cl)cc(CN2CCN(c3ccccn3)CC2)c1O
44,CHEMBL544669,210000.0,CCN(CC)CCS/C(=N\O)C(=O)c1ccc(Br)cc1.Cl
6646,CHEMBL5429288,210800.0,O=[N+]([O-])c1ccc(N2CCN(Cc3cc(Cl)cc(/C=N/O)c3O)CC2)cc1
6676,CHEMBL448891,211200.0,COc1cc2c(cc1OC)[C@@H]1Cc3ccc(O)c(OC)c3CN1CC2
2599,CHEMBL2160213,215000.0,CN(CCCCCOc1ccc(-c2cc3ccccc3o2)cc1)Cc1ccccc1
1348,CHEMBL523830,221000.0,O=C(NCc1ccccc1)O[C@H]1CO[C@H]2[C@@H]1OC[C@H]2OC(=O)c1ccccc1
6672,CHEMBL5435367,221100.0,COC1=CC(=O)c2c(cc3c4c(cc5c(c24)OCO5)CCN3C)C1=O
4866,CHEMBL4532224,221200.0,CCN1CCN(c2ccc(C3CC(c4ccc(OC)cc4)=NN3C(C)=O)cc2)CC1
5742,CHEMBL4859173,223000.0,Cl.Nc1c2c(nc3cccc(Cl)c13)CCCCC2
6655,CHEMBL5417629,224600.0,Cc1cc(/C=N/O)c(O)c(CN2CCN(c3ccc(Br)cc3)CC2)c1
3816,CHEMBL3786843,225800.0,CN1Cc2cc(O)ccc2N(C)C1c1cccs1
6649,CHEMBL5428301,227600.0,O=[N+]([O-])c1ccc(N2CCN(Cc3cc(Cl)cc(/C=N/O)c3O)CC2)c(Cl)c1
6648,CHEMBL5424094,231200.0,Cc1cc(/C=N/O)c(O)c(CN2CCN(c3ccc([N+](=O)[O-])cc3Cl)CC2)c1
4296,CHEMBL4104534,233700.0,COc1cc2c(cc1OC)C(c1ccccc1)N(CC1CCN(Cc3ccc(O)c(/C=N/O)c3)CC1)CC2
6245,CHEMBL147527,234000.0,C#CCN(C)C(C)Cc1cccc(OC(=O)N(C)CC)c1
707,CHEMBL147527,234000.0,C#CCN(C)C(C)Cc1cccc(OC(=O)N(C)CC)c1
6640,CHEMBL5402460,234700.0,O/N=C/c1cc(F)cc(CN2CCN(c3ccncc3)CC2)c1O
4997,CHEMBL521,235110.0,CC(C)Cc1ccc(C(C)C(=O)O)cc1
3825,CHEMBL3785644,235600.0,CN1Cc2cc(O)ccc2N(C)C1c1ccc(Cl)cc1
1315,CHEMBL513279,240000.0,COc1cc(OCC=C(C)C)c2ccc(=O)oc2c1
1556,CHEMBL1088155,241000.0,[Br-].[Br-].c1cc[n+](CCCCCCC[n+]2ccccc2)cc1
3817,CHEMBL3786447,242400.0,CN1Cc2cc(O)ccc2N(C)C1c1ccncc1
3824,CHEMBL3786505,242400.0,CN1Cc2cc(O)ccc2N(C)C1c1cccc(Cl)c1
73,CHEMBL89011,245000.0,Nc1c2c(nc3ccccc13)-c1ccccc1CO2
2171,CHEMBL1669491,250000.0,[Br-].[Br-].c1ccc(C[n+]2ccc3ccccc3c2)c(C[n+]2ccc3ccccc3c2)c1
3537,CHEMBL3605437,251670.0,CN(C)CCC[C@@]1(c2ccc(F)cc2)OCc2cc(-c3nnc(-c4ccc(-c5nnn[nH]5)cc4)[nH]3)ccc21
3219,CHEMBL3339004,252960.0,CCCCN(CCCC)CCOc1ccc(C(=O)/C=C/c2ccccc2)cc1
3811,CHEMBL3787307,253000.0,CC(C)N1Cc2cc(O)ccc2N(C)C1c1ccccc1
6638,CHEMBL4758307,256100.0,O/N=C/c1cc(Cl)cc(CN2CCN(c3ccncc3)CC2)c1O
3911,CHEMBL3827347,260000.0,Cc1c(OC(=O)N(C)C)c2c(c[n+]1C)COC(C(C)C)OC2.[Br-]
2287,CHEMBL1206,260000.0,CCN(CC)C(C)CN1c2ccccc2Sc2ccccc21
1795,CHEMBL356224,260000.0,c1ccc(-c2cc(-c3ccccc3)c(NCCN3CCOCC3)nn2)cc1
2606,CHEMBL2181430,260000.0,COc1cc2c(cc1OC)C(c1ccccc1)N(CCCc1ccc(O)c(/C=N/O)n1)CC2
575,CHEMBL69059,260000.0,CCN(CC)CC/N=C(\NO)c1nc(-c2ccccc2)no1
19,CHEMBL46151,260000.0,CCN(CC)CCS/C(=N\O)C(=O)c1ccc(OC)cc1
3541,CHEMBL3605426,260630.0,CN(C)CCC[C@@]1(c2ccc(F)cc2)OCc2cc(-c3nnc(-c4ccc(F)cc4)[nH]3)ccc21
6644,CHEMBL5401627,261400.0,O/N=C/c1cc(Cl)cc(CN2CCC(c3ccncc3)CC2)c1O
5536,CHEMBL4758307,262000.0,O/N=C/c1cc(Cl)cc(CN2CCN(c3ccncc3)CC2)c1O
5211,CHEMBL4645476,266000.0,CN(C)C(=O)Oc1ccc(C(O)CNC2CCCCC2)cc1.Cl
1277,CHEMBL407904,267000.0,CCN(Cc1ccccc1)Cc1ccc(-c2cc3cc(OCCNC(=O)/C=C/c4ccc(Cl)c(Cl)c4)ccc3oc2=O)cc1
1794,CHEMBL1082741,270000.0,Nc1cc(-c2ccccc2)nnc1NCCN1CCOCC1
4762,CHEMBL4294906,270600.0,Cl.Cl.Nc1ccc(O)c(CN2CCOCC2)c1
3033,CHEMBL1194868,275300.0,CN1CCN(C(C#N)c2ccc3c(c2)OCO3)CC1
6590,CHEMBL5425032,276760.0,CC(=O)n1c2c(c3ccccc31)Oc1nc(C)[nH]c(=O)c1C2c1ccc(C)cc1
7015,CHEMBL6102746,277300.0,C[n+]1cc(F)ccc1/C=N/O.[I-]
6054,CHEMBL5176633,279000.0,C=C1c2[nH]c3ccc(OC)cc3c2C2[C@@H](CC)C1CCN2C
3810,CHEMBL3786544,279300.0,CCCN1Cc2cc(O)ccc2N(C)C1c1ccccc1
3913,CHEMBL3828273,280000.0,CCC1OCc2c[n+](C)c(C)c(OC(=O)N(C)C)c2CO1.[Br-]
1342,CHEMBL444427,281000.0,COc1ccc(C(=O)c2c(-c3ccc(OCCCCCCCN(C)Cc4ccccc4)cc3)oc3ccccc23)cc1
5249,CHEMBL281202,283600.0,Cc1ccc(C(C)C)cc1O
635,CHEMBL289890,290000.0,COC[n+]1ccn(C)c1/C=N/O.[Cl-]
2140,CHEMBL1644328,291000.0,N/C(=N\O)c1cc[n+](CCC[n+]2ccc(/C=N/O)cc2)cc1.[Br-].[Br-]
6656,CHEMBL5402369,291000.0,O/N=C/c1cc(Cl)cc(CN2CCN(c3ccc(Br)cc3)CC2)c1O
4864,CHEMBL4483487,294900.0,COc1ccc(C2=NN(C(C)=O)C(c3ccc(N4CCN(c5ccccc5)CC4)cc3)C2)cc1OC
2604,CHEMBL2181438,300000.0,COc1cc2c(cc1OC)C(c1ccccc1)N(CCCCCCc1cc(C)nc(/C=N/O)c1O)CC2
430,CHEMBL150164,305000.0,C#CCCCC[n+]1ccc(/C=N/O)cc1.[Cl-]
3059,CHEMBL3234590,307000.0,O/N=C/c1nc(CCCCCSc2c3c(nc4ccccc24)CCCC3)ccc1O
3540,CHEMBL3605430,310310.0,CN(C)CCC[C@@]1(c2ccc(F)cc2)OCc2cc(-c3nnc(-c4ccccc4I)[nH]3)ccc21
2491,CHEMBL2011406,316300.0,COc1cc(C2CC(=O)c3c(cc(O)c(C/C=C(\C)CCC=C(C)C)c3O)O2)cc(OC)c1O
4858,CHEMBL4448071,319200.0,COc1ccc(C2=NN(C(C)=O)C(c3ccc(-n4cnc5ccccc54)cc3)C2)cc1OC
2605,CHEMBL2181437,320000.0,COc1cc2c(cc1OC)C(c1ccccc1)N(CCCCCc1ccnc(/C=N/O)c1O)CC2
3035,CHEMBL3233995,321000.0,COc1cc(C(C#N)N2CCCC2)cc(OC)c1OC
6650,CHEMBL5406363,321500.0,Cc1cc(/C=N/O)c(O)c(CN2CCN(c3ccc(F)cc3)CC2)c1
3826,CHEMBL3785808,327000.0,CN1Cc2cc(O)ccc2N(C)C1c1ccccc1
41,CHEMBL543546,330000.0,CC(C)N(CCS/C(=N\O)C(=O)c1ccc(Cl)cc1)C(C)C.Cl
4773,CHEMBL4292574,333500.0,CNCc1cc(N)ccc1O.Cl.Cl
402,CHEMBL355986,339000.0,C#CCCOC[n+]1ccn(C(C)(C)C)c1/C=N/O.[Cl-]
530,CHEMBL539108,339600.0,O/N=C\c1cccc[n+]1COCCOC[n+]1ccccc1/C=N/O.[Cl-].[Cl-]
1019,CHEMBL494887,340000.0,CC(C)NP(=O)(NC(C)C)OP(=O)(NC(C)C)NC(C)C
42,CHEMBL1420,340000.0,C[n+]1ccccc1C=NO
6660,CHEMBL5397804,340100.0,Cc1ccc(N2CCN(Cc3cc(C)cc(/C=N/O)c3O)CC2)cc1
3045,CHEMBL3234001,340200.0,COc1cc(C(C#N)N2CCN(C)CC2)ccc1O
3813,CHEMBL3785481,341700.0,CN1Cc2cc(O)ccc2N(C)C1c1cccc2ccccc12
3815,CHEMBL3785526,341700.0,CN1Cc2cc(O)ccc2N(C)C1c1ccoc1
6087,CHEMBL5184601,344800.0,O=C(O)C1=Nc2ccccc2CN1
1386,CHEMBL491346,345000.0,COc1ccc(C(=O)c2ccc(CN3CCOCC3)cc2)cc1OC
4992,CHEMBL424,346000.0,O=C(O)c1ccccc1O
6643,CHEMBL5429752,349800.0,Cc1cc(/C=N/O)c(O)c(CN2CCC(c3ccncc3)CC2)c1
3041,CHEMBL3233999,350100.0,COc1ccc(C(C#N)N2CCN(C)CC2)cc1O
2673,CHEMBL50,353860.0,O=c1c(O)c(-c2ccc(O)c(O)c2)oc2cc(O)cc(O)c12
3043,CHEMBL3234000,358200.0,COc1cc(C(C#N)N2CCCC2)ccc1O
3549,CHEMBL3605309,359720.0,CN(C)CCC[C@@]1(c2ccc(F)cc2)OCc2cc(-c3nnc(-c4ccccc4N)[nH]3)ccc21
2638,CHEMBL225396,360000.0,COc1ccc(CN(C)CCCCCCCOc2ccc3c(=O)c4ccccc4oc3c2)cc1
1109,CHEMBL225396,360000.0,COc1ccc(CN(C)CCCCCCCOc2ccc3c(=O)c4ccccc4oc3c2)cc1
6657,CHEMBL5428266,362400.0,Cc1cc(/C=N/O)c(O)c(CN2CCN(c3ccc(C(F)(F)F)cc3)CC2)c1
3040,CHEMBL3233998,363000.0,COc1ccc(C(C#N)N2CCOCC2)cc1O
74,CHEMBL748,366000.0,C[n+]1ccccc1/C=N/O.[Cl-]
413,CHEMBL748,366000.0,C[n+]1ccccc1/C=N/O.[Cl-]
522,CHEMBL748,366000.0,C[n+]1ccccc1/C=N/O.[Cl-]
6663,CHEMBL5399453,370400.0,Cc1cc(/C=N/O)c(O)c(CN2CCN(c3ccccc3Cl)CC2)c1
3029,CHEMBL3233022,379000.0,COc1ccc(C(C#N)N2CCN(C)CC2)cc1OC
3507,CHEMBL3597065,380000.0,CCOC(=O)C1=C(Nc2ccc(Cl)cc2)C[C@@H](c2ccc(OC)cc2)N(c2ccc(Cl)cc2)[C@@H]1c1ccc(OC)cc1
3034,CHEMBL3233994,381000.0,COc1cc(C(C#N)N2CCCCC2)cc(OC)c1OC
6661,CHEMBL5404725,381200.0,Cc1cc(/C=N/O)c(O)c(CN2CCN(c3ccccc3F)CC2)c1
7014,CHEMBL6133097,385300.0,C[n+]1cccc(Br)c1/C=N/O.[I-]
3548,CHEMBL3605314,387560.0,CN(C)CCC[C@@]1(c2ccc(F)cc2)OCc2cc(-c3nnc(-c4ccc(O)cc4)[nH]3)ccc21
1117,CHEMBL390598,388000.0,CN(CCCCCCCCCCOc1ccc2c(=O)c3ccccc3oc2c1)Cc1ccccc1
3036,CHEMBL1192998,389000.0,COc1cc(C(C#N)N2CCOCC2)cc(OC)c1OC
593,CHEMBL65891,390000.0,CCN(CC)CCS/C(=N\O)c1nc(C(C)(C)C)no1
3515,CHEMBL3597057,390000.0,CCOC(=O)C1=C(Nc2ccccc2)C[C@@H](c2ccc(F)cc2)N(c2ccccc2)[C@@H]1c1ccc(F)cc1
1316,CHEMBL481658,390000.0,CC(C)=CC(=O)O[C@H]1Cc2cc3ccc(=O)oc3cc2OC1(C)C
1875,CHEMBL325203,391100.0,Nc1c2c(nc3ccccc13)-c1ccccc1NCCC2
6659,CHEMBL5428335,393200.0,O/N=C/c1cc(Cl)cc(CN2CCN(c3ccc(O)cc3)CC2)c1O
4289,CHEMBL4061404,393300.0,COc1cc2c(cc1OC)CN(CC1CCN(Cc3ccc(O)c(/C=N/O)c3)CC1)CC2
5318,CHEMBL4785551,394000.0,CNC(=O)c1sc(-c2ccnc(NC(=O)C3CC3)c2)nc1OCC1CCN(Cc2cccc(Br)c2)CC1
3039,CHEMBL3233997,394000.0,COc1ccc(C(C#N)N2CCCC2)cc1O
3037,CHEMBL1190535,406000.0,COc1cc(C(C#N)N2CCN(C)CC2)cc(OC)c1OC
3044,CHEMBL1611608,409200.0,COc1cc(C(C#N)N2CCOCC2)ccc1O
1796,CHEMBL1085937,410000.0,c1ccc(-c2ccc(NCCCN3CCOCC3)nn2)cc1
3544,CHEMBL3605422,412560.0,CN(C)CCC[C@@]1(c2ccc(F)cc2)OCc2cc(-c3nnc(-c4cccc(Cl)c4)[nH]3)ccc21
1104,CHEMBL224811,413000.0,CN(CCCCCCCOc1ccc2c(=O)c3ccccc3oc2c1)Cc1ccccc1[N+](=O)[O-]
4290,CHEMBL4089550,417500.0,COc1cc2c(cc1OC)CN(CC1CCN(Cc3cc(C)cc(/C=N/O)c3O)CC1)CC2
2190,CHEMBL1761996,418000.0,[Cl-].[Cl-].c1ccc2c(c1)ccc[n+]2COC[n+]1cccc2ccccc21
1108,CHEMBL225453,433000.0,CN(CCCCCCCOc1ccc2c(=O)c3ccccc3oc2c1)Cc1ccccc1Cl
3822,CHEMBL3786323,437000.0,Cc1cccc(C2N(C)Cc3cc(O)ccc3N2C)c1
736,CHEMBL541363,439000.0,C#CCN(C)C1CCc2cccc(OC(=O)N(C)CC)c21.Cl
1791,CHEMBL1083676,440000.0,OCc1cc(-c2ccccc2)nnc1NCCN1CCOCC1
6117,CHEMBL5196199,441600.0,COc1ccc(CCc2cc(=O)c3c(o2)[C@H]2O[C@H]2[C@@H](O)[C@H]3OC)cc1O
6637,CHEMBL4749209,445900.0,Cc1cc(/C=N/O)c(O)c(CN2CCN(c3ccncc3)CC2)c1
2157,CHEMBL1669481,446000.0,[Br-].[Br-].c1ccc2c[n+](CCC[n+]3ccc4ccccc4c3)ccc2c1
3042,CHEMBL1556015,448000.0,COc1cc(C(C#N)N2CCCCC2)ccc1O
7013,CHEMBL6160191,449700.0,C[n+]1cccc(Cl)c1/C=N/O.[I-]
1230,CHEMBL401114,452000.0,CO[C@@H]1C=C[C@@]23c4cc5c(cc4CN(C[C@@H]2O)[C@H]3C1)OCO5
4763,CHEMBL4288558,456000.0,Cl.Cl.Nc1ccc(O)c(CN2CCCCC2)c1
38,CHEMBL33051,460000.0,NC(=O)c1cc[n+](COC[n+]2ccccc2/C=N/O)cc1.[Cl-].[Cl-]
3038,CHEMBL3233996,478000.0,COc1ccc(C(C#N)N2CCCCC2)cc1O
4761,CHEMBL4286677,482500.0,Cl.Cl.Nc1ccc(O)c(Cn2ccnc2)c1
5535,CHEMBL4749209,484000.0,Cc1cc(/C=N/O)c(O)c(CN2CCN(c3ccncc3)CC2)c1
588,CHEMBL102226,500000.0,CCCCCCCSC(=O)OCC[N+](C)(C)C.[Cl-]
3914,CHEMBL3828739,500000.0,Cc1c(OC(=O)N(C)C)c2c(c[n+]1C)COC(C)(C)OC2.[Br-]
571,CHEMBL102078,500000.0,CCCCSC(=O)OCC[N+](C)(C)C.[Cl-]
562,CHEMBL103959,500000.0,CCc1ccc(SC(=O)OCC[N+](C)(C)C)cc1.[Cl-]
1553,CHEMBL1088018,505000.0,[Br-].[Br-].c1cc[n+](CCCC[n+]2ccccc2)cc1
3506,CHEMBL3597067,510000.0,COC(=O)C1=C(Nc2ccccc2)C[C@@H](c2cccc([N+](=O)[O-])c2)N(c2ccccc2)[C@@H]1c1cccc([N+](=O)[O-])c1
25,CHEMBL544022,520000.0,CCN(CC)CCS/C(=N\O)C(=O)c1ccc(Cl)cc1.Cl
7012,CHEMBL6160489,521900.0,C[n+]1cccc(F)c1/C=N/O.[I-]
4297,CHEMBL4094380,524700.0,COc1cc2c(cc1OC)C(c1ccccc1)N(CC1CCN(Cc3cc(C)cc(/C=N/O)c3O)CC1)CC2
693,CHEMBL544635,525000.0,C#CCNC1CCc2cccc(OC(=O)N(C)CC)c21.Cl
4301,CHEMBL4064304,543400.0,COc1cc(/C=N/O)c(O)c(CN2CCC(CN3CCc4cc(OC)c(OC)cc4C3c3ccccc3)CC2)c1
3516,CHEMBL3597056,550000.0,CCOC(=O)C1=C(Nc2ccc(F)cc2)C[C@@H](c2ccc(Cl)cc2)N(c2ccc(F)cc2)[C@@H]1c1ccc(Cl)cc1
4275,CHEMBL4088294,559300.0,COc1cc2c(cc1OC)CN(Cc1ccc(O)c(/C=N/O)c1)CC2
5933,CHEMBL1420,560000.0,C[n+]1ccccc1C=NO
4617,CHEMBL77510,560000.0,O/N=C/c1ccccn1
1105,CHEMBL225638,565000.0,Cc1ccccc1CN(C)CCCCCCCOc1ccc2c(=O)c3ccccc3oc2c1
2137,CHEMBL238977,566000.0,NC(=O)c1cc[n+](C/C=C/C[n+]2ccc(/C=N/O)cc2)cc1.[Br-].[Br-]
4292,CHEMBL4077866,568000.0,COc1cc2c(cc1OC)CN(CC1CCN(Cc3cc(Br)cc(/C=N/O)c3O)CC1)CC2
2128,CHEMBL291233,577000.0,O/N=C/c1cc[n+](COC[n+]2ccc(/C=N/O)cc2)cc1.[Cl-].[Cl-]
2133,CHEMBL291233,577000.0,O/N=C/c1cc[n+](COC[n+]2ccc(/C=N/O)cc2)cc1.[Cl-].[Cl-]
5931,CHEMBL5088176,580000.0,OC[C@H]1O[C@@H](OCCCCc2cn(CCCCc3ccc(O)c(/C=N/O)n3)nn2)[C@H](O)[C@@H](O)[C@@H]1O
1107,CHEMBL375976,594000.0,CN(CCCCCCCOc1ccc2c(=O)c3ccccc3oc2c1)Cc1cccc(Cl)c1
2639,CHEMBL375976,594000.0,CN(CCCCCCCOc1ccc2c(=O)c3ccccc3oc2c1)Cc1cccc(Cl)c1
1522,CHEMBL592856,600000.0,COP1(=O)CCCC(CO)=C(C)O1
4282,CHEMBL4100639,625600.0,COc1cc2c(cc1OC)C(c1ccccc1)N(Cc1ccc(O)c(/C=N/O)c1)CC2
1116,CHEMBL224347,626000.0,CN(CCCCCCCCCCCOc1ccc2c(=O)c3ccccc3oc2c1)Cc1ccccc1
7018,CHEMBL748,629300.0,C[n+]1ccccc1/C=N/O.[Cl-]
1565,CHEMBL1081124,636000.0,[Br-].[Br-].c1cc[n+](Cc2ccccc2C[n+]2ccccc2)cc1
5533,CHEMBL4793290,636000.0,CS(=O)(=O)[O-].CS(=O)(=O)[O-].NC(=O)c1cc[n+](COC[n+]2ccccc2/C=N/O)cc1
4291,CHEMBL4102122,636700.0,COc1cc2c(cc1OC)CN(CC1CCN(Cc3cc(Cl)cc(/C=N/O)c3O)CC1)CC2
6636,CHEMBL32778,639300.0,O/N=C/c1cc[n+](CCC[n+]2ccc(/C=N/O)cc2)cc1
4615,CHEMBL451635,640000.0,O/N=C/c1cc[n+](COC[n+]2ccc(/C=N/O)cc2)cc1
5934,CHEMBL291233,640000.0,O/N=C/c1cc[n+](COC[n+]2ccc(/C=N/O)cc2)cc1.[Cl-].[Cl-]
6665,CHEMBL5429403,645800.0,Cc1cc(/C=N/O)c(O)c(CN2CCN(c3ccccc3)CC2)c1
2156,CHEMBL1669480,654000.0,[Br-].[Br-].c1ccc2c[n+](C[n+]3ccc4ccccc4c3)ccc2c1
4293,CHEMBL4064154,658100.0,COc1cc2c(cc1OC)CN(CC1CCN(Cc3cc(F)cc(/C=N/O)c3O)CC1)CC2
4272,CHEMBL385181,667800.0,NC(=O)c1cc[n+](COC[n+]2ccccc2/C=N/O)cc1
4300,CHEMBL4063109,684500.0,COc1cc2c(cc1OC)C(c1ccccc1)N(CC1CCN(Cc3cc(F)cc(/C=N/O)c3O)CC1)CC2
4279,CHEMBL4062826,692500.0,COc1cc2c(cc1OC)CN(Cc1cc(F)cc(/C=N/O)c1O)CC2
3513,CHEMBL3597059,710000.0,COC(=O)C1=C(Nc2ccc(Cl)cc2)C[C@@H](c2ccc(F)cc2)N(c2ccc(Cl)cc2)[C@@H]1c1ccc(F)cc1
48,CHEMBL541044,710000.0,CN(C)CCS/C(=N\O)C(=O)c1ccc(Br)cc1.Cl
2136,CHEMBL397871,711000.0,NC(=O)c1cc[n+](CCC[n+]2ccc(/C=N/O)cc2)cc1.[Br-].[Br-]
4218,CHEMBL4097266,720000.0,CSP(C)(=O)OC(C)C(C)(C)C
59,CHEMBL416644,720000.0,CC[N+](C)(CC)CCS/C(=N\O)C(=O)c1ccc(F)cc1.[Cl-]
6238,CHEMBL1193856,730000.0,C#CCN(C)C1CCc2cccc(OC(=O)N(C)C)c21
6664,CHEMBL5403619,735400.0,O/N=C/c1cc(Cl)cc(CN2CCN(c3ccccc3Cl)CC2)c1O
1793,CHEMBL1082740,740000.0,FC(F)(F)c1cc(-c2ccccc2)nnc1NCCN1CCOCC1
4295,CHEMBL4086639,740400.0,COc1cc2c(cc1OC)C(c1ccccc1)N(CC1CCN(Cc3cccc(/C=N/O)c3O)CC1)CC2
4286,CHEMBL4076907,754700.0,COc1cc2c(cc1OC)C(c1ccccc1)N(Cc1cc(F)cc(/C=N/O)c1O)CC2
3937,CHEMBL3828586,770000.0,NC(=O)c1cc[n+](CCCCC[n+]2cccc(NC(=O)/C=N\O)c2)cc1.[Br-].[Br-]
6129,CHEMBL5190179,785000.0,OCCCCCCCCc1ccc(CN2CCCCCC2)c(O)c1
5210,CHEMBL4635686,792000.0,CN(C)C(=O)Oc1cccc(C(O)CNC2CCCCC2)c1.Cl
4288,CHEMBL4062487,802400.0,COc1cc2c(cc1OC)CN(CC1CCN(Cc3cccc(/C=N/O)c3O)CC1)CC2
4768,CHEMBL4283986,805100.0,CCCCCN(C)Cc1cc(N)ccc1O.Cl.Cl
5544,CHEMBL4752528,826000.0,O/N=C/c1cc(Cl)cc(CNc2ncccc2OCc2ccccc2)c1O
4760,CHEMBL4292399,844500.0,Cl.Cl.Nc1ccc(O)c(Cn2cccn2)c1
4294,CHEMBL4085722,847900.0,COc1cc(/C=N/O)c(O)c(CN2CCC(CN3CCc4cc(OC)c(OC)cc4C3)CC2)c1
3141,CHEMBL3360487,870000.0,COc1cc2c(cc1OC)C(c1ccccc1)N(CCCCCCn1ccnc1/C=N/O)CC2
3088,CHEMBL291233,870000.0,O/N=C/c1cc[n+](COC[n+]2ccc(/C=N/O)cc2)cc1.[Cl-].[Cl-]
2129,CHEMBL1420,878000.0,C[n+]1ccccc1C=NO
2131,CHEMBL1420,878000.0,C[n+]1ccccc1C=NO
3511,CHEMBL3597061,880000.0,COC(=O)C1=C(Nc2ccccc2)C[C@@H](c2ccc(Cl)cc2)N(c2ccccc2)[C@@H]1c1ccc(Cl)cc1
3509,CHEMBL3597063,880000.0,COC(=O)C1=C(Nc2ccc(Br)cc2)C[C@@H](c2ccc(Cl)cc2)N(c2ccc(Br)cc2)[C@@H]1c1ccc(Cl)cc1
6662,CHEMBL5405601,883900.0,O/N=C/c1cc(Cl)cc(CN2CCN(c3ccccc3F)CC2)c1O
3139,CHEMBL2181432,890000.0,COc1cc2c(cc1OC)C(c1ccccc1)N(CCCCCc1ccc(O)c(/C=N/O)n1)CC2
4285,CHEMBL4091945,895800.0,COc1cc2c(cc1OC)C(c1ccccc1)N(Cc1cc(Br)cc(/C=N/O)c1O)CC2
4281,CHEMBL4073838,907800.0,COc1cc2c(cc1OC)C(c1ccccc1)N(Cc1cccc(/C=N/O)c1O)CC2
1115,CHEMBL224555,908000.0,CN(CCCCCCCCCCCCOc1ccc2c(=O)c3ccccc3oc2c1)Cc1ccccc1
3942,CHEMBL291233,910000.0,O/N=C/c1cc[n+](COC[n+]2ccc(/C=N/O)cc2)cc1.[Cl-].[Cl-]
4287,CHEMBL4084189,911300.0,COc1cc(/C=N/O)c(O)c(CN2CCc3cc(OC)c(OC)cc3C2c2ccccc2)c1
3140,CHEMBL3360486,930000.0,COc1cc2c(cc1OC)C(c1ccccc1)N(CCCCCn1ccnc1/C=N/O)CC2
3083,CHEMBL3261989,930000.0,O=C(/C=N\O)Nc1ccc[n+](CCCCCCC[n+]2cccc(NC(=O)/C=N\O)c2)c1.[Br-].[Br-]
4298,CHEMBL4066891,940800.0,COc1cc2c(cc1OC)C(c1ccccc1)N(CC1CCN(Cc3cc(Cl)cc(/C=N/O)c3O)CC1)CC2
4856,CHEMBL4444239,955300.0,COc1ccc(C2=NN(C(C)=O)C(c3ccc(-n4cncn4)cc3)C2)cc1OC
4278,CHEMBL4104406,956700.0,COc1cc2c(cc1OC)CN(Cc1cc(Br)cc(/C=N/O)c1O)CC2
4771,CHEMBL4284261,965100.0,CCN(C)Cc1cc(N)ccc1O.Cl.Cl
3495,CHEMBL3597942,970000.0,Cc1ccc(-c2csc(NC(=O)C[n+]3ccc(/C=N/O)cc3)n2)cc1.[Cl-]
4299,CHEMBL4091001,977400.0,COc1cc2c(cc1OC)C(c1ccccc1)N(CC1CCN(Cc3cc(Br)cc(/C=N/O)c3O)CC1)CC2
3494,CHEMBL3597941,990000.0,O=C(C[n+]1ccc(/C=N/O)cc1)Nc1nc(-c2ccccc2)cs1.[Cl-]
4271,CHEMBL14577,995700.0,C[n+]1ccccc1C=NO.[I-]
5532,CHEMBL748,996000.0,C[n+]1ccccc1/C=N/O.[Cl-]
1873,CHEMBL117826,1000000.0,Nc1c2ccccc2nc2c1cnc1cc(Cl)ccc12
573,CHEMBL318749,1000000.0,C[N+](C)(C)CCOC(=O)Sc1ccccc1.[Cl-]
6234,CHEMBL5219232,1000000.0,C#CCN[C@@H]1CCc2ccc(OC(=O)N(C)CC)cc21.C#CCN[C@@H]1CCc2ccc(OC(=O)N(C)CC)cc21
578,CHEMBL101482,1000000.0,CCC(C)CSC(=O)OCC[N+](C)(C)C.[Cl-]
1784,CHEMBL151417,1000000.0,c1ccc(-c2ccc(NCCN3CCOCC3)nn2)cc1
572,CHEMBL102078,1000000.0,CCCCSC(=O)OCC[N+](C)(C)C.[Cl-]
5990,CHEMBL5185580,1015000.0,CC(=O)N1N=C(c2cccc3ccccc23)CC1c1ccc(-c2ccccc2)cc1
2176,CHEMBL1200970,1020000.0,CCN(CC)C(C)CN1c2ccccc2Sc2ccccc21.Cl
2130,CHEMBL1200970,1020000.0,CCN(CC)C(C)CN1c2ccccc2Sc2ccccc21.Cl
2200,CHEMBL1200970,1020000.0,CCN(CC)C(C)CN1c2ccccc2Sc2ccccc21.Cl
5976,CHEMBL5175686,1028000.0,CC(=O)N1N=C(c2ccc(-c3ccccc3)cc2)CC1c1cccc([N+](=O)[O-])c1
2640,CHEMBL223652,1050000.0,CN(CCCCCCCOc1ccc2c(=O)c3ccccc3oc2c1)Cc1ccc(Cl)cc1
1106,CHEMBL223652,1050000.0,CN(CCCCCCCOc1ccc2c(=O)c3ccccc3oc2c1)Cc1ccc(Cl)cc1
4767,CHEMBL4282360,1053500.0,CCCCCCN(C)Cc1cc(N)ccc1O.Cl.Cl
4276,CHEMBL4060058,1058000.0,COc1cc2c(cc1OC)CN(Cc1cc(C)cc(/C=N/O)c1O)CC2
3080,CHEMBL3261986,1060000.0,O=C(/C=N\O)Nc1ccc[n+](CCCC[n+]2cccc(NC(=O)/C=N\O)c2)c1.[Br-].[Br-]
3079,CHEMBL3261985,1070000.0,O=C(/C=N\O)Nc1ccc[n+](CCC[n+]2cccc(NC(=O)/C=N\O)c2)c1.[Br-].[Br-]
4283,CHEMBL4065242,1124000.0,COc1cc2c(cc1OC)C(c1ccccc1)N(Cc1cc(C)cc(/C=N/O)c1O)CC2
5987,CHEMBL5183314,1128000.0,COc1ccc(C2=NN(C(C)=O)C(c3ccc(-c4ccccc4)cc3)C2)c(OC)c1
4770,CHEMBL4288742,1151000.0,CCCN(C)Cc1cc(N)ccc1O.Cl.Cl
3087,CHEMBL748,1190000.0,C[n+]1ccccc1/C=N/O.[Cl-]
716,CHEMBL1788297,1200000.0,C#CCN(C)[C@@H]1CCc2ccc(OC(=O)N(C)CC)cc21.Cl
4284,CHEMBL4092905,1207000.0,COc1cc2c(cc1OC)C(c1ccccc1)N(Cc1cc(Cl)cc(/C=N/O)c1O)CC2
3941,CHEMBL748,1210000.0,C[n+]1ccccc1/C=N/O.[Cl-]
5550,CHEMBL4753820,1256000.0,COc1ccc(C(CN(C)c2ccc(NCc3cc(C)cc(/C=N/O)c3O)cc2)C2(O)CCCCC2)cc1
4274,CHEMBL4068713,1265000.0,COc1cc2c(cc1OC)CN(Cc1cccc(/C=N/O)c1O)CC2
1554,CHEMBL1088019,1270000.0,[Br-].[Br-].c1cc[n+](CCCCC[n+]2ccccc2)cc1
2168,CHEMBL1669488,1310000.0,[Br-].[Br-].c1ccc2c[n+](CCOCC[n+]3ccc4ccccc4c3)ccc2c1
5974,CHEMBL5169783,1328000.0,CC(=O)N1N=C(c2ccc(-c3ccccc3)cc2)CC1c1ccccc1
3137,CHEMBL385181,1360000.0,NC(=O)c1cc[n+](COC[n+]2ccccc2/C=N/O)cc1
4280,CHEMBL4100057,1382000.0,COc1cc(/C=N/O)c(O)c(CN2CCc3cc(OC)c(OC)cc3C2)c1
5979,CHEMBL5208439,1421000.0,COc1ccc(OC)c(C2CC(c3ccc(-c4ccccc4)cc3)=NN2C(C)=O)c1
5980,CHEMBL5169502,1426000.0,COc1ccc(C2CC(c3ccc(-c4ccccc4)cc3)=NN2C(C)=O)cc1OC
3082,CHEMBL3261988,1430000.0,O=C(/C=N\O)Nc1ccc[n+](CCCCCC[n+]2cccc(NC(=O)/C=N\O)c2)c1.[Br-].[Br-]
1217,CHEMBL1203984,1480000.0,CC[N+](CC)(CC)CCOc1cc(OCC[N+](CC)(CC)CC)c(C(=O)NCCCCCC(=O)NNc2c3c(nc4ccccc24)CCCC3)cc1OCC[N+](CC)(CC)CC.Cl.[Br-].[Br-].[Br-]
4772,CHEMBL4276921,1536500.0,CN(C)Cc1cc(N)ccc1O.Cl.Cl
1567,CHEMBL1081126,1540000.0,[Br-].[Br-].c1cc[n+](Cc2ccc(C[n+]3ccccc3)cc2)cc1
5978,CHEMBL5171946,1541000.0,CC(=O)N1N=C(c2ccc(-c3ccccc3)cc2)CC1c1ccc(C(=O)O)cc1
5977,CHEMBL5182185,1556000.0,CC(=O)N1N=C(c2ccc(-c3ccccc3)cc2)CC1c1ccc([N+](=O)[O-])cc1
3938,CHEMBL3828385,1560000.0,NC(=O)c1cc[n+](CCCC[n+]2cccc(NC(=O)/C=N\O)c2)cc1.[Br-].[Br-]
4277,CHEMBL4080917,1567000.0,COc1cc2c(cc1OC)CN(Cc1cc(Cl)cc(/C=N/O)c1O)CC2
5930,CHEMBL5069796,1600000.0,OC[C@H]1O[C@@H](OCCCCc2cn(CCCc3ccc(O)c(/C=N/O)n3)nn2)[C@H](O)[C@@H](O)[C@@H]1O
941,CHEMBL189797,1610000.0,CNC(=O)Oc1cccc(CN(C)CCCCCCCOc2ccc3c(c2)OCC3=O)c1
3496,CHEMBL3597944,1660000.0,COc1ccc(-c2csc(NC(=O)C[n+]3ccc(/C=N/O)cc3)n2)cc1.[I-]
2494,CHEMBL8996,1663800.0,O=C1C[C@@H](c2ccc(O)c(O)c2)Oc2cc(O)cc(O)c21
3939,CHEMBL3828381,1670000.0,NC(=O)c1cc[n+](CCC[n+]2cccc(NC(=O)/C=N\O)c2)cc1.[Br-].[Br-]
3085,CHEMBL3261991,1670000.0,O=C(/C=N/O)Nc1ccc[n+](Cc2cccc(C[n+]3cccc(NC(=O)/C=N/O)c3)c2)c1.[Br-].[Br-]
3084,CHEMBL3261990,1700000.0,O=C(/C=N/O)Nc1ccc[n+](Cc2ccccc2C[n+]2cccc(NC(=O)/C=N/O)c2)c1.[Br-].[Br-]
5988,CHEMBL5191224,1705000.0,COc1ccc(OC)c(C2=NN(C(C)=O)C(c3ccc(-c4ccccc4)cc3)C2)c1
5993,CHEMBL659,1725000.0,COc1ccc2c3c1O[C@H]1C[C@@H](O)C=C[C@@]31CCN(C)C2
1561,CHEMBL1081448,1770000.0,[Cl-].[Cl-].c1cc[n+](COC[n+]2ccccc2)cc1
3081,CHEMBL3261987,1790000.0,O=C(/C=N\O)Nc1ccc[n+](CCCCC[n+]2cccc(NC(=O)/C=N\O)c2)c1.[Br-].[Br-]
3940,CHEMBL3827575,1870000.0,NC(=O)c1cc[n+](CC[n+]2cccc(NC(=O)/C=N\O)c2)cc1.[Br-].[Br-]
5539,CHEMBL4783438,1905000.0,Cc1cc(/C=N/O)c(O)c(CN2CCC(n3c(=O)[nH]c4cc(Cl)ccc43)CC2)c1
5986,CHEMBL5184154,1947000.0,COc1cc(C2=NN(C(C)=O)C(c3ccc(-c4ccccc4)cc3)C2)cc(OC)c1OC
2080,CHEMBL1276567,1950000.0,O=C(NP(=O)(NN1CCCCC1)NN1CCCCC1)c1ccccc1
1564,CHEMBL1076550,1990000.0,C(=C\C[n+]1ccccc1)\C[n+]1ccccc1.[Cl-].[Cl-]
1562,CHEMBL1081449,2010000.0,[Br-].[Br-].c1cc[n+](CCOCC[n+]2ccccc2)cc1
2135,CHEMBL451825,2010000.0,O/N=C/c1cc[n+](C[n+]2ccc(/C=N/O)cc2)cc1.[Br-].[Br-]
2493,CHEMBL9352,2045000.0,O=C1C[C@@H](c2ccc(O)cc2)Oc2cc(O)cc(O)c21
5261,CHEMBL4794629,2100000.0,CCCCCCCCCCCCCCCCc1c(C(=O)[O-])ccc[n+]1C
3086,CHEMBL3261992,2100000.0,O=C(/C=N/O)Nc1ccc[n+](Cc2ccc(C[n+]3cccc(NC(=O)/C=N/O)c3)cc2)c1.[Br-].[Br-]
1210,CHEMBL360055,2110000.0,CC[N+](CC)(CC)CCOc1cccc(OCC[N+](CC)(CC)CC)c1OCC[N+](CC)(CC)CC
3523,CHEMBL3597006,2150000.0,COC(=O)C1=C(Nc2ccc(Cl)cc2)C[C@@H](c2ccc(C)cc2)N(c2ccc(Cl)cc2)[C@@H]1c1ccc(C)cc1
3508,CHEMBL3597064,2160000.0,COC(=O)C1=C(Nc2ccc(Br)cc2)C[C@@H](c2ccc(OC)cc2)N(c2ccc(Br)cc2)[C@@H]1c1ccc(OC)cc1
5534,CHEMBL590824,2169000.0,CS(=O)(=O)[O-].CS(=O)(=O)[O-].O/N=C/c1cc[n+](COC[n+]2ccc(/C=N/O)cc2)cc1
4273,CHEMBL451635,2169000.0,O/N=C/c1cc[n+](COC[n+]2ccc(/C=N/O)cc2)cc1
3136,CHEMBL291233,2210000.0,O/N=C/c1cc[n+](COC[n+]2ccc(/C=N/O)cc2)cc1.[Cl-].[Cl-]
3520,CHEMBL3597009,2250000.0,CCOC(=O)C1=C(Nc2ccc(OC)cc2)C[C@@H](c2ccccc2)N(c2ccc(OC)cc2)[C@@H]1c1ccccc1
3497,CHEMBL3597946,2270000.0,CCOC(=O)Cc1csc(NC(=O)C[n+]2ccc(/C=N/O)cc2)n1.[Cl-]
1563,CHEMBL1081613,2290000.0,C(=C/C[n+]1ccccc1)\C[n+]1ccccc1.[Br-].[Br-]
3493,CHEMBL3597939,2360000.0,O=C(C[n+]1ccc(/C=N/O)cc1)Nc1nccs1.[Cl-]
1566,CHEMBL1081125,2360000.0,[Br-].[Br-].c1cc[n+](Cc2cccc(C[n+]3ccccc3)c2)cc1
1311,CHEMBL502689,2400000.0,CC(C)=CCc1cc2ccc(=O)oc2cc1O
2492,CHEMBL399121,2476100.0,COc1ccc([C@@H]2CC(=O)c3c(O)cc(O)cc3O2)cc1O
3524,CHEMBL3597005,2480000.0,COC(=O)C1=C(Nc2ccc(Br)cc2)C[C@@H](c2ccc(C)cc2)N(c2ccc(Br)cc2)[C@@H]1c1ccc(C)cc1
3498,CHEMBL3597948,2490000.0,CCOC(=O)c1csc(NC(=O)C[n+]2ccc(/C=N/O)cc2)n1.[Cl-]
5551,CHEMBL4783532,2505000.0,COc1ccc(C(CN(C)c2ccc(NCc3cc(Cl)cc(/C=N/O)c3O)cc2)C2(O)CCCCC2)cc1
3078,CHEMBL3261984,2530000.0,O=C(/C=N/O)Nc1ccc[n+](CC[n+]2cccc(NC(=O)/C=N/O)c2)c1.[Br-].[Br-]
3138,CHEMBL32778,2570000.0,O/N=C/c1cc[n+](CCC[n+]2ccc(/C=N/O)cc2)cc1
5262,CHEMBL4756653,2600000.0,CCCCCCCCCCCCCCCCc1cc[n+](C)cc1C(=O)[O-]
3512,CHEMBL3597060,2790000.0,CC(C)(C)OC(=O)C1=C(Nc2ccccc2)C[C@@H](c2ccccc2)N(c2ccccc2)[C@@H]1c1ccccc1
5263,CHEMBL4786519,2800000.0,CCCCCCCCCCCCCCCCc1ccc(C(=O)[O-])c[n+]1C
3529,CHEMBL3597000,2950000.0,CCOC(=O)C1=C(Nc2ccccc2)C[C@@H](c2ccccc2)N(c2ccccc2)[C@@H]1c1ccccc1
5542,CHEMBL4751296,3035000.0,O/N=C/c1cc(Cl)cc(CNc2ccc(-n3cccn3)cc2)c1O
5541,CHEMBL4796014,3183000.0,Cc1cc(/C=N/O)c(O)c(CNc2ccc(-n3cccn3)cc2)c1
3514,CHEMBL3597058,3200000.0,COC(=O)C1=C(Nc2ccc(F)cc2)C[C@@H](c2ccc(F)cc2)N(c2ccc(F)cc2)[C@@H]1c1ccc(F)cc1
5549,CHEMBL4752879,3255000.0,Cc1cc(/C=N/O)c(O)c(CNc2ccc(Cn3cncn3)cc2)c1
5547,CHEMBL4785155,3269000.0,Cc1cc(/C=N/O)c(O)c(CNc2ccc(N3CCOCC3)c(F)c2)c1
3505,CHEMBL3597068,3270000.0,COC(=O)C1=C(Nc2ccccc2)C[C@@H](c2ccc3c(c2)OCO3)N(c2ccccc2)[C@@H]1c1ccc2c(c1)OCO2
5540,CHEMBL4778694,4148000.0,O=c1[nH]c2cc(Cl)ccc2n1C1CCN(Cc2cc(Cl)cc(/C=N/O)c2O)CC1
5546,CHEMBL4754173,4177000.0,O=C1COCCN1c1ccc(NCc2cc(Cl)cc(/C=N/O)c2O)cc1
5538,CHEMBL4796213,4275000.0,O=S(=O)(Nc1nccs1)c1ccc(NCc2cc(Cl)cc(/C=N/O)c2O)cc1
3519,CHEMBL3597010,4600000.0,CCOC(=O)C1=C(Nc2ccc(Cl)cc2)C[C@@H](c2ccccc2)N(c2ccc(Cl)cc2)[C@@H]1c1ccccc1
3521,CHEMBL3597008,4980000.0,CCOC(=O)C1=C(Nc2ccc(OC)cc2)C[C@@H](c2ccc(C)cc2)N(c2ccc(OC)cc2)[C@@H]1c1ccc(C)cc1
5537,CHEMBL4753561,5149000.0,Cc1cc(/C=N/O)c(O)c(CNc2ccc(S(=O)(=O)Nc3nccs3)cc2)c1
3518,CHEMBL3597054,5180000.0,CCOC(=O)C1=C(Nc2ccc(C)cc2)C[C@@H](c2ccccc2)N(c2ccc(C)cc2)[C@@H]1c1ccccc1
5545,CHEMBL4764015,5305000.0,Cc1cc(/C=N/O)c(O)c(CNc2ccc(N3CCOCC3=O)cc2)c1
3510,CHEMBL3597062,5390000.0,CCOC(=O)C1=C(Nc2ccc(C)cc2)C[C@@H](c2ccc(Cl)cc2)N(c2ccc(C)cc2)[C@@H]1c1ccc(Cl)cc1
2081,CHEMBL1275924,5490000.0,O=P(O)(NN1CCCCC1)Oc1ccccc1
3526,CHEMBL3597003,5580000.0,CCOC(=O)C1=C(Nc2ccccc2)C[C@@H](c2ccc(C)cc2)N(c2ccccc2)[C@@H]1c1ccc(C)cc1
3527,CHEMBL3597002,5730000.0,COC(=O)C1=C(Nc2ccccc2)C[C@@H](c2ccc(C)cc2)N(c2ccccc2)[C@@H]1c1ccc(C)cc1
3522,CHEMBL3597007,5840000.0,COC(=O)C1=C(Nc2ccc(OC)cc2)C[C@@H](c2ccc(C)cc2)N(c2ccc(OC)cc2)[C@@H]1c1ccc(C)cc1
5548,CHEMBL4763394,5917000.0,O/N=C/c1cc(Cl)cc(CNc2ccc(N3CCOCC3)c(F)c2)c1O
5845,CHEMBL4851865,6364000.0,Cc1cccc(CN2CCC(CNC(=O)c3cncc(NC(=O)c4ccnc(NC(=O)C5CC5)c4)c3)CC2)c1
3528,CHEMBL3597001,6520000.0,COC(=O)C1=C(Nc2ccccc2)C[C@@H](c2ccccc2)N(c2ccccc2)[C@@H]1c1ccccc1
3525,CHEMBL3597004,6780000.0,COC(=O)C1=C(Nc2ccc(C)cc2)C[C@@H](c2ccc(C)cc2)N(c2ccc(C)cc2)[C@@H]1c1ccc(C)cc1
2078,CHEMBL1276594,9550000.0,O=P(NN1CCOCC1)(NN1CCOCC1)Oc1ccccc1
3517,CHEMBL3597055,15120000.0,COC(=O)C1=C(Nc2ccc(F)cc2)C[C@@H](c2ccccc2)N(c2ccc(F)cc2)[C@@H]1c1ccccc1
2079,CHEMBL1276534,18620000.0,O=C(NP(=O)(NN1CCOCC1)NN1CCOCC1)c1ccccc1
1312,CHEMBL51628,29000000.0,O=c1ccc2ccc(O)cc2o1
940,CHEMBL371798,49600000.0,CN(CCCCCCCOc1ccc2c(c1)O/C(=C\c1cccc3ccccc13)C2=O)Cc1cccc(O)c1
